{
"type": "FeatureCollection",
"name": "camps",
"crs": { "type": "name", "properties": { "name": "urn:ogc:def:crs:OGC:1.3:CRS84" } },
"features": [
{ "type": "Feature", "properties": { "camp_id": "CXB-017", "camp_name": "Camp 25", "camp_label": "C25", "camp_name_npm": "Camp 25 (Ali Khali)", "upazila": "Teknaf", "union": "Nhilla", "settlement": "Collective site with host community", "area_sqkm": 1.1295133365500001 }, "geometry": { "type": "GeometryCollection", "geometries": [ { "type": "MultiPolygon", "coordinates": [ [ [ [ 92.24567, 20.98487 ], [ 92.24603, 20.98465 ], [ 92.24611, 20.98427 ], [ 92.24611, 20.98426 ], [ 92.24614, 20.98412 ], [ 92.24614, 20.98411 ], [ 92.24615, 20.98406 ], [ 92.24617, 20.98394 ], [ 92.24618, 20.98391 ], [ 92.24621, 20.98376 ], [ 92.24622, 20.98373 ], [ 92.24624, 20.9836 ], [ 92.24625, 20.98357 ], [ 92.24627, 20.98346 ], [ 92.24627, 20.98344 ], [ 92.24628, 20.98341 ], [ 92.2463, 20.98329 ], [ 92.24631, 20.98329 ], [ 92.24632, 20.98322 ], [ 92.24633, 20.98321 ], [ 92.24634, 20.9832 ], [ 92.24648, 20.9829 ], [ 92.24665, 20.98247 ], [ 92.24667, 20.98246 ], [ 92.24674, 20.98231 ], [ 92.24675, 20.98228 ], [ 92.24689, 20.98198 ], [ 92.24702, 20.9819 ], [ 92.24708, 20.98178 ], [ 92.24717, 20.98143 ], [ 92.2473, 20.98142 ], [ 92.24732, 20.98138 ], [ 92.24735, 20.9813 ], [ 92.24734, 20.98117 ], [ 92.24733, 20.98102 ], [ 92.24744, 20.98096 ], [ 92.2475, 20.98089 ], [ 92.24764, 20.98089 ], [ 92.24769, 20.98089 ], [ 92.24782, 20.98094 ], [ 92.24803, 20.981 ], [ 92.24805, 20.98096 ], [ 92.24813, 20.9807 ], [ 92.24834, 20.98073 ], [ 92.24866, 20.98077 ], [ 92.24885, 20.98073 ], [ 92.24888, 20.98073 ], [ 92.24938, 20.98061 ], [ 92.24946, 20.98059 ], [ 92.24994, 20.98048 ], [ 92.2503, 20.98039 ], [ 92.25043, 20.98039 ], [ 92.25122, 20.98034 ], [ 92.25124, 20.98034 ], [ 92.25129, 20.98033 ], [ 92.25177, 20.98027 ], [ 92.25183, 20.98026 ], [ 92.25207, 20.98088 ], [ 92.25232, 20.98086 ], [ 92.25285, 20.98073 ], [ 92.25314, 20.98069 ], [ 92.25322, 20.98055 ], [ 92.25431, 20.97871 ], [ 92.25499, 20.97756 ], [ 92.25548, 20.97669 ], [ 92.25591, 20.97585 ], [ 92.25645, 20.9747 ], [ 92.25648, 20.97464 ], [ 92.25671, 20.97417 ], [ 92.25634, 20.97413 ], [ 92.25612, 20.97418 ], [ 92.25601, 20.97428 ], [ 92.25586, 20.9745 ], [ 92.25569, 20.97465 ], [ 92.2555, 20.97476 ], [ 92.25517, 20.97486 ], [ 92.25484, 20.97487 ], [ 92.25474, 20.97483 ], [ 92.25469, 20.97465 ], [ 92.25474, 20.97453 ], [ 92.25484, 20.97429 ], [ 92.2549, 20.97403 ], [ 92.2548, 20.97369 ], [ 92.25467, 20.97343 ], [ 92.2545, 20.97329 ], [ 92.25438, 20.97326 ], [ 92.25425, 20.97329 ], [ 92.25417, 20.97332 ], [ 92.25412, 20.97334 ], [ 92.25408, 20.9734 ], [ 92.25407, 20.9735 ], [ 92.25407, 20.97362 ], [ 92.25408, 20.97365 ], [ 92.25409, 20.97375 ], [ 92.25409, 20.97378 ], [ 92.25409, 20.97382 ], [ 92.25409, 20.97387 ], [ 92.25402, 20.97412 ], [ 92.25386, 20.97451 ], [ 92.25367, 20.97487 ], [ 92.25354, 20.97502 ], [ 92.25341, 20.97514 ], [ 92.25325, 20.97521 ], [ 92.25325, 20.97527 ], [ 92.25324, 20.97546 ], [ 92.25324, 20.97555 ], [ 92.25324, 20.97557 ], [ 92.25324, 20.97568 ], [ 92.25323, 20.97569 ], [ 92.25323, 20.97574 ], [ 92.25322, 20.97576 ], [ 92.25318, 20.97575 ], [ 92.253, 20.97574 ], [ 92.25293, 20.97573 ], [ 92.25281, 20.97572 ], [ 92.25207, 20.97564 ], [ 92.25197, 20.97563 ], [ 92.25189, 20.97563 ], [ 92.25175, 20.97562 ], [ 92.25145, 20.9756 ], [ 92.25122, 20.97559 ], [ 92.25092, 20.97559 ], [ 92.25073, 20.97559 ], [ 92.25068, 20.97559 ], [ 92.25057, 20.9756 ], [ 92.2503, 20.97562 ], [ 92.25011, 20.97563 ], [ 92.25007, 20.97564 ], [ 92.24967, 20.97568 ], [ 92.24947, 20.9757 ], [ 92.2496, 20.97591 ], [ 92.24969, 20.97605 ], [ 92.24979, 20.97621 ], [ 92.24986, 20.97633 ], [ 92.24987, 20.97633 ], [ 92.24989, 20.97637 ], [ 92.2499, 20.97638 ], [ 92.24992, 20.97642 ], [ 92.24994, 20.97644 ], [ 92.24994, 20.97645 ], [ 92.24995, 20.97646 ], [ 92.24996, 20.97648 ], [ 92.24997, 20.97649 ], [ 92.24997, 20.9765 ], [ 92.24999, 20.97652 ], [ 92.25, 20.97653 ], [ 92.25, 20.97654 ], [ 92.24996, 20.97656 ], [ 92.24995, 20.97656 ], [ 92.24993, 20.97657 ], [ 92.24988, 20.97659 ], [ 92.24986, 20.9766 ], [ 92.24985, 20.97661 ], [ 92.24984, 20.97661 ], [ 92.24983, 20.97661 ], [ 92.24981, 20.97662 ], [ 92.24977, 20.97664 ], [ 92.24974, 20.97665 ], [ 92.24967, 20.97668 ], [ 92.24965, 20.97668 ], [ 92.24961, 20.9767 ], [ 92.2496, 20.9767 ], [ 92.2496, 20.97671 ], [ 92.24959, 20.97671 ], [ 92.24957, 20.97672 ], [ 92.24952, 20.97674 ], [ 92.24945, 20.97677 ], [ 92.24943, 20.97678 ], [ 92.24934, 20.97681 ], [ 92.2493, 20.97683 ], [ 92.24928, 20.97684 ], [ 92.24927, 20.97684 ], [ 92.24926, 20.97684 ], [ 92.24925, 20.97685 ], [ 92.24917, 20.97687 ], [ 92.24915, 20.97687 ], [ 92.24914, 20.97688 ], [ 92.24913, 20.97688 ], [ 92.2491, 20.97689 ], [ 92.24909, 20.97689 ], [ 92.24904, 20.97689 ], [ 92.24903, 20.97689 ], [ 92.24898, 20.97689 ], [ 92.24897, 20.97689 ], [ 92.24884, 20.97687 ], [ 92.24882, 20.97687 ], [ 92.2488, 20.97687 ], [ 92.24872, 20.97686 ], [ 92.24869, 20.97686 ], [ 92.24856, 20.97687 ], [ 92.24854, 20.97687 ], [ 92.24853, 20.97687 ], [ 92.24851, 20.97687 ], [ 92.24849, 20.97687 ], [ 92.24846, 20.97687 ], [ 92.24844, 20.97687 ], [ 92.24831, 20.97689 ], [ 92.2482, 20.9769 ], [ 92.24812, 20.97691 ], [ 92.24809, 20.97692 ], [ 92.24799, 20.97693 ], [ 92.24798, 20.97693 ], [ 92.24797, 20.97693 ], [ 92.24796, 20.97693 ], [ 92.24794, 20.97693 ], [ 92.24793, 20.97693 ], [ 92.2478, 20.977 ], [ 92.24773, 20.97705 ], [ 92.24766, 20.97706 ], [ 92.24761, 20.97706 ], [ 92.24758, 20.97707 ], [ 92.24753, 20.97705 ], [ 92.24746, 20.97707 ], [ 92.24745, 20.97707 ], [ 92.24743, 20.97707 ], [ 92.24734, 20.97706 ], [ 92.24723, 20.97702 ], [ 92.24718, 20.97702 ], [ 92.24711, 20.97704 ], [ 92.24706, 20.97705 ], [ 92.24702, 20.97706 ], [ 92.24696, 20.97708 ], [ 92.24694, 20.97709 ], [ 92.24692, 20.97709 ], [ 92.24688, 20.9771 ], [ 92.24686, 20.97711 ], [ 92.2468, 20.97713 ], [ 92.24677, 20.97714 ], [ 92.24667, 20.97717 ], [ 92.24665, 20.97717 ], [ 92.24663, 20.97718 ], [ 92.24654, 20.9772 ], [ 92.24651, 20.97719 ], [ 92.24635, 20.9771 ], [ 92.24634, 20.97707 ], [ 92.24628, 20.97693 ], [ 92.24624, 20.97682 ], [ 92.24614, 20.97673 ], [ 92.24613, 20.97673 ], [ 92.24601, 20.97677 ], [ 92.24596, 20.97679 ], [ 92.24591, 20.97681 ], [ 92.24573, 20.97693 ], [ 92.24571, 20.97694 ], [ 92.2457, 20.97694 ], [ 92.24558, 20.97697 ], [ 92.24555, 20.97698 ], [ 92.2455, 20.97699 ], [ 92.24549, 20.97699 ], [ 92.24542, 20.97697 ], [ 92.24541, 20.97697 ], [ 92.24537, 20.97697 ], [ 92.24532, 20.97696 ], [ 92.24529, 20.97695 ], [ 92.24525, 20.97694 ], [ 92.24524, 20.97694 ], [ 92.24518, 20.97687 ], [ 92.24517, 20.97686 ], [ 92.24516, 20.97685 ], [ 92.2451, 20.97678 ], [ 92.24509, 20.97678 ], [ 92.24506, 20.97674 ], [ 92.24504, 20.97673 ], [ 92.24502, 20.97673 ], [ 92.245, 20.97672 ], [ 92.24494, 20.9767 ], [ 92.24492, 20.9767 ], [ 92.24492, 20.97669 ], [ 92.24492, 20.97667 ], [ 92.24494, 20.97662 ], [ 92.24495, 20.9766 ], [ 92.24494, 20.97659 ], [ 92.24489, 20.97658 ], [ 92.24487, 20.97658 ], [ 92.24486, 20.97658 ], [ 92.24482, 20.97657 ], [ 92.2448, 20.97656 ], [ 92.24478, 20.97656 ], [ 92.24477, 20.97656 ], [ 92.24466, 20.97654 ], [ 92.2446, 20.97655 ], [ 92.24458, 20.97655 ], [ 92.24457, 20.97655 ], [ 92.24454, 20.97655 ], [ 92.24449, 20.97655 ], [ 92.24448, 20.97655 ], [ 92.24445, 20.97653 ], [ 92.24443, 20.97653 ], [ 92.2444, 20.97652 ], [ 92.24438, 20.9765 ], [ 92.24437, 20.97649 ], [ 92.24433, 20.97646 ], [ 92.24432, 20.97646 ], [ 92.24424, 20.97638 ], [ 92.24421, 20.97636 ], [ 92.24418, 20.97633 ], [ 92.24417, 20.97632 ], [ 92.24416, 20.97631 ], [ 92.24415, 20.97629 ], [ 92.24411, 20.97626 ], [ 92.24399, 20.97614 ], [ 92.24399, 20.97613 ], [ 92.24396, 20.97607 ], [ 92.24393, 20.97601 ], [ 92.24388, 20.9759 ], [ 92.24388, 20.97589 ], [ 92.24387, 20.97588 ], [ 92.24387, 20.9758 ], [ 92.24387, 20.97564 ], [ 92.24384, 20.97557 ], [ 92.24384, 20.97556 ], [ 92.24372, 20.97561 ], [ 92.2436, 20.97571 ], [ 92.24357, 20.97573 ], [ 92.24356, 20.97574 ], [ 92.24352, 20.97577 ], [ 92.24346, 20.97578 ], [ 92.24332, 20.97581 ], [ 92.24312, 20.97577 ], [ 92.24305, 20.97567 ], [ 92.24302, 20.97562 ], [ 92.24301, 20.9756 ], [ 92.243, 20.97553 ], [ 92.243, 20.97552 ], [ 92.24266, 20.97555 ], [ 92.24252, 20.97552 ], [ 92.2424, 20.97548 ], [ 92.24224, 20.97544 ], [ 92.24207, 20.97543 ], [ 92.24202, 20.97542 ], [ 92.24198, 20.97541 ], [ 92.24195, 20.97557 ], [ 92.24191, 20.97575 ], [ 92.2419, 20.97576 ], [ 92.24188, 20.97587 ], [ 92.24184, 20.97596 ], [ 92.24182, 20.976 ], [ 92.24179, 20.97607 ], [ 92.24179, 20.97608 ], [ 92.24178, 20.9761 ], [ 92.24178, 20.97611 ], [ 92.24177, 20.9761 ], [ 92.24179, 20.97629 ], [ 92.2418, 20.97635 ], [ 92.24181, 20.97651 ], [ 92.24182, 20.97655 ], [ 92.24183, 20.97664 ], [ 92.24183, 20.97668 ], [ 92.24183, 20.9767 ], [ 92.24183, 20.97671 ], [ 92.24184, 20.97672 ], [ 92.24184, 20.97673 ], [ 92.24184, 20.97674 ], [ 92.24184, 20.97675 ], [ 92.24184, 20.97676 ], [ 92.24184, 20.97677 ], [ 92.24184, 20.9768 ], [ 92.24185, 20.97683 ], [ 92.24185, 20.97684 ], [ 92.24186, 20.97698 ], [ 92.24186, 20.97699 ], [ 92.24187, 20.97702 ], [ 92.24187, 20.97703 ], [ 92.24187, 20.97704 ], [ 92.24188, 20.97704 ], [ 92.24185, 20.97716 ], [ 92.2418, 20.97734 ], [ 92.24178, 20.9774 ], [ 92.24178, 20.97743 ], [ 92.24177, 20.97742 ], [ 92.24175, 20.97742 ], [ 92.24175, 20.97744 ], [ 92.24162, 20.97764 ], [ 92.24158, 20.9777 ], [ 92.24157, 20.9777 ], [ 92.24151, 20.97779 ], [ 92.24135, 20.97821 ], [ 92.24129, 20.97836 ], [ 92.24126, 20.97843 ], [ 92.24125, 20.97842 ], [ 92.24122, 20.97842 ], [ 92.24121, 20.97849 ], [ 92.24117, 20.97882 ], [ 92.24116, 20.9789 ], [ 92.24115, 20.97896 ], [ 92.2411, 20.97896 ], [ 92.24101, 20.97896 ], [ 92.24088, 20.97896 ], [ 92.24071, 20.97895 ], [ 92.2407, 20.97896 ], [ 92.2407, 20.97897 ], [ 92.24035, 20.97898 ], [ 92.24033, 20.97898 ], [ 92.24002, 20.97891 ], [ 92.23998, 20.9789 ], [ 92.23963, 20.97871 ], [ 92.23954, 20.97873 ], [ 92.23938, 20.97876 ], [ 92.23932, 20.97877 ], [ 92.23915, 20.97881 ], [ 92.23909, 20.97902 ], [ 92.23928, 20.97926 ], [ 92.23947, 20.97933 ], [ 92.2395, 20.97934 ], [ 92.23952, 20.97935 ], [ 92.23963, 20.97947 ], [ 92.2398, 20.97965 ], [ 92.23987, 20.97974 ], [ 92.23991, 20.9798 ], [ 92.24, 20.97991 ], [ 92.24005, 20.98013 ], [ 92.24005, 20.98015 ], [ 92.24011, 20.9802 ], [ 92.24027, 20.98033 ], [ 92.24039, 20.98063 ], [ 92.24039, 20.98075 ], [ 92.24039, 20.98087 ], [ 92.24039, 20.98091 ], [ 92.24038, 20.98095 ], [ 92.24033, 20.98132 ], [ 92.24026, 20.9818 ], [ 92.24027, 20.98182 ], [ 92.24031, 20.98204 ], [ 92.24033, 20.98211 ], [ 92.24033, 20.98212 ], [ 92.24035, 20.98212 ], [ 92.24038, 20.98212 ], [ 92.24053, 20.9822 ], [ 92.24056, 20.98222 ], [ 92.24072, 20.98231 ], [ 92.24087, 20.98239 ], [ 92.24096, 20.98244 ], [ 92.24097, 20.98245 ], [ 92.24096, 20.98247 ], [ 92.241, 20.98252 ], [ 92.24101, 20.98254 ], [ 92.24129, 20.98295 ], [ 92.2413, 20.98296 ], [ 92.2413, 20.98297 ], [ 92.24131, 20.98296 ], [ 92.24134, 20.98296 ], [ 92.24136, 20.98296 ], [ 92.24145, 20.98294 ], [ 92.24147, 20.98294 ], [ 92.24155, 20.98292 ], [ 92.24156, 20.98292 ], [ 92.24158, 20.98292 ], [ 92.2416, 20.98291 ], [ 92.24173, 20.98289 ], [ 92.24183, 20.98289 ], [ 92.24188, 20.98289 ], [ 92.24189, 20.98289 ], [ 92.24192, 20.98289 ], [ 92.24193, 20.98289 ], [ 92.24195, 20.98288 ], [ 92.24196, 20.98288 ], [ 92.24197, 20.98288 ], [ 92.24197, 20.98289 ], [ 92.24225, 20.98353 ], [ 92.24226, 20.98357 ], [ 92.24244, 20.98398 ], [ 92.24245, 20.98404 ], [ 92.24256, 20.98468 ], [ 92.24258, 20.98481 ], [ 92.24258, 20.98482 ], [ 92.24258, 20.98483 ], [ 92.24258, 20.98484 ], [ 92.24259, 20.9849 ], [ 92.2426, 20.98496 ], [ 92.2426, 20.98498 ], [ 92.24262, 20.98506 ], [ 92.24267, 20.98537 ], [ 92.24267, 20.9854 ], [ 92.24268, 20.98548 ], [ 92.24269, 20.9855 ], [ 92.24269, 20.98555 ], [ 92.2427, 20.98555 ], [ 92.24279, 20.98556 ], [ 92.24282, 20.98557 ], [ 92.24306, 20.9856 ], [ 92.24312, 20.98561 ], [ 92.24313, 20.98561 ], [ 92.24315, 20.98562 ], [ 92.24318, 20.98562 ], [ 92.24319, 20.98562 ], [ 92.24322, 20.98563 ], [ 92.24323, 20.98563 ], [ 92.24326, 20.98563 ], [ 92.24331, 20.98564 ], [ 92.24332, 20.98564 ], [ 92.24339, 20.98565 ], [ 92.2434, 20.98565 ], [ 92.24352, 20.98567 ], [ 92.24358, 20.98568 ], [ 92.24366, 20.98569 ], [ 92.2437, 20.9857 ], [ 92.24422, 20.98578 ], [ 92.24448, 20.98581 ], [ 92.24467, 20.98561 ], [ 92.24482, 20.98544 ], [ 92.24496, 20.98529 ], [ 92.24566, 20.98487 ], [ 92.24567, 20.98487 ] ] ], [ [ [ 92.24898, 20.98967 ], [ 92.24958, 20.98971 ], [ 92.24968, 20.9893 ], [ 92.24969, 20.9893 ], [ 92.25002, 20.9893 ], [ 92.25009, 20.98787 ], [ 92.2493, 20.98782 ], [ 92.24779, 20.98774 ], [ 92.24663, 20.98779 ], [ 92.2466, 20.98803 ], [ 92.2466, 20.98804 ], [ 92.24645, 20.98902 ], [ 92.24751, 20.98918 ], [ 92.24748, 20.99021 ], [ 92.24712, 20.99085 ], [ 92.24707, 20.99093 ], [ 92.24726, 20.99158 ], [ 92.2477, 20.99173 ], [ 92.24832, 20.99187 ], [ 92.24877, 20.99162 ], [ 92.24881, 20.99095 ], [ 92.24866, 20.99009 ], [ 92.24851, 20.98964 ], [ 92.24898, 20.98967 ] ] ] ] }, { "type": "LineString", "coordinates": [ [ 92.25177, 20.98027 ], [ 92.25176, 20.98025 ] ] } ] } },
{ "type": "Feature", "properties": { "camp_id": "CXB-025", "camp_name": "Camp 26", "camp_label": "C26", "camp_name_npm": "Camp 26 (Nayapara)", "upazila": "Teknaf", "union": "Nhilla", "settlement": "Collective site with host community", "area_sqkm": 1.72094211554 }, "geometry": { "type": "Polygon", "coordinates": [ [ [ 92.24488, 20.96781 ], [ 92.24489, 20.9678 ], [ 92.2449, 20.96779 ], [ 92.24492, 20.96778 ], [ 92.24494, 20.96775 ], [ 92.24496, 20.96773 ], [ 92.24497, 20.96772 ], [ 92.24498, 20.96771 ], [ 92.245, 20.9677 ], [ 92.24501, 20.96769 ], [ 92.24505, 20.96766 ], [ 92.24508, 20.96764 ], [ 92.2451, 20.96762 ], [ 92.24512, 20.96761 ], [ 92.24513, 20.96759 ], [ 92.24515, 20.96759 ], [ 92.24517, 20.96757 ], [ 92.24528, 20.96756 ], [ 92.24552, 20.96754 ], [ 92.24568, 20.96752 ], [ 92.24571, 20.9675 ], [ 92.2458, 20.96745 ], [ 92.24582, 20.9674 ], [ 92.24583, 20.96735 ], [ 92.24583, 20.96734 ], [ 92.24581, 20.96715 ], [ 92.24583, 20.96698 ], [ 92.24591, 20.96679 ], [ 92.24594, 20.96677 ], [ 92.24595, 20.96676 ], [ 92.24598, 20.96673 ], [ 92.24608, 20.96669 ], [ 92.24614, 20.96669 ], [ 92.24621, 20.96669 ], [ 92.24625, 20.9667 ], [ 92.24627, 20.96671 ], [ 92.24642, 20.96678 ], [ 92.24656, 20.96687 ], [ 92.24658, 20.96689 ], [ 92.2466, 20.96691 ], [ 92.24661, 20.96692 ], [ 92.24662, 20.96693 ], [ 92.24665, 20.96695 ], [ 92.24675, 20.96699 ], [ 92.24692, 20.96701 ], [ 92.24693, 20.96701 ], [ 92.24695, 20.96701 ], [ 92.24712, 20.96702 ], [ 92.24715, 20.96702 ], [ 92.24716, 20.96702 ], [ 92.24717, 20.96702 ], [ 92.24718, 20.96702 ], [ 92.2472, 20.96702 ], [ 92.24721, 20.96702 ], [ 92.24723, 20.96702 ], [ 92.24731, 20.96704 ], [ 92.24737, 20.96707 ], [ 92.24738, 20.96708 ], [ 92.24741, 20.96711 ], [ 92.24742, 20.96711 ], [ 92.24743, 20.96712 ], [ 92.24747, 20.96714 ], [ 92.24748, 20.96714 ], [ 92.24749, 20.96715 ], [ 92.24751, 20.96715 ], [ 92.24754, 20.96717 ], [ 92.24755, 20.96717 ], [ 92.24759, 20.96719 ], [ 92.24762, 20.9672 ], [ 92.24763, 20.9672 ], [ 92.24764, 20.9672 ], [ 92.24769, 20.9672 ], [ 92.24771, 20.9672 ], [ 92.24777, 20.9672 ], [ 92.2478, 20.96717 ], [ 92.24792, 20.96707 ], [ 92.24802, 20.967 ], [ 92.24807, 20.96697 ], [ 92.2481, 20.96694 ], [ 92.24811, 20.96693 ], [ 92.24814, 20.96691 ], [ 92.24815, 20.9669 ], [ 92.24816, 20.9669 ], [ 92.24818, 20.96688 ], [ 92.24821, 20.96685 ], [ 92.24829, 20.96682 ], [ 92.24838, 20.96684 ], [ 92.24839, 20.96684 ], [ 92.2484, 20.96684 ], [ 92.2484, 20.96686 ], [ 92.24841, 20.96687 ], [ 92.24842, 20.96688 ], [ 92.24843, 20.9669 ], [ 92.24844, 20.96691 ], [ 92.24844, 20.96692 ], [ 92.24847, 20.96698 ], [ 92.24847, 20.96699 ], [ 92.24849, 20.96702 ], [ 92.2485, 20.96704 ], [ 92.24851, 20.96704 ], [ 92.24851, 20.96705 ], [ 92.24852, 20.96706 ], [ 92.24853, 20.96707 ], [ 92.24854, 20.96708 ], [ 92.24856, 20.9671 ], [ 92.24857, 20.96711 ], [ 92.24858, 20.96712 ], [ 92.24859, 20.96713 ], [ 92.2486, 20.96713 ], [ 92.2486, 20.96714 ], [ 92.24861, 20.96714 ], [ 92.24861, 20.96715 ], [ 92.24863, 20.96716 ], [ 92.24863, 20.96717 ], [ 92.24864, 20.96718 ], [ 92.24865, 20.96718 ], [ 92.24867, 20.96718 ], [ 92.24877, 20.9672 ], [ 92.24881, 20.96721 ], [ 92.24882, 20.96721 ], [ 92.24889, 20.96723 ], [ 92.24894, 20.96723 ], [ 92.24896, 20.96724 ], [ 92.249, 20.96724 ], [ 92.24904, 20.96725 ], [ 92.24905, 20.96725 ], [ 92.24909, 20.96726 ], [ 92.24911, 20.96726 ], [ 92.24914, 20.96726 ], [ 92.24916, 20.96727 ], [ 92.24919, 20.96727 ], [ 92.24928, 20.96729 ], [ 92.24929, 20.96729 ], [ 92.24933, 20.96724 ], [ 92.24936, 20.9672 ], [ 92.25097, 20.96554 ], [ 92.25139, 20.9651 ], [ 92.25157, 20.96477 ], [ 92.25218, 20.96364 ], [ 92.25224, 20.96351 ], [ 92.2524, 20.96321 ], [ 92.25248, 20.96307 ], [ 92.25277, 20.96256 ], [ 92.25299, 20.96219 ], [ 92.25307, 20.96213 ], [ 92.25319, 20.96192 ], [ 92.25329, 20.96168 ], [ 92.25335, 20.96151 ], [ 92.2534, 20.96152 ], [ 92.25411, 20.96158 ], [ 92.25429, 20.96153 ], [ 92.25469, 20.96149 ], [ 92.25494, 20.96151 ], [ 92.25532, 20.96152 ], [ 92.25549, 20.96081 ], [ 92.25555, 20.96051 ], [ 92.25558, 20.96046 ], [ 92.25559, 20.96033 ], [ 92.25558, 20.96019 ], [ 92.25556, 20.96016 ], [ 92.25552, 20.96014 ], [ 92.25525, 20.96015 ], [ 92.25523, 20.96003 ], [ 92.25526, 20.9599 ], [ 92.25554, 20.9587 ], [ 92.25557, 20.95839 ], [ 92.25621, 20.95843 ], [ 92.25635, 20.95747 ], [ 92.2564, 20.95681 ], [ 92.25494, 20.95667 ], [ 92.25501, 20.95636 ], [ 92.25507, 20.9562 ], [ 92.25548, 20.95626 ], [ 92.25552, 20.95617 ], [ 92.25557, 20.95595 ], [ 92.25529, 20.9559 ], [ 92.2552, 20.95588 ], [ 92.25547, 20.95525 ], [ 92.25583, 20.95441 ], [ 92.25592, 20.9542 ], [ 92.25595, 20.95421 ], [ 92.25636, 20.95429 ], [ 92.2565, 20.95432 ], [ 92.25662, 20.95427 ], [ 92.25666, 20.95417 ], [ 92.25668, 20.95404 ], [ 92.25668, 20.95394 ], [ 92.25644, 20.95387 ], [ 92.25648, 20.95374 ], [ 92.25655, 20.95352 ], [ 92.25659, 20.95337 ], [ 92.25632, 20.9533 ], [ 92.25688, 20.95192 ], [ 92.25702, 20.95166 ], [ 92.25718, 20.95122 ], [ 92.25725, 20.9511 ], [ 92.25756, 20.95115 ], [ 92.25825, 20.95136 ], [ 92.25833, 20.95119 ], [ 92.25841, 20.95105 ], [ 92.25851, 20.95082 ], [ 92.2586, 20.95065 ], [ 92.25928, 20.95065 ], [ 92.25972, 20.94967 ], [ 92.25979, 20.94943 ], [ 92.25926, 20.94934 ], [ 92.25924, 20.94932 ], [ 92.25944, 20.94884 ], [ 92.25948, 20.94875 ], [ 92.25921, 20.94861 ], [ 92.25909, 20.94852 ], [ 92.25905, 20.94845 ], [ 92.25908, 20.9483 ], [ 92.25899, 20.94816 ], [ 92.25891, 20.94787 ], [ 92.25895, 20.94751 ], [ 92.25897, 20.94714 ], [ 92.25896, 20.94684 ], [ 92.25888, 20.94679 ], [ 92.25872, 20.94682 ], [ 92.25858, 20.94696 ], [ 92.25843, 20.94712 ], [ 92.25819, 20.94736 ], [ 92.25796, 20.94762 ], [ 92.25767, 20.94794 ], [ 92.25766, 20.94795 ], [ 92.25752, 20.94812 ], [ 92.25738, 20.9482 ], [ 92.25723, 20.94822 ], [ 92.25712, 20.94815 ], [ 92.2571, 20.9481 ], [ 92.25707, 20.948 ], [ 92.25711, 20.94775 ], [ 92.25718, 20.94763 ], [ 92.25725, 20.94753 ], [ 92.25745, 20.94731 ], [ 92.25757, 20.947 ], [ 92.25757, 20.94692 ], [ 92.25746, 20.94678 ], [ 92.25734, 20.94682 ], [ 92.25716, 20.94695 ], [ 92.25695, 20.94711 ], [ 92.25677, 20.94719 ], [ 92.25657, 20.9472 ], [ 92.25646, 20.94715 ], [ 92.25633, 20.9471 ], [ 92.25618, 20.94698 ], [ 92.25611, 20.94688 ], [ 92.2561, 20.94676 ], [ 92.25611, 20.94665 ], [ 92.25612, 20.94665 ], [ 92.25622, 20.94659 ], [ 92.25641, 20.94653 ], [ 92.25653, 20.94645 ], [ 92.2566, 20.94633 ], [ 92.25659, 20.94625 ], [ 92.25656, 20.9462 ], [ 92.25651, 20.94615 ], [ 92.25647, 20.94612 ], [ 92.2564, 20.94611 ], [ 92.25628, 20.9461 ], [ 92.25615, 20.94602 ], [ 92.25605, 20.94601 ], [ 92.25603, 20.94601 ], [ 92.25589, 20.94599 ], [ 92.25555, 20.94593 ], [ 92.25529, 20.94581 ], [ 92.25512, 20.9457 ], [ 92.25511, 20.94569 ], [ 92.25512, 20.94566 ], [ 92.25515, 20.94561 ], [ 92.25517, 20.94557 ], [ 92.25519, 20.94551 ], [ 92.2552, 20.94547 ], [ 92.25523, 20.9454 ], [ 92.25524, 20.94535 ], [ 92.25526, 20.94531 ], [ 92.25528, 20.94525 ], [ 92.2553, 20.9452 ], [ 92.25533, 20.94517 ], [ 92.25534, 20.94513 ], [ 92.25535, 20.94506 ], [ 92.25538, 20.94492 ], [ 92.25539, 20.94483 ], [ 92.25541, 20.94472 ], [ 92.25541, 20.94462 ], [ 92.25543, 20.94454 ], [ 92.25543, 20.94448 ], [ 92.25544, 20.94439 ], [ 92.25545, 20.94429 ], [ 92.25544, 20.9442 ], [ 92.25545, 20.9441 ], [ 92.25548, 20.9439 ], [ 92.25553, 20.94365 ], [ 92.25554, 20.9436 ], [ 92.25555, 20.94349 ], [ 92.25556, 20.94342 ], [ 92.25552, 20.94337 ], [ 92.25547, 20.94325 ], [ 92.25537, 20.94323 ], [ 92.25531, 20.9432 ], [ 92.2553, 20.94319 ], [ 92.25529, 20.94319 ], [ 92.25528, 20.94319 ], [ 92.25524, 20.94317 ], [ 92.25522, 20.94317 ], [ 92.25517, 20.94317 ], [ 92.25512, 20.94316 ], [ 92.25511, 20.94316 ], [ 92.2551, 20.94316 ], [ 92.25503, 20.94317 ], [ 92.25498, 20.94318 ], [ 92.25497, 20.94318 ], [ 92.25493, 20.94317 ], [ 92.25491, 20.94317 ], [ 92.25489, 20.94318 ], [ 92.25487, 20.9432 ], [ 92.25486, 20.9432 ], [ 92.25485, 20.94321 ], [ 92.25483, 20.94322 ], [ 92.25482, 20.94323 ], [ 92.25481, 20.94323 ], [ 92.2548, 20.94324 ], [ 92.25479, 20.94325 ], [ 92.25478, 20.94326 ], [ 92.25476, 20.94328 ], [ 92.25473, 20.9433 ], [ 92.25471, 20.94331 ], [ 92.25469, 20.94332 ], [ 92.25468, 20.94332 ], [ 92.25467, 20.94332 ], [ 92.25462, 20.94328 ], [ 92.25461, 20.94328 ], [ 92.25461, 20.94327 ], [ 92.2546, 20.94326 ], [ 92.25458, 20.94324 ], [ 92.25456, 20.94322 ], [ 92.25453, 20.94316 ], [ 92.25452, 20.94312 ], [ 92.25451, 20.9431 ], [ 92.25451, 20.94308 ], [ 92.2545, 20.94306 ], [ 92.25449, 20.94304 ], [ 92.25449, 20.94303 ], [ 92.25448, 20.94301 ], [ 92.25448, 20.94299 ], [ 92.25448, 20.94298 ], [ 92.25448, 20.94296 ], [ 92.25449, 20.94293 ], [ 92.25451, 20.9429 ], [ 92.25452, 20.94289 ], [ 92.25453, 20.94288 ], [ 92.25454, 20.94285 ], [ 92.25455, 20.94282 ], [ 92.25456, 20.94282 ], [ 92.2546, 20.9428 ], [ 92.25461, 20.94279 ], [ 92.25462, 20.94278 ], [ 92.25464, 20.94276 ], [ 92.25466, 20.94275 ], [ 92.25468, 20.94273 ], [ 92.2547, 20.9427 ], [ 92.2547, 20.94269 ], [ 92.2547, 20.94268 ], [ 92.2547, 20.94265 ], [ 92.2547, 20.94264 ], [ 92.25468, 20.9426 ], [ 92.25466, 20.94259 ], [ 92.25464, 20.94258 ], [ 92.25463, 20.94258 ], [ 92.2546, 20.94258 ], [ 92.25459, 20.94258 ], [ 92.25455, 20.94259 ], [ 92.25454, 20.94259 ], [ 92.25452, 20.9426 ], [ 92.25449, 20.94261 ], [ 92.25448, 20.94262 ], [ 92.25445, 20.94263 ], [ 92.25442, 20.94265 ], [ 92.25439, 20.94266 ], [ 92.25438, 20.94266 ], [ 92.25437, 20.94266 ], [ 92.25431, 20.94267 ], [ 92.25429, 20.94267 ], [ 92.25428, 20.94267 ], [ 92.25426, 20.94267 ], [ 92.25425, 20.94267 ], [ 92.25424, 20.94267 ], [ 92.25423, 20.94266 ], [ 92.25421, 20.94266 ], [ 92.25419, 20.94265 ], [ 92.25418, 20.94264 ], [ 92.25414, 20.94262 ], [ 92.25413, 20.94262 ], [ 92.25412, 20.94261 ], [ 92.25409, 20.9426 ], [ 92.25408, 20.94259 ], [ 92.25405, 20.94256 ], [ 92.25401, 20.94255 ], [ 92.254, 20.94255 ], [ 92.25399, 20.94254 ], [ 92.25397, 20.94254 ], [ 92.25392, 20.94255 ], [ 92.25389, 20.94256 ], [ 92.25383, 20.94257 ], [ 92.25382, 20.94258 ], [ 92.2538, 20.94258 ], [ 92.25375, 20.9426 ], [ 92.25374, 20.9426 ], [ 92.25369, 20.94261 ], [ 92.25365, 20.94261 ], [ 92.25362, 20.94261 ], [ 92.25359, 20.94261 ], [ 92.25356, 20.94261 ], [ 92.25352, 20.94261 ], [ 92.25345, 20.94261 ], [ 92.25343, 20.94261 ], [ 92.25337, 20.94261 ], [ 92.25338, 20.94274 ], [ 92.25329, 20.94279 ], [ 92.25318, 20.94289 ], [ 92.25312, 20.94296 ], [ 92.25315, 20.94304 ], [ 92.25313, 20.94315 ], [ 92.25307, 20.94326 ], [ 92.25312, 20.94331 ], [ 92.25324, 20.94331 ], [ 92.25331, 20.94333 ], [ 92.25329, 20.94345 ], [ 92.25326, 20.94357 ], [ 92.25328, 20.94362 ], [ 92.25328, 20.94374 ], [ 92.25333, 20.94375 ], [ 92.25342, 20.94371 ], [ 92.25349, 20.94364 ], [ 92.25356, 20.94364 ], [ 92.25359, 20.9437 ], [ 92.25355, 20.94378 ], [ 92.25356, 20.94386 ], [ 92.25362, 20.94386 ], [ 92.25373, 20.94384 ], [ 92.25383, 20.94385 ], [ 92.2539, 20.94389 ], [ 92.25396, 20.94402 ], [ 92.25396, 20.94408 ], [ 92.25392, 20.94409 ], [ 92.25388, 20.94417 ], [ 92.25384, 20.94419 ], [ 92.25383, 20.9442 ], [ 92.25379, 20.9442 ], [ 92.25376, 20.94417 ], [ 92.25372, 20.94417 ], [ 92.25365, 20.94423 ], [ 92.25363, 20.94437 ], [ 92.25367, 20.94447 ], [ 92.25359, 20.94462 ], [ 92.25355, 20.94474 ], [ 92.25348, 20.94483 ], [ 92.25342, 20.94487 ], [ 92.2534, 20.94491 ], [ 92.25336, 20.94495 ], [ 92.25321, 20.94501 ], [ 92.25317, 20.94503 ], [ 92.25316, 20.94512 ], [ 92.25309, 20.94509 ], [ 92.25298, 20.9451 ], [ 92.25287, 20.94509 ], [ 92.2528, 20.94511 ], [ 92.25276, 20.94518 ], [ 92.2527, 20.94519 ], [ 92.25254, 20.94522 ], [ 92.25243, 20.94527 ], [ 92.25234, 20.94536 ], [ 92.25224, 20.94549 ], [ 92.25223, 20.94561 ], [ 92.25217, 20.94571 ], [ 92.25209, 20.94583 ], [ 92.2521, 20.94592 ], [ 92.25212, 20.94598 ], [ 92.25207, 20.94602 ], [ 92.25196, 20.94605 ], [ 92.2519, 20.94618 ], [ 92.25181, 20.94627 ], [ 92.25179, 20.94631 ], [ 92.25172, 20.9464 ], [ 92.25168, 20.94644 ], [ 92.25166, 20.9465 ], [ 92.25157, 20.94656 ], [ 92.25158, 20.94663 ], [ 92.25163, 20.94669 ], [ 92.25158, 20.94676 ], [ 92.25151, 20.94674 ], [ 92.25146, 20.94671 ], [ 92.2514, 20.94671 ], [ 92.25135, 20.94676 ], [ 92.25124, 20.94674 ], [ 92.25118, 20.94671 ], [ 92.25108, 20.94668 ], [ 92.25097, 20.94671 ], [ 92.25097, 20.94684 ], [ 92.251, 20.947 ], [ 92.25101, 20.94711 ], [ 92.25101, 20.94723 ], [ 92.25101, 20.94728 ], [ 92.25119, 20.94732 ], [ 92.25123, 20.94734 ], [ 92.25121, 20.94736 ], [ 92.25115, 20.94743 ], [ 92.25108, 20.94749 ], [ 92.25106, 20.94753 ], [ 92.25101, 20.94759 ], [ 92.25095, 20.94764 ], [ 92.25098, 20.94771 ], [ 92.25101, 20.94777 ], [ 92.251, 20.94777 ], [ 92.25094, 20.94784 ], [ 92.25087, 20.94791 ], [ 92.25082, 20.94799 ], [ 92.25074, 20.94804 ], [ 92.25067, 20.94809 ], [ 92.25056, 20.94811 ], [ 92.25033, 20.94816 ], [ 92.25014, 20.94835 ], [ 92.25008, 20.94852 ], [ 92.24995, 20.94848 ], [ 92.24984, 20.94846 ], [ 92.24973, 20.94851 ], [ 92.2497, 20.94857 ], [ 92.24966, 20.94867 ], [ 92.24954, 20.94876 ], [ 92.24942, 20.94874 ], [ 92.24938, 20.94881 ], [ 92.2494, 20.94888 ], [ 92.24945, 20.949 ], [ 92.24948, 20.94912 ], [ 92.24952, 20.9492 ], [ 92.24953, 20.9493 ], [ 92.24953, 20.9494 ], [ 92.24951, 20.94948 ], [ 92.24945, 20.94957 ], [ 92.2495, 20.94963 ], [ 92.24954, 20.94973 ], [ 92.24954, 20.94985 ], [ 92.24961, 20.94987 ], [ 92.24971, 20.94989 ], [ 92.24977, 20.94996 ], [ 92.24977, 20.95004 ], [ 92.24973, 20.95016 ], [ 92.24969, 20.95025 ], [ 92.24968, 20.95025 ], [ 92.24931, 20.95019 ], [ 92.24896, 20.95025 ], [ 92.24889, 20.95062 ], [ 92.24954, 20.95097 ], [ 92.24976, 20.95123 ], [ 92.25022, 20.95115 ], [ 92.25037, 20.95128 ], [ 92.25079, 20.95151 ], [ 92.25113, 20.95162 ], [ 92.25107, 20.95186 ], [ 92.25098, 20.95192 ], [ 92.2509, 20.95207 ], [ 92.25083, 20.95224 ], [ 92.25064, 20.9523 ], [ 92.25047, 20.95226 ], [ 92.25033, 20.95228 ], [ 92.25006, 20.9524 ], [ 92.24976, 20.95262 ], [ 92.24945, 20.95287 ], [ 92.24913, 20.95292 ], [ 92.24893, 20.95331 ], [ 92.2489, 20.95327 ], [ 92.24881, 20.95328 ], [ 92.24873, 20.95328 ], [ 92.24871, 20.95315 ], [ 92.24873, 20.95303 ], [ 92.24863, 20.95297 ], [ 92.24839, 20.95294 ], [ 92.24831, 20.95288 ], [ 92.24817, 20.95292 ], [ 92.24813, 20.95314 ], [ 92.24813, 20.95339 ], [ 92.24812, 20.95349 ], [ 92.24807, 20.95365 ], [ 92.24802, 20.95377 ], [ 92.24797, 20.95389 ], [ 92.24792, 20.954 ], [ 92.248, 20.95409 ], [ 92.24816, 20.95427 ], [ 92.24821, 20.9543 ], [ 92.24827, 20.9543 ], [ 92.24831, 20.95433 ], [ 92.24835, 20.95433 ], [ 92.24838, 20.95432 ], [ 92.24855, 20.9544 ], [ 92.24866, 20.95442 ], [ 92.24866, 20.95449 ], [ 92.24867, 20.95452 ], [ 92.24871, 20.95455 ], [ 92.24878, 20.95457 ], [ 92.2489, 20.95459 ], [ 92.24901, 20.95461 ], [ 92.24906, 20.95463 ], [ 92.24909, 20.95466 ], [ 92.24911, 20.95471 ], [ 92.24914, 20.95472 ], [ 92.24936, 20.95473 ], [ 92.2494, 20.95482 ], [ 92.24944, 20.95486 ], [ 92.24947, 20.95487 ], [ 92.24972, 20.95479 ], [ 92.24973, 20.95473 ], [ 92.24975, 20.95472 ], [ 92.24981, 20.95472 ], [ 92.24985, 20.95469 ], [ 92.24985, 20.95468 ], [ 92.24986, 20.95463 ], [ 92.24985, 20.95457 ], [ 92.24981, 20.95437 ], [ 92.24981, 20.95435 ], [ 92.2498, 20.95429 ], [ 92.24982, 20.95418 ], [ 92.24983, 20.95414 ], [ 92.24984, 20.95408 ], [ 92.24966, 20.95397 ], [ 92.24963, 20.95395 ], [ 92.24958, 20.95389 ], [ 92.2495, 20.95379 ], [ 92.24952, 20.9537 ], [ 92.24953, 20.95366 ], [ 92.24956, 20.95355 ], [ 92.24968, 20.95347 ], [ 92.24996, 20.95355 ], [ 92.24999, 20.95356 ], [ 92.25005, 20.95358 ], [ 92.2508, 20.95344 ], [ 92.25075, 20.95294 ], [ 92.251, 20.95278 ], [ 92.25111, 20.95272 ], [ 92.25129, 20.9526 ], [ 92.25217, 20.95255 ], [ 92.25323, 20.95265 ], [ 92.25324, 20.95301 ], [ 92.25323, 20.95303 ], [ 92.25318, 20.95349 ], [ 92.25314, 20.95379 ], [ 92.2533, 20.95381 ], [ 92.25331, 20.95381 ], [ 92.25338, 20.95384 ], [ 92.25337, 20.95399 ], [ 92.25337, 20.95407 ], [ 92.25336, 20.95419 ], [ 92.25339, 20.95419 ], [ 92.25354, 20.9542 ], [ 92.25362, 20.95423 ], [ 92.25375, 20.95427 ], [ 92.2538, 20.9543 ], [ 92.25375, 20.95438 ], [ 92.25368, 20.9545 ], [ 92.25357, 20.95479 ], [ 92.25353, 20.95483 ], [ 92.25352, 20.95484 ], [ 92.25345, 20.95495 ], [ 92.25345, 20.95506 ], [ 92.25345, 20.95511 ], [ 92.25349, 20.95521 ], [ 92.25347, 20.95535 ], [ 92.25346, 20.95536 ], [ 92.25339, 20.95538 ], [ 92.25336, 20.9554 ], [ 92.2533, 20.9554 ], [ 92.25329, 20.95541 ], [ 92.25324, 20.95543 ], [ 92.25322, 20.95544 ], [ 92.25321, 20.95544 ], [ 92.25315, 20.95544 ], [ 92.25311, 20.95544 ], [ 92.25305, 20.95541 ], [ 92.25296, 20.95548 ], [ 92.25287, 20.95551 ], [ 92.2528, 20.95551 ], [ 92.25268, 20.95557 ], [ 92.25264, 20.9556 ], [ 92.25258, 20.95565 ], [ 92.25261, 20.95578 ], [ 92.25265, 20.95584 ], [ 92.25268, 20.95587 ], [ 92.25285, 20.95598 ], [ 92.25275, 20.95626 ], [ 92.25264, 20.95622 ], [ 92.25251, 20.95643 ], [ 92.25243, 20.95646 ], [ 92.25239, 20.95654 ], [ 92.25228, 20.95692 ], [ 92.25223, 20.95703 ], [ 92.25217, 20.95711 ], [ 92.25213, 20.95717 ], [ 92.25211, 20.95725 ], [ 92.25209, 20.9573 ], [ 92.25207, 20.95741 ], [ 92.25207, 20.95742 ], [ 92.25203, 20.9575 ], [ 92.25199, 20.95754 ], [ 92.2519, 20.95763 ], [ 92.25188, 20.95769 ], [ 92.25181, 20.95764 ], [ 92.25169, 20.95752 ], [ 92.25155, 20.95749 ], [ 92.25136, 20.95742 ], [ 92.2512, 20.95749 ], [ 92.25094, 20.95755 ], [ 92.25086, 20.95754 ], [ 92.2507, 20.95755 ], [ 92.25055, 20.95762 ], [ 92.25053, 20.95781 ], [ 92.25053, 20.95797 ], [ 92.25053, 20.9581 ], [ 92.25062, 20.95826 ], [ 92.25071, 20.95828 ], [ 92.25074, 20.95844 ], [ 92.25078, 20.95853 ], [ 92.25086, 20.9586 ], [ 92.25102, 20.95877 ], [ 92.25107, 20.95884 ], [ 92.25103, 20.9589 ], [ 92.25082, 20.95899 ], [ 92.25074, 20.95904 ], [ 92.25056, 20.9591 ], [ 92.25027, 20.95912 ], [ 92.24998, 20.95907 ], [ 92.24995, 20.9591 ], [ 92.24995, 20.95918 ], [ 92.24992, 20.95928 ], [ 92.2499, 20.95931 ], [ 92.24989, 20.95932 ], [ 92.24973, 20.95932 ], [ 92.24966, 20.95934 ], [ 92.24962, 20.95935 ], [ 92.24946, 20.95931 ], [ 92.24939, 20.95932 ], [ 92.24935, 20.9594 ], [ 92.24931, 20.95946 ], [ 92.24925, 20.95959 ], [ 92.24921, 20.95958 ], [ 92.24919, 20.95963 ], [ 92.24918, 20.95966 ], [ 92.24917, 20.95969 ], [ 92.24916, 20.95972 ], [ 92.24915, 20.95975 ], [ 92.24914, 20.95982 ], [ 92.24899, 20.96016 ], [ 92.24889, 20.96027 ], [ 92.24885, 20.96029 ], [ 92.24858, 20.96022 ], [ 92.24856, 20.96024 ], [ 92.24831, 20.96079 ], [ 92.24826, 20.96083 ], [ 92.24813, 20.96089 ], [ 92.24788, 20.9609 ], [ 92.24754, 20.96085 ], [ 92.24738, 20.96085 ], [ 92.24737, 20.96074 ], [ 92.24736, 20.96069 ], [ 92.24726, 20.96064 ], [ 92.24712, 20.96045 ], [ 92.24695, 20.96016 ], [ 92.24694, 20.96008 ], [ 92.24689, 20.95966 ], [ 92.2469, 20.95953 ], [ 92.24693, 20.9591 ], [ 92.24705, 20.95899 ], [ 92.2471, 20.95861 ], [ 92.24719, 20.95862 ], [ 92.24732, 20.95866 ], [ 92.2474, 20.95851 ], [ 92.24743, 20.95847 ], [ 92.24746, 20.95834 ], [ 92.24762, 20.95814 ], [ 92.24789, 20.95806 ], [ 92.24818, 20.95793 ], [ 92.24828, 20.95775 ], [ 92.24821, 20.9577 ], [ 92.24812, 20.95764 ], [ 92.24806, 20.9576 ], [ 92.24788, 20.95747 ], [ 92.24777, 20.95747 ], [ 92.24771, 20.95746 ], [ 92.24765, 20.95735 ], [ 92.2475, 20.95724 ], [ 92.24739, 20.95705 ], [ 92.24735, 20.95713 ], [ 92.2473, 20.95725 ], [ 92.24721, 20.95734 ], [ 92.24719, 20.95741 ], [ 92.24716, 20.95757 ], [ 92.24716, 20.95765 ], [ 92.24715, 20.9577 ], [ 92.24709, 20.95781 ], [ 92.24692, 20.95782 ], [ 92.24683, 20.95789 ], [ 92.24672, 20.95799 ], [ 92.24663, 20.95808 ], [ 92.2465, 20.95816 ], [ 92.24634, 20.95823 ], [ 92.24622, 20.95826 ], [ 92.24619, 20.95845 ], [ 92.24614, 20.95868 ], [ 92.24609, 20.95876 ], [ 92.24608, 20.95889 ], [ 92.24608, 20.95898 ], [ 92.24606, 20.95918 ], [ 92.24606, 20.9593 ], [ 92.24599, 20.95941 ], [ 92.24586, 20.95945 ], [ 92.24582, 20.95947 ], [ 92.24566, 20.95953 ], [ 92.24556, 20.95963 ], [ 92.24552, 20.95976 ], [ 92.24542, 20.95987 ], [ 92.24531, 20.96 ], [ 92.24509, 20.96014 ], [ 92.24492, 20.96028 ], [ 92.24484, 20.96042 ], [ 92.24483, 20.96061 ], [ 92.24494, 20.96072 ], [ 92.2451, 20.96082 ], [ 92.24522, 20.96089 ], [ 92.24562, 20.96108 ], [ 92.24587, 20.96122 ], [ 92.24601, 20.96111 ], [ 92.2466, 20.96114 ], [ 92.24688, 20.96125 ], [ 92.24694, 20.96127 ], [ 92.24697, 20.96129 ], [ 92.24717, 20.96135 ], [ 92.24755, 20.96156 ], [ 92.24761, 20.9618 ], [ 92.2477, 20.962 ], [ 92.2477, 20.96201 ], [ 92.2477, 20.96202 ], [ 92.24758, 20.96202 ], [ 92.24756, 20.96202 ], [ 92.24748, 20.96203 ], [ 92.24741, 20.96204 ], [ 92.24737, 20.96206 ], [ 92.24732, 20.96212 ], [ 92.24725, 20.96212 ], [ 92.24719, 20.96212 ], [ 92.24718, 20.96221 ], [ 92.24718, 20.96232 ], [ 92.24719, 20.96241 ], [ 92.24715, 20.9625 ], [ 92.24712, 20.9626 ], [ 92.24708, 20.96273 ], [ 92.24707, 20.96277 ], [ 92.24702, 20.96279 ], [ 92.247, 20.96283 ], [ 92.24696, 20.96289 ], [ 92.24692, 20.96292 ], [ 92.24688, 20.96292 ], [ 92.24686, 20.96295 ], [ 92.24684, 20.96302 ], [ 92.24682, 20.96306 ], [ 92.24679, 20.96313 ], [ 92.24674, 20.96318 ], [ 92.24678, 20.96321 ], [ 92.24677, 20.96327 ], [ 92.24674, 20.96331 ], [ 92.24671, 20.9634 ], [ 92.24672, 20.96348 ], [ 92.24669, 20.96354 ], [ 92.24666, 20.96359 ], [ 92.24665, 20.96366 ], [ 92.24664, 20.9637 ], [ 92.24664, 20.9638 ], [ 92.24664, 20.96384 ], [ 92.24667, 20.96384 ], [ 92.24668, 20.96385 ], [ 92.24672, 20.96385 ], [ 92.24681, 20.96388 ], [ 92.24686, 20.96394 ], [ 92.24686, 20.96399 ], [ 92.24687, 20.96402 ], [ 92.24691, 20.96403 ], [ 92.24694, 20.96404 ], [ 92.24697, 20.96405 ], [ 92.24705, 20.9641 ], [ 92.24708, 20.96415 ], [ 92.24709, 20.96418 ], [ 92.24708, 20.96426 ], [ 92.24707, 20.96433 ], [ 92.24706, 20.96445 ], [ 92.24707, 20.96452 ], [ 92.24706, 20.96462 ], [ 92.24706, 20.96463 ], [ 92.24704, 20.96469 ], [ 92.24696, 20.96473 ], [ 92.24691, 20.96482 ], [ 92.24683, 20.96482 ], [ 92.24679, 20.96477 ], [ 92.24678, 20.96474 ], [ 92.24677, 20.96466 ], [ 92.24676, 20.96463 ], [ 92.24672, 20.96453 ], [ 92.24668, 20.96441 ], [ 92.24666, 20.96433 ], [ 92.24663, 20.96429 ], [ 92.24655, 20.96429 ], [ 92.24645, 20.96427 ], [ 92.24636, 20.96424 ], [ 92.24631, 20.9642 ], [ 92.24626, 20.96414 ], [ 92.24623, 20.96407 ], [ 92.24613, 20.96404 ], [ 92.24607, 20.96404 ], [ 92.24607, 20.96401 ], [ 92.24607, 20.96395 ], [ 92.24608, 20.96383 ], [ 92.24608, 20.96372 ], [ 92.24608, 20.96358 ], [ 92.24608, 20.96346 ], [ 92.24611, 20.96336 ], [ 92.24606, 20.96326 ], [ 92.24604, 20.96322 ], [ 92.24608, 20.96317 ], [ 92.24605, 20.96315 ], [ 92.24581, 20.96307 ], [ 92.24581, 20.96298 ], [ 92.24581, 20.96289 ], [ 92.24582, 20.9628 ], [ 92.24575, 20.96275 ], [ 92.24558, 20.9626 ], [ 92.2455, 20.96259 ], [ 92.24545, 20.96259 ], [ 92.24548, 20.96248 ], [ 92.24556, 20.96235 ], [ 92.24562, 20.96224 ], [ 92.24562, 20.96211 ], [ 92.24555, 20.96209 ], [ 92.24536, 20.96201 ], [ 92.24522, 20.96188 ], [ 92.24506, 20.96185 ], [ 92.24486, 20.96189 ], [ 92.24472, 20.9619 ], [ 92.24464, 20.96222 ], [ 92.24465, 20.96235 ], [ 92.24464, 20.9625 ], [ 92.24459, 20.96262 ], [ 92.24447, 20.9628 ], [ 92.24439, 20.96292 ], [ 92.24433, 20.96296 ], [ 92.24422, 20.96336 ], [ 92.24398, 20.96393 ], [ 92.24372, 20.96431 ], [ 92.24353, 20.96474 ], [ 92.24329, 20.96507 ], [ 92.24311, 20.96544 ], [ 92.2431, 20.96544 ], [ 92.24304, 20.96552 ], [ 92.24303, 20.96553 ], [ 92.24292, 20.96566 ], [ 92.24289, 20.96573 ], [ 92.24288, 20.96576 ], [ 92.24281, 20.96594 ], [ 92.24274, 20.96617 ], [ 92.24273, 20.96622 ], [ 92.2427, 20.96643 ], [ 92.2427, 20.96644 ], [ 92.24265, 20.96655 ], [ 92.24263, 20.96661 ], [ 92.24265, 20.96669 ], [ 92.24271, 20.96677 ], [ 92.24278, 20.96684 ], [ 92.2428, 20.96694 ], [ 92.24282, 20.96699 ], [ 92.2429, 20.96708 ], [ 92.24292, 20.96709 ], [ 92.24296, 20.96715 ], [ 92.24297, 20.96716 ], [ 92.24296, 20.96722 ], [ 92.24292, 20.9673 ], [ 92.24289, 20.96741 ], [ 92.2429, 20.9675 ], [ 92.24293, 20.96756 ], [ 92.24297, 20.96757 ], [ 92.24305, 20.9676 ], [ 92.24323, 20.96763 ], [ 92.24333, 20.96764 ], [ 92.24341, 20.96765 ], [ 92.24349, 20.96767 ], [ 92.24355, 20.9677 ], [ 92.24358, 20.96775 ], [ 92.2436, 20.96779 ], [ 92.2436, 20.96791 ], [ 92.24359, 20.96802 ], [ 92.24358, 20.96803 ], [ 92.24358, 20.96805 ], [ 92.24358, 20.96806 ], [ 92.24359, 20.96807 ], [ 92.24359, 20.96811 ], [ 92.24359, 20.96814 ], [ 92.24359, 20.96815 ], [ 92.24359, 20.96816 ], [ 92.24359, 20.96817 ], [ 92.2436, 20.9682 ], [ 92.2436, 20.96821 ], [ 92.2436, 20.96822 ], [ 92.24361, 20.96828 ], [ 92.24361, 20.96829 ], [ 92.24363, 20.9683 ], [ 92.24364, 20.96831 ], [ 92.24365, 20.96832 ], [ 92.24368, 20.96834 ], [ 92.2437, 20.96835 ], [ 92.24372, 20.96837 ], [ 92.24373, 20.96837 ], [ 92.24374, 20.96837 ], [ 92.24376, 20.96837 ], [ 92.24377, 20.96837 ], [ 92.24383, 20.96837 ], [ 92.24387, 20.96837 ], [ 92.24388, 20.96837 ], [ 92.24391, 20.96837 ], [ 92.24392, 20.96837 ], [ 92.24394, 20.96837 ], [ 92.244, 20.96837 ], [ 92.24406, 20.96837 ], [ 92.24407, 20.96837 ], [ 92.24408, 20.96836 ], [ 92.24408, 20.96834 ], [ 92.2441, 20.96832 ], [ 92.2441, 20.96831 ], [ 92.24412, 20.96828 ], [ 92.24413, 20.96826 ], [ 92.24413, 20.96825 ], [ 92.24414, 20.96824 ], [ 92.24414, 20.96823 ], [ 92.24415, 20.96823 ], [ 92.24415, 20.96822 ], [ 92.24416, 20.96821 ], [ 92.24416, 20.9682 ], [ 92.24417, 20.96819 ], [ 92.24419, 20.96814 ], [ 92.2442, 20.96814 ], [ 92.24421, 20.96812 ], [ 92.24422, 20.9681 ], [ 92.24423, 20.96808 ], [ 92.24426, 20.96805 ], [ 92.24427, 20.96804 ], [ 92.24428, 20.96803 ], [ 92.2443, 20.96801 ], [ 92.24431, 20.96799 ], [ 92.24432, 20.96798 ], [ 92.24433, 20.96797 ], [ 92.24434, 20.96796 ], [ 92.24438, 20.96794 ], [ 92.24439, 20.96793 ], [ 92.24442, 20.96791 ], [ 92.24443, 20.9679 ], [ 92.24444, 20.9679 ], [ 92.24447, 20.96788 ], [ 92.24448, 20.96788 ], [ 92.24454, 20.96787 ], [ 92.24457, 20.96786 ], [ 92.2446, 20.96786 ], [ 92.24464, 20.96786 ], [ 92.24467, 20.96785 ], [ 92.24468, 20.96785 ], [ 92.24469, 20.96785 ], [ 92.24471, 20.96785 ], [ 92.24473, 20.96785 ], [ 92.24477, 20.96784 ], [ 92.24479, 20.96784 ], [ 92.24481, 20.96784 ], [ 92.24484, 20.96783 ], [ 92.24485, 20.96782 ], [ 92.24486, 20.96782 ], [ 92.24488, 20.96781 ] ] ] } },
{ "type": "Feature", "properties": { "camp_id": "CXB-037", "camp_name": "Camp 27", "camp_label": "C27", "camp_name_npm": "Camp 27 (Jadimura)", "upazila": "Teknaf", "union": "Nhilla", "settlement": "Collective site with host community", "area_sqkm": 1.33431905883 }, "geometry": { "type": "GeometryCollection", "geometries": [ { "type": "Polygon", "coordinates": [ [ [ 92.26057, 20.94806 ], [ 92.26068, 20.9479 ], [ 92.26081, 20.9477 ], [ 92.261, 20.94742 ], [ 92.26111, 20.94745 ], [ 92.26118, 20.94718 ], [ 92.26125, 20.94686 ], [ 92.26129, 20.94678 ], [ 92.26138, 20.94675 ], [ 92.2615, 20.94665 ], [ 92.26153, 20.94648 ], [ 92.26153, 20.94629 ], [ 92.26153, 20.94606 ], [ 92.26165, 20.94577 ], [ 92.26165, 20.9455 ], [ 92.26167, 20.94545 ], [ 92.26169, 20.94537 ], [ 92.26153, 20.9453 ], [ 92.26134, 20.94526 ], [ 92.26121, 20.94524 ], [ 92.26118, 20.94523 ], [ 92.26086, 20.94477 ], [ 92.26086, 20.94466 ], [ 92.26085, 20.94446 ], [ 92.26085, 20.94442 ], [ 92.26094, 20.94444 ], [ 92.26117, 20.94443 ], [ 92.26127, 20.94439 ], [ 92.26131, 20.94427 ], [ 92.26135, 20.94399 ], [ 92.26136, 20.94374 ], [ 92.26137, 20.9435 ], [ 92.26143, 20.94328 ], [ 92.26143, 20.94311 ], [ 92.26112, 20.94309 ], [ 92.26116, 20.94283 ], [ 92.26116, 20.94282 ], [ 92.26119, 20.9426 ], [ 92.26121, 20.94255 ], [ 92.26137, 20.94172 ], [ 92.26137, 20.9417 ], [ 92.26138, 20.94165 ], [ 92.26158, 20.94061 ], [ 92.26124, 20.94052 ], [ 92.26143, 20.93992 ], [ 92.26117, 20.93985 ], [ 92.26139, 20.93938 ], [ 92.26195, 20.93829 ], [ 92.26252, 20.93722 ], [ 92.26257, 20.93711 ], [ 92.26261, 20.93703 ], [ 92.2629, 20.93627 ], [ 92.26317, 20.93504 ], [ 92.26319, 20.93504 ], [ 92.26328, 20.93479 ], [ 92.26354, 20.93316 ], [ 92.26369, 20.93277 ], [ 92.2638, 20.93284 ], [ 92.26417, 20.93295 ], [ 92.26414, 20.9331 ], [ 92.26416, 20.93313 ], [ 92.26437, 20.93319 ], [ 92.26439, 20.93311 ], [ 92.26442, 20.93295 ], [ 92.26454, 20.93253 ], [ 92.26458, 20.93231 ], [ 92.26469, 20.93231 ], [ 92.26475, 20.93213 ], [ 92.26467, 20.93211 ], [ 92.2647, 20.93195 ], [ 92.2647, 20.93188 ], [ 92.26471, 20.93165 ], [ 92.26476, 20.93141 ], [ 92.26481, 20.93124 ], [ 92.26492, 20.93072 ], [ 92.26501, 20.93031 ], [ 92.26507, 20.93008 ], [ 92.26518, 20.92966 ], [ 92.26555, 20.92967 ], [ 92.26557, 20.92882 ], [ 92.26604, 20.92766 ], [ 92.26608, 20.92727 ], [ 92.26625, 20.9268 ], [ 92.26645, 20.92634 ], [ 92.26646, 20.92596 ], [ 92.26659, 20.92581 ], [ 92.26672, 20.92556 ], [ 92.26676, 20.92525 ], [ 92.2668, 20.92495 ], [ 92.26694, 20.9245 ], [ 92.26695, 20.92434 ], [ 92.26677, 20.92401 ], [ 92.26646, 20.92399 ], [ 92.26667, 20.92335 ], [ 92.26686, 20.92291 ], [ 92.26708, 20.92281 ], [ 92.26747, 20.92221 ], [ 92.26763, 20.92191 ], [ 92.26816, 20.92092 ], [ 92.26846, 20.92042 ], [ 92.26863, 20.92019 ], [ 92.26845, 20.91978 ], [ 92.2686, 20.9194 ], [ 92.26844, 20.91907 ], [ 92.26792, 20.9187 ], [ 92.26718, 20.91856 ], [ 92.26578, 20.92055 ], [ 92.26566, 20.921 ], [ 92.26543, 20.92181 ], [ 92.26482, 20.92334 ], [ 92.26451, 20.92351 ], [ 92.26447, 20.92353 ], [ 92.2642, 20.92368 ], [ 92.26348, 20.92418 ], [ 92.26251, 20.92553 ], [ 92.26255, 20.9258 ], [ 92.26256, 20.92592 ], [ 92.26255, 20.92602 ], [ 92.26254, 20.92625 ], [ 92.26233, 20.92659 ], [ 92.26232, 20.92666 ], [ 92.26226, 20.92731 ], [ 92.26213, 20.92757 ], [ 92.26192, 20.92791 ], [ 92.26191, 20.92801 ], [ 92.2619, 20.92835 ], [ 92.26187, 20.92891 ], [ 92.26208, 20.9288 ], [ 92.2624, 20.92867 ], [ 92.26275, 20.92867 ], [ 92.26291, 20.92882 ], [ 92.26326, 20.92903 ], [ 92.2634, 20.92916 ], [ 92.26357, 20.9293 ], [ 92.26351, 20.92955 ], [ 92.26347, 20.92973 ], [ 92.26348, 20.93004 ], [ 92.2634, 20.93058 ], [ 92.26338, 20.93064 ], [ 92.26316, 20.93114 ], [ 92.2624, 20.93099 ], [ 92.26195, 20.93097 ], [ 92.26192, 20.93123 ], [ 92.26185, 20.93123 ], [ 92.26184, 20.93143 ], [ 92.26184, 20.93175 ], [ 92.26178, 20.93217 ], [ 92.26176, 20.93253 ], [ 92.26174, 20.93267 ], [ 92.26159, 20.93351 ], [ 92.26151, 20.93403 ], [ 92.26138, 20.93381 ], [ 92.26095, 20.93373 ], [ 92.2607, 20.93376 ], [ 92.26047, 20.93375 ], [ 92.2603, 20.93396 ], [ 92.26019, 20.93409 ], [ 92.26008, 20.93452 ], [ 92.26, 20.93507 ], [ 92.26003, 20.93544 ], [ 92.26001, 20.93591 ], [ 92.2601, 20.93624 ], [ 92.25994, 20.93642 ], [ 92.25984, 20.93654 ], [ 92.2597, 20.93668 ], [ 92.2596, 20.93694 ], [ 92.25943, 20.93699 ], [ 92.25929, 20.93731 ], [ 92.25816, 20.93735 ], [ 92.25805, 20.93733 ], [ 92.25792, 20.93734 ], [ 92.25782, 20.93743 ], [ 92.25765, 20.93765 ], [ 92.25761, 20.93788 ], [ 92.25759, 20.93812 ], [ 92.25749, 20.93822 ], [ 92.25732, 20.93821 ], [ 92.25727, 20.93811 ], [ 92.25718, 20.93787 ], [ 92.25696, 20.93797 ], [ 92.25676, 20.938 ], [ 92.25665, 20.93811 ], [ 92.25649, 20.93826 ], [ 92.25634, 20.93835 ], [ 92.25621, 20.93851 ], [ 92.25606, 20.93858 ], [ 92.25593, 20.93858 ], [ 92.25569, 20.93856 ], [ 92.25558, 20.93858 ], [ 92.25548, 20.93868 ], [ 92.25543, 20.93877 ], [ 92.25541, 20.93892 ], [ 92.25541, 20.93905 ], [ 92.25541, 20.93909 ], [ 92.25541, 20.93918 ], [ 92.25541, 20.93929 ], [ 92.25535, 20.93938 ], [ 92.25522, 20.93962 ], [ 92.25521, 20.9397 ], [ 92.25522, 20.93982 ], [ 92.25529, 20.93992 ], [ 92.25542, 20.94008 ], [ 92.2556, 20.94027 ], [ 92.2558, 20.94044 ], [ 92.25589, 20.94056 ], [ 92.25591, 20.94074 ], [ 92.25598, 20.94083 ], [ 92.25589, 20.9409 ], [ 92.25581, 20.94096 ], [ 92.25566, 20.94104 ], [ 92.2555, 20.94101 ], [ 92.25524, 20.94092 ], [ 92.25515, 20.94091 ], [ 92.25504, 20.94098 ], [ 92.25497, 20.94108 ], [ 92.25491, 20.94117 ], [ 92.25485, 20.94121 ], [ 92.25477, 20.94123 ], [ 92.25474, 20.9413 ], [ 92.25467, 20.94132 ], [ 92.2546, 20.94135 ], [ 92.25458, 20.9414 ], [ 92.25451, 20.94142 ], [ 92.25441, 20.94143 ], [ 92.25431, 20.94143 ], [ 92.25424, 20.94142 ], [ 92.25415, 20.94143 ], [ 92.25408, 20.94147 ], [ 92.25403, 20.94147 ], [ 92.25396, 20.94149 ], [ 92.2539, 20.94153 ], [ 92.25384, 20.94154 ], [ 92.25378, 20.94152 ], [ 92.25376, 20.94147 ], [ 92.25374, 20.94141 ], [ 92.25368, 20.94136 ], [ 92.25359, 20.94137 ], [ 92.25351, 20.94141 ], [ 92.25344, 20.94142 ], [ 92.25342, 20.94148 ], [ 92.25338, 20.94152 ], [ 92.25329, 20.94151 ], [ 92.25322, 20.94148 ], [ 92.25314, 20.94146 ], [ 92.25307, 20.94144 ], [ 92.253, 20.94143 ], [ 92.25292, 20.94147 ], [ 92.25285, 20.94147 ], [ 92.25279, 20.94139 ], [ 92.25271, 20.94137 ], [ 92.25265, 20.94135 ], [ 92.25261, 20.94129 ], [ 92.25257, 20.94125 ], [ 92.25248, 20.94121 ], [ 92.2524, 20.9412 ], [ 92.2523, 20.94121 ], [ 92.25223, 20.94125 ], [ 92.25222, 20.94133 ], [ 92.25215, 20.94132 ], [ 92.25206, 20.94129 ], [ 92.25193, 20.94124 ], [ 92.25178, 20.94119 ], [ 92.2517, 20.94119 ], [ 92.25162, 20.94129 ], [ 92.25156, 20.94136 ], [ 92.25149, 20.94144 ], [ 92.25146, 20.94154 ], [ 92.25147, 20.9417 ], [ 92.25149, 20.9418 ], [ 92.25154, 20.94197 ], [ 92.2516, 20.94206 ], [ 92.25167, 20.94212 ], [ 92.25171, 20.94217 ], [ 92.25183, 20.94228 ], [ 92.25196, 20.94239 ], [ 92.2521, 20.94244 ], [ 92.25229, 20.94254 ], [ 92.25244, 20.94259 ], [ 92.25253, 20.94264 ], [ 92.2526, 20.94264 ], [ 92.25273, 20.94264 ], [ 92.25285, 20.94263 ], [ 92.25301, 20.94262 ], [ 92.25315, 20.94262 ], [ 92.25324, 20.94261 ], [ 92.25325, 20.94261 ], [ 92.25331, 20.94261 ], [ 92.25337, 20.94261 ], [ 92.25343, 20.94261 ], [ 92.25345, 20.94261 ], [ 92.25352, 20.94261 ], [ 92.25356, 20.94261 ], [ 92.25359, 20.94261 ], [ 92.25362, 20.94261 ], [ 92.25365, 20.94261 ], [ 92.25369, 20.94261 ], [ 92.25374, 20.9426 ], [ 92.25375, 20.9426 ], [ 92.2538, 20.94258 ], [ 92.25382, 20.94258 ], [ 92.25383, 20.94257 ], [ 92.25389, 20.94256 ], [ 92.25392, 20.94255 ], [ 92.25397, 20.94254 ], [ 92.25399, 20.94254 ], [ 92.254, 20.94255 ], [ 92.25401, 20.94255 ], [ 92.25405, 20.94256 ], [ 92.25408, 20.94259 ], [ 92.25409, 20.9426 ], [ 92.25412, 20.94261 ], [ 92.25413, 20.94262 ], [ 92.25414, 20.94262 ], [ 92.25418, 20.94264 ], [ 92.25419, 20.94265 ], [ 92.25421, 20.94266 ], [ 92.25423, 20.94266 ], [ 92.25424, 20.94267 ], [ 92.25425, 20.94267 ], [ 92.25426, 20.94267 ], [ 92.25428, 20.94267 ], [ 92.25429, 20.94267 ], [ 92.25431, 20.94267 ], [ 92.25437, 20.94266 ], [ 92.25438, 20.94266 ], [ 92.25439, 20.94266 ], [ 92.25442, 20.94265 ], [ 92.25445, 20.94263 ], [ 92.25448, 20.94262 ], [ 92.25449, 20.94261 ], [ 92.25452, 20.9426 ], [ 92.25454, 20.94259 ], [ 92.25455, 20.94259 ], [ 92.25459, 20.94258 ], [ 92.2546, 20.94258 ], [ 92.25463, 20.94258 ], [ 92.25464, 20.94258 ], [ 92.25466, 20.94259 ], [ 92.25468, 20.9426 ], [ 92.2547, 20.94264 ], [ 92.2547, 20.94265 ], [ 92.2547, 20.94268 ], [ 92.2547, 20.94269 ], [ 92.2547, 20.9427 ], [ 92.25468, 20.94273 ], [ 92.25466, 20.94275 ], [ 92.25464, 20.94276 ], [ 92.25462, 20.94278 ], [ 92.25461, 20.94279 ], [ 92.2546, 20.9428 ], [ 92.25456, 20.94282 ], [ 92.25455, 20.94282 ], [ 92.25454, 20.94285 ], [ 92.25453, 20.94288 ], [ 92.25452, 20.94289 ], [ 92.25451, 20.9429 ], [ 92.25449, 20.94293 ], [ 92.25448, 20.94296 ], [ 92.25448, 20.94298 ], [ 92.25448, 20.94299 ], [ 92.25448, 20.94301 ], [ 92.25449, 20.94303 ], [ 92.25449, 20.94304 ], [ 92.2545, 20.94306 ], [ 92.25451, 20.94308 ], [ 92.25451, 20.9431 ], [ 92.25452, 20.94312 ], [ 92.25453, 20.94316 ], [ 92.25456, 20.94322 ], [ 92.25458, 20.94324 ], [ 92.2546, 20.94326 ], [ 92.25461, 20.94327 ], [ 92.25461, 20.94328 ], [ 92.25462, 20.94328 ], [ 92.25467, 20.94332 ], [ 92.25468, 20.94332 ], [ 92.25469, 20.94332 ], [ 92.25471, 20.94331 ], [ 92.25473, 20.9433 ], [ 92.25476, 20.94328 ], [ 92.25478, 20.94326 ], [ 92.25479, 20.94325 ], [ 92.2548, 20.94324 ], [ 92.25481, 20.94323 ], [ 92.25482, 20.94323 ], [ 92.25483, 20.94322 ], [ 92.25485, 20.94321 ], [ 92.25486, 20.9432 ], [ 92.25487, 20.9432 ], [ 92.25489, 20.94318 ], [ 92.25491, 20.94317 ], [ 92.25493, 20.94317 ], [ 92.25497, 20.94318 ], [ 92.25498, 20.94318 ], [ 92.25503, 20.94317 ], [ 92.2551, 20.94316 ], [ 92.25511, 20.94316 ], [ 92.25512, 20.94316 ], [ 92.25517, 20.94317 ], [ 92.25522, 20.94317 ], [ 92.25524, 20.94317 ], [ 92.25528, 20.94319 ], [ 92.25529, 20.94319 ], [ 92.2553, 20.94319 ], [ 92.25531, 20.9432 ], [ 92.25537, 20.94323 ], [ 92.25547, 20.94325 ], [ 92.25552, 20.94337 ], [ 92.25556, 20.94342 ], [ 92.25555, 20.94349 ], [ 92.25554, 20.9436 ], [ 92.25553, 20.94365 ], [ 92.25548, 20.9439 ], [ 92.25545, 20.9441 ], [ 92.25544, 20.9442 ], [ 92.25545, 20.94429 ], [ 92.25544, 20.94439 ], [ 92.25543, 20.94448 ], [ 92.25543, 20.94454 ], [ 92.25541, 20.94462 ], [ 92.25541, 20.94472 ], [ 92.25539, 20.94483 ], [ 92.25538, 20.94492 ], [ 92.25535, 20.94506 ], [ 92.25534, 20.94513 ], [ 92.25533, 20.94517 ], [ 92.2553, 20.9452 ], [ 92.25528, 20.94525 ], [ 92.25526, 20.94531 ], [ 92.25524, 20.94535 ], [ 92.25523, 20.9454 ], [ 92.2552, 20.94547 ], [ 92.25519, 20.94551 ], [ 92.25517, 20.94557 ], [ 92.25515, 20.94561 ], [ 92.25512, 20.94566 ], [ 92.25511, 20.94569 ], [ 92.25512, 20.9457 ], [ 92.25529, 20.94581 ], [ 92.25555, 20.94593 ], [ 92.25589, 20.94599 ], [ 92.25603, 20.94601 ], [ 92.25605, 20.94601 ], [ 92.25615, 20.94602 ], [ 92.25628, 20.9461 ], [ 92.2564, 20.94611 ], [ 92.25647, 20.94612 ], [ 92.25651, 20.94615 ], [ 92.25656, 20.9462 ], [ 92.25659, 20.94625 ], [ 92.2566, 20.94633 ], [ 92.25653, 20.94645 ], [ 92.25641, 20.94653 ], [ 92.25622, 20.94659 ], [ 92.25612, 20.94665 ], [ 92.25611, 20.94665 ], [ 92.2561, 20.94676 ], [ 92.25611, 20.94688 ], [ 92.25618, 20.94698 ], [ 92.25633, 20.9471 ], [ 92.25646, 20.94715 ], [ 92.25657, 20.9472 ], [ 92.25677, 20.94719 ], [ 92.25695, 20.94711 ], [ 92.25716, 20.94695 ], [ 92.25734, 20.94682 ], [ 92.25746, 20.94678 ], [ 92.25757, 20.94692 ], [ 92.25757, 20.947 ], [ 92.25745, 20.94731 ], [ 92.25725, 20.94753 ], [ 92.25718, 20.94763 ], [ 92.25711, 20.94775 ], [ 92.25707, 20.948 ], [ 92.2571, 20.9481 ], [ 92.25712, 20.94815 ], [ 92.25723, 20.94822 ], [ 92.25738, 20.9482 ], [ 92.25752, 20.94812 ], [ 92.25766, 20.94795 ], [ 92.25767, 20.94794 ], [ 92.25796, 20.94762 ], [ 92.25819, 20.94736 ], [ 92.25843, 20.94712 ], [ 92.25858, 20.94696 ], [ 92.25872, 20.94682 ], [ 92.25888, 20.94679 ], [ 92.25896, 20.94684 ], [ 92.25897, 20.94714 ], [ 92.25895, 20.94751 ], [ 92.25891, 20.94787 ], [ 92.25899, 20.94816 ], [ 92.25908, 20.9483 ], [ 92.25941, 20.94814 ], [ 92.25962, 20.94817 ], [ 92.25983, 20.9482 ], [ 92.25995, 20.94825 ], [ 92.26011, 20.94829 ], [ 92.26025, 20.9483 ], [ 92.26038, 20.94824 ], [ 92.26057, 20.94806 ] ] ] }, { "type": "LineString", "coordinates": [ [ 92.26117, 20.93985 ], [ 92.26112, 20.93984 ] ] } ] } },
{ "type": "Feature", "properties": { "camp_id": "CXB-085", "camp_name": "Camp 22", "camp_label": "C22", "camp_name_npm": "Camp 22 (Unchiprang)", "upazila": "Teknaf", "union": "Whykong", "settlement": "Collective site", "area_sqkm": 0.55836314960099998 }, "geometry": { "type": "MultiPolygon", "coordinates": [ [ [ [ 92.19675, 21.08472 ], [ 92.19632, 21.08455 ], [ 92.196, 21.08455 ], [ 92.1958, 21.08449 ], [ 92.19571, 21.08434 ], [ 92.19558, 21.08431 ], [ 92.19541, 21.08428 ], [ 92.19532, 21.08435 ], [ 92.19527, 21.08449 ], [ 92.19532, 21.08468 ], [ 92.19535, 21.08479 ], [ 92.19514, 21.08496 ], [ 92.19498, 21.08504 ], [ 92.19477, 21.08516 ], [ 92.19458, 21.08531 ], [ 92.19431, 21.08539 ], [ 92.19425, 21.08556 ], [ 92.19429, 21.08563 ], [ 92.1944, 21.08587 ], [ 92.19439, 21.086 ], [ 92.19445, 21.08611 ], [ 92.19441, 21.08624 ], [ 92.19426, 21.08626 ], [ 92.1941, 21.08625 ], [ 92.19392, 21.08637 ], [ 92.19373, 21.08649 ], [ 92.19331, 21.08674 ], [ 92.19328, 21.08719 ], [ 92.19341, 21.08747 ], [ 92.19293, 21.08783 ], [ 92.1927, 21.08803 ], [ 92.19249, 21.08813 ], [ 92.19234, 21.08839 ], [ 92.19231, 21.08866 ], [ 92.19216, 21.08889 ], [ 92.19209, 21.089 ], [ 92.19202, 21.08922 ], [ 92.19204, 21.08939 ], [ 92.19206, 21.08951 ], [ 92.19211, 21.08961 ], [ 92.19217, 21.08982 ], [ 92.19239, 21.08991 ], [ 92.19248, 21.08991 ], [ 92.19292, 21.08994 ], [ 92.19326, 21.08999 ], [ 92.19344, 21.08998 ], [ 92.19361, 21.09002 ], [ 92.19375, 21.09003 ], [ 92.19394, 21.09004 ], [ 92.19401, 21.09007 ], [ 92.19419, 21.09047 ], [ 92.19428, 21.09072 ], [ 92.19451, 21.09097 ], [ 92.1948, 21.09122 ], [ 92.19494, 21.09144 ], [ 92.19505, 21.0919 ], [ 92.19496, 21.09204 ], [ 92.19499, 21.09209 ], [ 92.19503, 21.09213 ], [ 92.19507, 21.09217 ], [ 92.19502, 21.09223 ], [ 92.195, 21.09228 ], [ 92.195, 21.09233 ], [ 92.19504, 21.09247 ], [ 92.19505, 21.09251 ], [ 92.19513, 21.09259 ], [ 92.19527, 21.09263 ], [ 92.19558, 21.09244 ], [ 92.19578, 21.09237 ], [ 92.19589, 21.09228 ], [ 92.19606, 21.09188 ], [ 92.1968, 21.09209 ], [ 92.19685, 21.0922 ], [ 92.19685, 21.09231 ], [ 92.19687, 21.09238 ], [ 92.19759, 21.0925 ], [ 92.1981, 21.09223 ], [ 92.19843, 21.09214 ], [ 92.19871, 21.09197 ], [ 92.19891, 21.09213 ], [ 92.19894, 21.09216 ], [ 92.19929, 21.0921 ], [ 92.19937, 21.09195 ], [ 92.19925, 21.09188 ], [ 92.1993, 21.09166 ], [ 92.19936, 21.09149 ], [ 92.19924, 21.09141 ], [ 92.1992, 21.0913 ], [ 92.19932, 21.09105 ], [ 92.19934, 21.09093 ], [ 92.19944, 21.09086 ], [ 92.19958, 21.09068 ], [ 92.19955, 21.09053 ], [ 92.19958, 21.09045 ], [ 92.19974, 21.09051 ], [ 92.1999, 21.0906 ], [ 92.19998, 21.09069 ], [ 92.20007, 21.09066 ], [ 92.20022, 21.0905 ], [ 92.20018, 21.09043 ], [ 92.20007, 21.09028 ], [ 92.20018, 21.09003 ], [ 92.20031, 21.08981 ], [ 92.20071, 21.09 ], [ 92.2008, 21.08989 ], [ 92.20076, 21.0898 ], [ 92.20075, 21.08971 ], [ 92.20068, 21.08967 ], [ 92.2006, 21.08945 ], [ 92.20052, 21.08924 ], [ 92.20051, 21.08916 ], [ 92.20047, 21.0891 ], [ 92.20062, 21.08865 ], [ 92.20068, 21.08857 ], [ 92.20065, 21.0885 ], [ 92.2006, 21.08839 ], [ 92.20061, 21.08824 ], [ 92.2006, 21.08812 ], [ 92.20065, 21.088 ], [ 92.20065, 21.08797 ], [ 92.20062, 21.0879 ], [ 92.20065, 21.08782 ], [ 92.20066, 21.08768 ], [ 92.20064, 21.08753 ], [ 92.20071, 21.08738 ], [ 92.20087, 21.08734 ], [ 92.20103, 21.08727 ], [ 92.20112, 21.08711 ], [ 92.20117, 21.08696 ], [ 92.20119, 21.08689 ], [ 92.20116, 21.08679 ], [ 92.20105, 21.08649 ], [ 92.20091, 21.08626 ], [ 92.2007, 21.08616 ], [ 92.20065, 21.08608 ], [ 92.2006, 21.08589 ], [ 92.20047, 21.08574 ], [ 92.2003, 21.08571 ], [ 92.20017, 21.08571 ], [ 92.20006, 21.08573 ], [ 92.1999, 21.08569 ], [ 92.19992, 21.08558 ], [ 92.19998, 21.08547 ], [ 92.20004, 21.0854 ], [ 92.20002, 21.08532 ], [ 92.20003, 21.08519 ], [ 92.20004, 21.08493 ], [ 92.19995, 21.08488 ], [ 92.1999, 21.08478 ], [ 92.19984, 21.08469 ], [ 92.19963, 21.08485 ], [ 92.19951, 21.08499 ], [ 92.1995, 21.08511 ], [ 92.19951, 21.08521 ], [ 92.19948, 21.08529 ], [ 92.19931, 21.08533 ], [ 92.19918, 21.08536 ], [ 92.19897, 21.08538 ], [ 92.19858, 21.08555 ], [ 92.19855, 21.08556 ], [ 92.19857, 21.08542 ], [ 92.19858, 21.08537 ], [ 92.19847, 21.08526 ], [ 92.19841, 21.08526 ], [ 92.19819, 21.08534 ], [ 92.19775, 21.08548 ], [ 92.19771, 21.0855 ], [ 92.19768, 21.08551 ], [ 92.19763, 21.08552 ], [ 92.19754, 21.08548 ], [ 92.19748, 21.08541 ], [ 92.1975, 21.08531 ], [ 92.19752, 21.08522 ], [ 92.19752, 21.08513 ], [ 92.1975, 21.08505 ], [ 92.19749, 21.085 ], [ 92.19748, 21.08492 ], [ 92.19738, 21.08477 ], [ 92.19726, 21.08467 ], [ 92.19704, 21.08461 ], [ 92.19692, 21.08461 ], [ 92.1969, 21.0847 ], [ 92.19675, 21.08472 ] ] ] ] } },
{ "type": "Feature", "properties": { "camp_id": "CXB-089", "camp_name": "Nayapara RC", "camp_label": "NRC", "camp_name_npm": "Nayapara RC", "upazila": "Teknaf", "union": "Nhilla", "settlement": "Collective site RC", "area_sqkm": 0.3223106539 }, "geometry": { "type": "MultiPolygon", "coordinates": [ [ [ [ 92.24856, 20.96024 ], [ 92.24858, 20.96022 ], [ 92.24885, 20.96029 ], [ 92.24889, 20.96027 ], [ 92.24899, 20.96016 ], [ 92.24914, 20.95982 ], [ 92.24915, 20.95975 ], [ 92.24916, 20.95972 ], [ 92.24917, 20.95969 ], [ 92.24918, 20.95966 ], [ 92.24919, 20.95963 ], [ 92.24921, 20.95958 ], [ 92.24925, 20.95959 ], [ 92.24931, 20.95946 ], [ 92.24935, 20.9594 ], [ 92.24939, 20.95932 ], [ 92.24946, 20.95931 ], [ 92.24962, 20.95935 ], [ 92.24966, 20.95934 ], [ 92.24973, 20.95932 ], [ 92.24989, 20.95932 ], [ 92.2499, 20.95931 ], [ 92.24992, 20.95928 ], [ 92.24995, 20.95918 ], [ 92.24995, 20.9591 ], [ 92.24998, 20.95907 ], [ 92.25027, 20.95912 ], [ 92.25056, 20.9591 ], [ 92.25074, 20.95904 ], [ 92.25082, 20.95899 ], [ 92.25103, 20.9589 ], [ 92.25107, 20.95884 ], [ 92.25102, 20.95877 ], [ 92.25086, 20.9586 ], [ 92.25078, 20.95853 ], [ 92.25074, 20.95844 ], [ 92.25071, 20.95828 ], [ 92.25062, 20.95826 ], [ 92.25053, 20.9581 ], [ 92.25053, 20.95797 ], [ 92.25053, 20.95781 ], [ 92.25055, 20.95762 ], [ 92.2507, 20.95755 ], [ 92.25086, 20.95754 ], [ 92.25094, 20.95755 ], [ 92.2512, 20.95749 ], [ 92.25136, 20.95742 ], [ 92.25155, 20.95749 ], [ 92.25169, 20.95752 ], [ 92.25181, 20.95764 ], [ 92.25188, 20.95769 ], [ 92.2519, 20.95763 ], [ 92.25199, 20.95754 ], [ 92.25203, 20.9575 ], [ 92.25207, 20.95742 ], [ 92.25207, 20.95741 ], [ 92.25209, 20.9573 ], [ 92.25211, 20.95725 ], [ 92.25213, 20.95717 ], [ 92.25217, 20.95711 ], [ 92.25223, 20.95703 ], [ 92.25228, 20.95692 ], [ 92.25239, 20.95654 ], [ 92.25243, 20.95646 ], [ 92.25251, 20.95643 ], [ 92.25264, 20.95622 ], [ 92.25275, 20.95626 ], [ 92.25285, 20.95598 ], [ 92.25268, 20.95587 ], [ 92.25265, 20.95584 ], [ 92.25261, 20.95578 ], [ 92.25258, 20.95565 ], [ 92.25264, 20.9556 ], [ 92.25268, 20.95557 ], [ 92.2528, 20.95551 ], [ 92.25287, 20.95551 ], [ 92.25296, 20.95548 ], [ 92.25305, 20.95541 ], [ 92.25311, 20.95544 ], [ 92.25315, 20.95544 ], [ 92.25321, 20.95544 ], [ 92.25322, 20.95544 ], [ 92.25324, 20.95543 ], [ 92.25329, 20.95541 ], [ 92.2533, 20.9554 ], [ 92.25336, 20.9554 ], [ 92.25339, 20.95538 ], [ 92.25346, 20.95536 ], [ 92.25347, 20.95535 ], [ 92.25349, 20.95521 ], [ 92.25345, 20.95511 ], [ 92.25345, 20.95506 ], [ 92.25345, 20.95495 ], [ 92.25352, 20.95484 ], [ 92.25353, 20.95483 ], [ 92.25357, 20.95479 ], [ 92.25368, 20.9545 ], [ 92.25375, 20.95438 ], [ 92.2538, 20.9543 ], [ 92.25375, 20.95427 ], [ 92.25362, 20.95423 ], [ 92.25354, 20.9542 ], [ 92.25339, 20.95419 ], [ 92.25336, 20.95419 ], [ 92.25337, 20.95407 ], [ 92.25337, 20.95399 ], [ 92.25338, 20.95384 ], [ 92.25331, 20.95381 ], [ 92.2533, 20.95381 ], [ 92.25314, 20.95379 ], [ 92.25318, 20.95349 ], [ 92.25323, 20.95303 ], [ 92.25324, 20.95301 ], [ 92.25323, 20.95265 ], [ 92.25217, 20.95255 ], [ 92.25129, 20.9526 ], [ 92.25111, 20.95272 ], [ 92.251, 20.95278 ], [ 92.25075, 20.95294 ], [ 92.2508, 20.95344 ], [ 92.25005, 20.95358 ], [ 92.24999, 20.95356 ], [ 92.24996, 20.95355 ], [ 92.24968, 20.95347 ], [ 92.24956, 20.95355 ], [ 92.24953, 20.95366 ], [ 92.24952, 20.9537 ], [ 92.2495, 20.95379 ], [ 92.24958, 20.95389 ], [ 92.24963, 20.95395 ], [ 92.24966, 20.95397 ], [ 92.24984, 20.95408 ], [ 92.24983, 20.95414 ], [ 92.24982, 20.95418 ], [ 92.2498, 20.95429 ], [ 92.24981, 20.95435 ], [ 92.24981, 20.95437 ], [ 92.24985, 20.95457 ], [ 92.24986, 20.95463 ], [ 92.24985, 20.95468 ], [ 92.24985, 20.95469 ], [ 92.24975, 20.95545 ], [ 92.24966, 20.95565 ], [ 92.24961, 20.95586 ], [ 92.24962, 20.95607 ], [ 92.24964, 20.95617 ], [ 92.24978, 20.9563 ], [ 92.24986, 20.95641 ], [ 92.2499, 20.95664 ], [ 92.24987, 20.95664 ], [ 92.24987, 20.95664 ], [ 92.24969, 20.95664 ], [ 92.2495, 20.95662 ], [ 92.2495, 20.95669 ], [ 92.24945, 20.9568 ], [ 92.24944, 20.95686 ], [ 92.24939, 20.95698 ], [ 92.24932, 20.9571 ], [ 92.24918, 20.95721 ], [ 92.24909, 20.95723 ], [ 92.24898, 20.95727 ], [ 92.24886, 20.95733 ], [ 92.24875, 20.95733 ], [ 92.24867, 20.95737 ], [ 92.24851, 20.9575 ], [ 92.24834, 20.95763 ], [ 92.24828, 20.95775 ], [ 92.24818, 20.95793 ], [ 92.24789, 20.95806 ], [ 92.24762, 20.95814 ], [ 92.24746, 20.95834 ], [ 92.24743, 20.95847 ], [ 92.2474, 20.95851 ], [ 92.24732, 20.95866 ], [ 92.24719, 20.95862 ], [ 92.2471, 20.95861 ], [ 92.24705, 20.95899 ], [ 92.24693, 20.9591 ], [ 92.2469, 20.95953 ], [ 92.24689, 20.95966 ], [ 92.24694, 20.96008 ], [ 92.24695, 20.96016 ], [ 92.24712, 20.96045 ], [ 92.24726, 20.96064 ], [ 92.24736, 20.96069 ], [ 92.24737, 20.96074 ], [ 92.24738, 20.96085 ], [ 92.24754, 20.96085 ], [ 92.24788, 20.9609 ], [ 92.24813, 20.96089 ], [ 92.24826, 20.96083 ], [ 92.24831, 20.96079 ], [ 92.24856, 20.96024 ] ] ], [ [ [ 92.24686, 20.96295 ], [ 92.24688, 20.96292 ], [ 92.24692, 20.96292 ], [ 92.24696, 20.96289 ], [ 92.247, 20.96283 ], [ 92.24702, 20.96279 ], [ 92.24707, 20.96277 ], [ 92.24708, 20.96273 ], [ 92.24712, 20.9626 ], [ 92.24715, 20.9625 ], [ 92.24719, 20.96241 ], [ 92.24718, 20.96232 ], [ 92.24718, 20.96221 ], [ 92.24719, 20.96212 ], [ 92.24725, 20.96212 ], [ 92.24732, 20.96212 ], [ 92.24737, 20.96206 ], [ 92.24741, 20.96204 ], [ 92.24748, 20.96203 ], [ 92.24756, 20.96202 ], [ 92.24758, 20.96202 ], [ 92.2477, 20.96202 ], [ 92.2477, 20.96202 ], [ 92.2477, 20.96201 ], [ 92.2477, 20.962 ], [ 92.24761, 20.9618 ], [ 92.24755, 20.96156 ], [ 92.24717, 20.96135 ], [ 92.24697, 20.96129 ], [ 92.24694, 20.96127 ], [ 92.24688, 20.96125 ], [ 92.2466, 20.96114 ], [ 92.24601, 20.96111 ], [ 92.24587, 20.96122 ], [ 92.24568, 20.96154 ], [ 92.24551, 20.96178 ], [ 92.24532, 20.96178 ], [ 92.24522, 20.96188 ], [ 92.24536, 20.96201 ], [ 92.24555, 20.96209 ], [ 92.24562, 20.96211 ], [ 92.24562, 20.96224 ], [ 92.24556, 20.96235 ], [ 92.24548, 20.96248 ], [ 92.24545, 20.96259 ], [ 92.2455, 20.96259 ], [ 92.24558, 20.9626 ], [ 92.24575, 20.96275 ], [ 92.24582, 20.9628 ], [ 92.24581, 20.96289 ], [ 92.24581, 20.96298 ], [ 92.24581, 20.96307 ], [ 92.24605, 20.96315 ], [ 92.24608, 20.96317 ], [ 92.24604, 20.96322 ], [ 92.24606, 20.96326 ], [ 92.24611, 20.96336 ], [ 92.24608, 20.96346 ], [ 92.24608, 20.96358 ], [ 92.24608, 20.96372 ], [ 92.24608, 20.96383 ], [ 92.24607, 20.96395 ], [ 92.24607, 20.96401 ], [ 92.24607, 20.96404 ], [ 92.24613, 20.96404 ], [ 92.24623, 20.96407 ], [ 92.24626, 20.96414 ], [ 92.24631, 20.9642 ], [ 92.24636, 20.96424 ], [ 92.24636, 20.96424 ], [ 92.24645, 20.96427 ], [ 92.24655, 20.96429 ], [ 92.24663, 20.96429 ], [ 92.24666, 20.96433 ], [ 92.24668, 20.96441 ], [ 92.24672, 20.96453 ], [ 92.24676, 20.96463 ], [ 92.24677, 20.96466 ], [ 92.24678, 20.96474 ], [ 92.24679, 20.96477 ], [ 92.24683, 20.96482 ], [ 92.24691, 20.96482 ], [ 92.24696, 20.96473 ], [ 92.24704, 20.96469 ], [ 92.24706, 20.96463 ], [ 92.24706, 20.96462 ], [ 92.24707, 20.96452 ], [ 92.24706, 20.96445 ], [ 92.24707, 20.96433 ], [ 92.24708, 20.96426 ], [ 92.24709, 20.96418 ], [ 92.24708, 20.96415 ], [ 92.24705, 20.9641 ], [ 92.24697, 20.96405 ], [ 92.24694, 20.96404 ], [ 92.24691, 20.96403 ], [ 92.24687, 20.96402 ], [ 92.24686, 20.96399 ], [ 92.24686, 20.96394 ], [ 92.24681, 20.96388 ], [ 92.24672, 20.96385 ], [ 92.24668, 20.96385 ], [ 92.24667, 20.96384 ], [ 92.24664, 20.96384 ], [ 92.24664, 20.9638 ], [ 92.24664, 20.9637 ], [ 92.24665, 20.96366 ], [ 92.24666, 20.96359 ], [ 92.24669, 20.96354 ], [ 92.24672, 20.96348 ], [ 92.24671, 20.9634 ], [ 92.24674, 20.96331 ], [ 92.24677, 20.96327 ], [ 92.24678, 20.96321 ], [ 92.24674, 20.96318 ], [ 92.24679, 20.96313 ], [ 92.24682, 20.96306 ], [ 92.24684, 20.96302 ], [ 92.24686, 20.96295 ] ] ] ] } },
{ "type": "Feature", "properties": { "camp_id": "CXB-108", "camp_name": "Camp 21", "camp_label": "C21", "camp_name_npm": "Camp 21 (Chakmarkul)", "upazila": "Teknaf", "union": "Whykong", "settlement": "Collective site", "area_sqkm": 0.404122337444 }, "geometry": { "type": "MultiPolygon", "coordinates": [ [ [ [ 92.16291, 21.13238 ], [ 92.16294, 21.13189 ], [ 92.16267, 21.13162 ], [ 92.16251, 21.13145 ], [ 92.16247, 21.13127 ], [ 92.16236, 21.13116 ], [ 92.16218, 21.13113 ], [ 92.16202, 21.13113 ], [ 92.16187, 21.13109 ], [ 92.16197, 21.13101 ], [ 92.16206, 21.13106 ], [ 92.16215, 21.13102 ], [ 92.16228, 21.13102 ], [ 92.1626, 21.13113 ], [ 92.16268, 21.13104 ], [ 92.16278, 21.13088 ], [ 92.16284, 21.13076 ], [ 92.16281, 21.13064 ], [ 92.16274, 21.13036 ], [ 92.16275, 21.13012 ], [ 92.16252, 21.13003 ], [ 92.16233, 21.12999 ], [ 92.16208, 21.1301 ], [ 92.16151, 21.12994 ], [ 92.16109, 21.13032 ], [ 92.1611, 21.13058 ], [ 92.16095, 21.1306 ], [ 92.16087, 21.13064 ], [ 92.16058, 21.13097 ], [ 92.16065, 21.13118 ], [ 92.16083, 21.13121 ], [ 92.16096, 21.13129 ], [ 92.16109, 21.13143 ], [ 92.16145, 21.13148 ], [ 92.16152, 21.13161 ], [ 92.16162, 21.13173 ], [ 92.16166, 21.13189 ], [ 92.16175, 21.13196 ], [ 92.16195, 21.13191 ], [ 92.1622, 21.1319 ], [ 92.16232, 21.13192 ], [ 92.16238, 21.13204 ], [ 92.16236, 21.13216 ], [ 92.16236, 21.13241 ], [ 92.16263, 21.13239 ], [ 92.16291, 21.13238 ] ] ], [ [ [ 92.16423, 21.13209 ], [ 92.16423, 21.13206 ], [ 92.16428, 21.13208 ], [ 92.16461, 21.13215 ], [ 92.16467, 21.13215 ], [ 92.16478, 21.13215 ], [ 92.1648, 21.13215 ], [ 92.16498, 21.13205 ], [ 92.16501, 21.13201 ], [ 92.16502, 21.13199 ], [ 92.16503, 21.13198 ], [ 92.16486, 21.13179 ], [ 92.16478, 21.13168 ], [ 92.16479, 21.13166 ], [ 92.16482, 21.13163 ], [ 92.16484, 21.1316 ], [ 92.16488, 21.13156 ], [ 92.16492, 21.13154 ], [ 92.16509, 21.13145 ], [ 92.16518, 21.13141 ], [ 92.16538, 21.13132 ], [ 92.16536, 21.13123 ], [ 92.16533, 21.13111 ], [ 92.16512, 21.13108 ], [ 92.16496, 21.13108 ], [ 92.16474, 21.13122 ], [ 92.16468, 21.13117 ], [ 92.16462, 21.13093 ], [ 92.16458, 21.13083 ], [ 92.16457, 21.13078 ], [ 92.16455, 21.13062 ], [ 92.16461, 21.13053 ], [ 92.16473, 21.13054 ], [ 92.16493, 21.1306 ], [ 92.16513, 21.13069 ], [ 92.16524, 21.13067 ], [ 92.16534, 21.13058 ], [ 92.16526, 21.13035 ], [ 92.16518, 21.13021 ], [ 92.16495, 21.13011 ], [ 92.16478, 21.13012 ], [ 92.16469, 21.13006 ], [ 92.16465, 21.13002 ], [ 92.16464, 21.12995 ], [ 92.16449, 21.12973 ], [ 92.1644, 21.12971 ], [ 92.16427, 21.12974 ], [ 92.16417, 21.12977 ], [ 92.16408, 21.12987 ], [ 92.16416, 21.13002 ], [ 92.16421, 21.13008 ], [ 92.16426, 21.13028 ], [ 92.16429, 21.13035 ], [ 92.16434, 21.13042 ], [ 92.16431, 21.13054 ], [ 92.16423, 21.13059 ], [ 92.16416, 21.13068 ], [ 92.16406, 21.13082 ], [ 92.16406, 21.13083 ], [ 92.16403, 21.13091 ], [ 92.16403, 21.13096 ], [ 92.16407, 21.13104 ], [ 92.16411, 21.13108 ], [ 92.16422, 21.13113 ], [ 92.16432, 21.13132 ], [ 92.16439, 21.13146 ], [ 92.16421, 21.13163 ], [ 92.16416, 21.13167 ], [ 92.16416, 21.13167 ], [ 92.1638, 21.13201 ], [ 92.16344, 21.13201 ], [ 92.16343, 21.13233 ], [ 92.16344, 21.13238 ], [ 92.16346, 21.1325 ], [ 92.16348, 21.13262 ], [ 92.16363, 21.13264 ], [ 92.16372, 21.1327 ], [ 92.16375, 21.13287 ], [ 92.16374, 21.13294 ], [ 92.16373, 21.13295 ], [ 92.16368, 21.13311 ], [ 92.16366, 21.13315 ], [ 92.16359, 21.13328 ], [ 92.16347, 21.13331 ], [ 92.16345, 21.13332 ], [ 92.16342, 21.13332 ], [ 92.16334, 21.13342 ], [ 92.16333, 21.13343 ], [ 92.16333, 21.13344 ], [ 92.16331, 21.13347 ], [ 92.1632, 21.13366 ], [ 92.1632, 21.13379 ], [ 92.16345, 21.13387 ], [ 92.16368, 21.13388 ], [ 92.16387, 21.13398 ], [ 92.16408, 21.13398 ], [ 92.16415, 21.13387 ], [ 92.16412, 21.13371 ], [ 92.16406, 21.13344 ], [ 92.16403, 21.1333 ], [ 92.16404, 21.13324 ], [ 92.16406, 21.13313 ], [ 92.16408, 21.13306 ], [ 92.16408, 21.13304 ], [ 92.16408, 21.133 ], [ 92.16409, 21.13299 ], [ 92.16413, 21.13288 ], [ 92.16413, 21.13288 ], [ 92.16413, 21.13287 ], [ 92.16414, 21.13286 ], [ 92.16415, 21.13284 ], [ 92.16415, 21.13284 ], [ 92.16418, 21.13279 ], [ 92.16419, 21.13277 ], [ 92.1642, 21.13275 ], [ 92.1642, 21.13271 ], [ 92.1642, 21.1327 ], [ 92.16421, 21.13269 ], [ 92.16421, 21.13265 ], [ 92.16421, 21.13263 ], [ 92.16421, 21.13259 ], [ 92.16421, 21.13258 ], [ 92.16421, 21.13257 ], [ 92.16421, 21.13254 ], [ 92.16421, 21.13252 ], [ 92.16421, 21.13249 ], [ 92.16421, 21.13247 ], [ 92.16421, 21.13243 ], [ 92.16421, 21.13242 ], [ 92.16421, 21.13236 ], [ 92.16421, 21.13235 ], [ 92.16421, 21.13235 ], [ 92.16423, 21.13209 ] ] ], [ [ [ 92.15528, 21.13584 ], [ 92.15565, 21.13565 ], [ 92.15577, 21.13577 ], [ 92.15618, 21.13578 ], [ 92.15696, 21.13559 ], [ 92.15726, 21.13533 ], [ 92.15731, 21.13515 ], [ 92.1576, 21.13522 ], [ 92.15792, 21.13519 ], [ 92.15815, 21.13512 ], [ 92.15833, 21.13526 ], [ 92.15813, 21.13552 ], [ 92.15809, 21.13593 ], [ 92.15829, 21.13604 ], [ 92.15859, 21.136 ], [ 92.15879, 21.13618 ], [ 92.15902, 21.13634 ], [ 92.1594, 21.13591 ], [ 92.16001, 21.13587 ], [ 92.16012, 21.13557 ], [ 92.15984, 21.13538 ], [ 92.15977, 21.13483 ], [ 92.15962, 21.13455 ], [ 92.15906, 21.13435 ], [ 92.15951, 21.13425 ], [ 92.15963, 21.13391 ], [ 92.16004, 21.13333 ], [ 92.16047, 21.13299 ], [ 92.16084, 21.13272 ], [ 92.16101, 21.13242 ], [ 92.16119, 21.13228 ], [ 92.16108, 21.1322 ], [ 92.16072, 21.13235 ], [ 92.16042, 21.1324 ], [ 92.16019, 21.13251 ], [ 92.15997, 21.1323 ], [ 92.15982, 21.13247 ], [ 92.16014, 21.13282 ], [ 92.1599, 21.13303 ], [ 92.15957, 21.13253 ], [ 92.15939, 21.13235 ], [ 92.15904, 21.1323 ], [ 92.15907, 21.132 ], [ 92.15891, 21.13164 ], [ 92.15894, 21.13128 ], [ 92.15872, 21.13109 ], [ 92.15805, 21.13109 ], [ 92.15803, 21.13071 ], [ 92.15813, 21.13063 ], [ 92.15808, 21.13054 ], [ 92.15814, 21.13039 ], [ 92.15816, 21.13022 ], [ 92.15809, 21.13012 ], [ 92.1579, 21.13018 ], [ 92.15776, 21.13024 ], [ 92.15774, 21.13034 ], [ 92.15755, 21.13042 ], [ 92.15745, 21.13037 ], [ 92.15728, 21.13043 ], [ 92.15712, 21.13051 ], [ 92.1571, 21.13064 ], [ 92.15692, 21.13059 ], [ 92.15683, 21.13038 ], [ 92.15702, 21.12995 ], [ 92.15729, 21.13002 ], [ 92.15749, 21.13006 ], [ 92.15765, 21.1301 ], [ 92.15776, 21.13005 ], [ 92.1578, 21.12996 ], [ 92.15785, 21.12981 ], [ 92.15791, 21.12969 ], [ 92.15801, 21.12961 ], [ 92.158, 21.12952 ], [ 92.15806, 21.12949 ], [ 92.15813, 21.12957 ], [ 92.15806, 21.12964 ], [ 92.15798, 21.12976 ], [ 92.15796, 21.12984 ], [ 92.15801, 21.12986 ], [ 92.15808, 21.12981 ], [ 92.15812, 21.12984 ], [ 92.1582, 21.12985 ], [ 92.15844, 21.12967 ], [ 92.15848, 21.12977 ], [ 92.15854, 21.12988 ], [ 92.15848, 21.12992 ], [ 92.15835, 21.12996 ], [ 92.15829, 21.13001 ], [ 92.15834, 21.13016 ], [ 92.15843, 21.13021 ], [ 92.15856, 21.13019 ], [ 92.15864, 21.13025 ], [ 92.15872, 21.13027 ], [ 92.1588, 21.13019 ], [ 92.15918, 21.13032 ], [ 92.15926, 21.13038 ], [ 92.15943, 21.13036 ], [ 92.15951, 21.13008 ], [ 92.15964, 21.13008 ], [ 92.15971, 21.13014 ], [ 92.15974, 21.13027 ], [ 92.15994, 21.13054 ], [ 92.16004, 21.13063 ], [ 92.16023, 21.13073 ], [ 92.16027, 21.13087 ], [ 92.16042, 21.13097 ], [ 92.16051, 21.13086 ], [ 92.16057, 21.13071 ], [ 92.1606, 21.13055 ], [ 92.16055, 21.13041 ], [ 92.16028, 21.13008 ], [ 92.16033, 21.1298 ], [ 92.16026, 21.12962 ], [ 92.16036, 21.12935 ], [ 92.16053, 21.1294 ], [ 92.16074, 21.12933 ], [ 92.16082, 21.12916 ], [ 92.16088, 21.12899 ], [ 92.16088, 21.12864 ], [ 92.16069, 21.1285 ], [ 92.16022, 21.12853 ], [ 92.15998, 21.12862 ], [ 92.16, 21.12889 ], [ 92.16004, 21.12905 ], [ 92.16011, 21.12931 ], [ 92.16017, 21.12953 ], [ 92.16015, 21.12962 ], [ 92.16002, 21.12954 ], [ 92.15994, 21.12947 ], [ 92.15988, 21.12938 ], [ 92.15981, 21.12936 ], [ 92.15974, 21.12929 ], [ 92.15966, 21.12924 ], [ 92.15947, 21.12907 ], [ 92.15928, 21.12903 ], [ 92.15897, 21.12894 ], [ 92.1586, 21.1288 ], [ 92.15839, 21.12866 ], [ 92.15812, 21.12864 ], [ 92.15783, 21.12873 ], [ 92.15742, 21.12862 ], [ 92.15785, 21.12798 ], [ 92.15798, 21.12801 ], [ 92.1581, 21.12776 ], [ 92.1579, 21.12776 ], [ 92.15741, 21.12781 ], [ 92.15692, 21.12887 ], [ 92.15677, 21.12919 ], [ 92.15679, 21.12936 ], [ 92.1568, 21.12944 ], [ 92.15684, 21.12978 ], [ 92.15644, 21.12973 ], [ 92.15597, 21.12951 ], [ 92.15556, 21.12934 ], [ 92.15543, 21.12953 ], [ 92.1556, 21.12978 ], [ 92.15535, 21.13021 ], [ 92.15524, 21.13035 ], [ 92.15515, 21.1307 ], [ 92.15508, 21.13104 ], [ 92.15515, 21.13146 ], [ 92.15508, 21.13171 ], [ 92.15496, 21.13181 ], [ 92.1549, 21.13204 ], [ 92.15489, 21.1324 ], [ 92.15515, 21.13297 ], [ 92.15548, 21.13332 ], [ 92.15585, 21.13337 ], [ 92.15597, 21.13355 ], [ 92.15602, 21.13356 ], [ 92.15636, 21.13367 ], [ 92.15651, 21.13399 ], [ 92.15651, 21.13413 ], [ 92.15664, 21.13422 ], [ 92.15667, 21.13451 ], [ 92.15678, 21.13465 ], [ 92.15691, 21.13466 ], [ 92.15695, 21.13474 ], [ 92.15618, 21.13485 ], [ 92.15595, 21.13495 ], [ 92.15557, 21.13486 ], [ 92.15541, 21.13497 ], [ 92.15522, 21.13524 ], [ 92.1549, 21.13547 ], [ 92.15446, 21.1357 ], [ 92.15406, 21.13615 ], [ 92.15401, 21.13651 ], [ 92.15401, 21.1368 ], [ 92.15418, 21.13691 ], [ 92.15483, 21.13662 ], [ 92.15491, 21.13652 ], [ 92.15476, 21.13623 ], [ 92.15528, 21.13584 ] ] ] ] } },
{ "type": "Feature", "properties": { "camp_id": "CXB-201", "camp_name": "Camp 1E", "camp_label": "C01E", "camp_name_npm": "Camp 01E", "upazila": "Ukhia", "union": "Palong Khali", "settlement": "Collective site", "area_sqkm": 0.663028455701 }, "geometry": { "type": "MultiPolygon", "coordinates": [ [ [ [ 92.15486, 21.21947 ], [ 92.15541, 21.21893 ], [ 92.15643, 21.2189 ], [ 92.15646, 21.21887 ], [ 92.15716, 21.21788 ], [ 92.15736, 21.21772 ], [ 92.15711, 21.21686 ], [ 92.15725, 21.21676 ], [ 92.15741, 21.21691 ], [ 92.15744, 21.21713 ], [ 92.15788, 21.2173 ], [ 92.15815, 21.21708 ], [ 92.15829, 21.21701 ], [ 92.15831, 21.2167 ], [ 92.15881, 21.21663 ], [ 92.15913, 21.21659 ], [ 92.15925, 21.21653 ], [ 92.15929, 21.21647 ], [ 92.15971, 21.21623 ], [ 92.16002, 21.21611 ], [ 92.16049, 21.21564 ], [ 92.16056, 21.21544 ], [ 92.16057, 21.21544 ], [ 92.16061, 21.21538 ], [ 92.16062, 21.21534 ], [ 92.16062, 21.21533 ], [ 92.16081, 21.21552 ], [ 92.16105, 21.21557 ], [ 92.16128, 21.21554 ], [ 92.16145, 21.21542 ], [ 92.16176, 21.21545 ], [ 92.16135, 21.21415 ], [ 92.16128, 21.21393 ], [ 92.16128, 21.21393 ], [ 92.1609, 21.21326 ], [ 92.16099, 21.21322 ], [ 92.16117, 21.21315 ], [ 92.16119, 21.21314 ], [ 92.16123, 21.21316 ], [ 92.1613, 21.21321 ], [ 92.16138, 21.21326 ], [ 92.16142, 21.2133 ], [ 92.16144, 21.21331 ], [ 92.16151, 21.21333 ], [ 92.16156, 21.21333 ], [ 92.16159, 21.21332 ], [ 92.16163, 21.2133 ], [ 92.16167, 21.21329 ], [ 92.1617, 21.21328 ], [ 92.16173, 21.21324 ], [ 92.16177, 21.21322 ], [ 92.16179, 21.21321 ], [ 92.16182, 21.2132 ], [ 92.16187, 21.2132 ], [ 92.16192, 21.21319 ], [ 92.16198, 21.21317 ], [ 92.16199, 21.21315 ], [ 92.16199, 21.21314 ], [ 92.16199, 21.21311 ], [ 92.16198, 21.21307 ], [ 92.16198, 21.21304 ], [ 92.16196, 21.21302 ], [ 92.16195, 21.21299 ], [ 92.16194, 21.21296 ], [ 92.16194, 21.21293 ], [ 92.16194, 21.21291 ], [ 92.16195, 21.21287 ], [ 92.16195, 21.2128 ], [ 92.16194, 21.21279 ], [ 92.16193, 21.21278 ], [ 92.16192, 21.21276 ], [ 92.16193, 21.21275 ], [ 92.16196, 21.21275 ], [ 92.16195, 21.21265 ], [ 92.162, 21.21264 ], [ 92.16204, 21.21262 ], [ 92.16204, 21.2126 ], [ 92.16202, 21.21257 ], [ 92.162, 21.21254 ], [ 92.16198, 21.21254 ], [ 92.16197, 21.21248 ], [ 92.16199, 21.21237 ], [ 92.162, 21.21233 ], [ 92.16196, 21.21233 ], [ 92.16195, 21.21229 ], [ 92.16195, 21.21225 ], [ 92.16198, 21.21224 ], [ 92.16199, 21.21223 ], [ 92.16199, 21.2122 ], [ 92.162, 21.21215 ], [ 92.16199, 21.21214 ], [ 92.16197, 21.21214 ], [ 92.1619, 21.21214 ], [ 92.16188, 21.21213 ], [ 92.16185, 21.21211 ], [ 92.16179, 21.21211 ], [ 92.16176, 21.21211 ], [ 92.16173, 21.2121 ], [ 92.16168, 21.21206 ], [ 92.16164, 21.21203 ], [ 92.16162, 21.21202 ], [ 92.1616, 21.21201 ], [ 92.16159, 21.21199 ], [ 92.16161, 21.21196 ], [ 92.16167, 21.21189 ], [ 92.16175, 21.21179 ], [ 92.16182, 21.21167 ], [ 92.16184, 21.21165 ], [ 92.16186, 21.21163 ], [ 92.16176, 21.21159 ], [ 92.16169, 21.21157 ], [ 92.16163, 21.21156 ], [ 92.16158, 21.21156 ], [ 92.16155, 21.21156 ], [ 92.16153, 21.21156 ], [ 92.16151, 21.21156 ], [ 92.16149, 21.21156 ], [ 92.16149, 21.21155 ], [ 92.16148, 21.21152 ], [ 92.16148, 21.21149 ], [ 92.16145, 21.2115 ], [ 92.16143, 21.2115 ], [ 92.16143, 21.21153 ], [ 92.16142, 21.21162 ], [ 92.16139, 21.21162 ], [ 92.16138, 21.21163 ], [ 92.16137, 21.21164 ], [ 92.16134, 21.21166 ], [ 92.16129, 21.21167 ], [ 92.16124, 21.21165 ], [ 92.16121, 21.21165 ], [ 92.16122, 21.21162 ], [ 92.16122, 21.21159 ], [ 92.16121, 21.21157 ], [ 92.16119, 21.21156 ], [ 92.16114, 21.21155 ], [ 92.16114, 21.21154 ], [ 92.16113, 21.21152 ], [ 92.16113, 21.21147 ], [ 92.16115, 21.21138 ], [ 92.16117, 21.21134 ], [ 92.16117, 21.21132 ], [ 92.16115, 21.21131 ], [ 92.16112, 21.21131 ], [ 92.16108, 21.21131 ], [ 92.16104, 21.21133 ], [ 92.16098, 21.21135 ], [ 92.16095, 21.21135 ], [ 92.16092, 21.21136 ], [ 92.16092, 21.21134 ], [ 92.16092, 21.21129 ], [ 92.16093, 21.21126 ], [ 92.16093, 21.21116 ], [ 92.16089, 21.21115 ], [ 92.16087, 21.21114 ], [ 92.16085, 21.21112 ], [ 92.16076, 21.21112 ], [ 92.16075, 21.21107 ], [ 92.16073, 21.21104 ], [ 92.1607, 21.21096 ], [ 92.16067, 21.2109 ], [ 92.16063, 21.21088 ], [ 92.16059, 21.21087 ], [ 92.16055, 21.21087 ], [ 92.16049, 21.21088 ], [ 92.16043, 21.21089 ], [ 92.16043, 21.21091 ], [ 92.16046, 21.211 ], [ 92.16046, 21.21106 ], [ 92.16045, 21.21112 ], [ 92.16024, 21.21115 ], [ 92.16022, 21.21109 ], [ 92.16, 21.21102 ], [ 92.15952, 21.21102 ], [ 92.15903, 21.21108 ], [ 92.15874, 21.21121 ], [ 92.15859, 21.21133 ], [ 92.15844, 21.21157 ], [ 92.15828, 21.21153 ], [ 92.15827, 21.21142 ], [ 92.1578, 21.21132 ], [ 92.15781, 21.21185 ], [ 92.15794, 21.21237 ], [ 92.15792, 21.21276 ], [ 92.15782, 21.21301 ], [ 92.15761, 21.21309 ], [ 92.15712, 21.21311 ], [ 92.15658, 21.21345 ], [ 92.15642, 21.21361 ], [ 92.15622, 21.21407 ], [ 92.15567, 21.21413 ], [ 92.15499, 21.2142 ], [ 92.154, 21.21444 ], [ 92.15297, 21.21486 ], [ 92.15259, 21.21506 ], [ 92.15212, 21.21572 ], [ 92.15163, 21.21631 ], [ 92.15137, 21.21691 ], [ 92.15148, 21.21756 ], [ 92.15142, 21.21787 ], [ 92.15105, 21.21836 ], [ 92.15075, 21.21871 ], [ 92.1499, 21.21876 ], [ 92.15012, 21.219 ], [ 92.15027, 21.21961 ], [ 92.15012, 21.21983 ], [ 92.15016, 21.2208 ], [ 92.15039, 21.22087 ], [ 92.15043, 21.22086 ], [ 92.15047, 21.22093 ], [ 92.1509, 21.22088 ], [ 92.15159, 21.22056 ], [ 92.15198, 21.21998 ], [ 92.15212, 21.21933 ], [ 92.15243, 21.21965 ], [ 92.1524, 21.22039 ], [ 92.15197, 21.22122 ], [ 92.1514, 21.2224 ], [ 92.15173, 21.22284 ], [ 92.15219, 21.22292 ], [ 92.15345, 21.22188 ], [ 92.15373, 21.22086 ], [ 92.15418, 21.22056 ], [ 92.15454, 21.22033 ], [ 92.15487, 21.22007 ], [ 92.15486, 21.21947 ] ] ] ] } },
{ "type": "Feature", "properties": { "camp_id": "CXB-202", "camp_name": "Camp 1W", "camp_label": "C01W", "camp_name_npm": "Camp 01W", "upazila": "Ukhia", "union": "Palong Khali", "settlement": "Collective site", "area_sqkm": 0.53439395855100003 }, "geometry": { "type": "MultiPolygon", "coordinates": [ [ [ [ 92.15622, 21.21407 ], [ 92.15642, 21.21361 ], [ 92.15658, 21.21345 ], [ 92.15712, 21.21311 ], [ 92.15761, 21.21309 ], [ 92.15782, 21.21301 ], [ 92.15792, 21.21276 ], [ 92.15794, 21.21237 ], [ 92.15781, 21.21185 ], [ 92.1578, 21.21132 ], [ 92.1578, 21.21102 ], [ 92.15761, 21.21094 ], [ 92.15738, 21.21081 ], [ 92.15696, 21.2106 ], [ 92.15655, 21.2104 ], [ 92.15607, 21.21025 ], [ 92.15584, 21.21015 ], [ 92.15544, 21.21019 ], [ 92.15516, 21.21039 ], [ 92.15514, 21.21063 ], [ 92.15495, 21.21104 ], [ 92.15469, 21.21117 ], [ 92.15432, 21.21088 ], [ 92.15406, 21.21042 ], [ 92.15365, 21.21014 ], [ 92.15309, 21.20973 ], [ 92.15264, 21.20878 ], [ 92.15242, 21.20887 ], [ 92.15236, 21.2089 ], [ 92.15226, 21.20896 ], [ 92.1522, 21.209 ], [ 92.15217, 21.20901 ], [ 92.15213, 21.20908 ], [ 92.15212, 21.20916 ], [ 92.15209, 21.20924 ], [ 92.15207, 21.20934 ], [ 92.15201, 21.20946 ], [ 92.15193, 21.20953 ], [ 92.15182, 21.20962 ], [ 92.15179, 21.20972 ], [ 92.15176, 21.20988 ], [ 92.15169, 21.21014 ], [ 92.15167, 21.21025 ], [ 92.15168, 21.21045 ], [ 92.15169, 21.21057 ], [ 92.15164, 21.21068 ], [ 92.15158, 21.21074 ], [ 92.15138, 21.21081 ], [ 92.15133, 21.21084 ], [ 92.15125, 21.21085 ], [ 92.15118, 21.21083 ], [ 92.15107, 21.2108 ], [ 92.15092, 21.2108 ], [ 92.15082, 21.21084 ], [ 92.15073, 21.21091 ], [ 92.15062, 21.21097 ], [ 92.15041, 21.21102 ], [ 92.15022, 21.21105 ], [ 92.15002, 21.2111 ], [ 92.14988, 21.2111 ], [ 92.14966, 21.21104 ], [ 92.14959, 21.21102 ], [ 92.14947, 21.21102 ], [ 92.14933, 21.21107 ], [ 92.14923, 21.21121 ], [ 92.14917, 21.21133 ], [ 92.14915, 21.21144 ], [ 92.14917, 21.21155 ], [ 92.14924, 21.21165 ], [ 92.14935, 21.21175 ], [ 92.14944, 21.21184 ], [ 92.14951, 21.2119 ], [ 92.14954, 21.21196 ], [ 92.14954, 21.21197 ], [ 92.14955, 21.21199 ], [ 92.14959, 21.2122 ], [ 92.14955, 21.2123 ], [ 92.14953, 21.21239 ], [ 92.14952, 21.21245 ], [ 92.14949, 21.21261 ], [ 92.14944, 21.21271 ], [ 92.14936, 21.21283 ], [ 92.14937, 21.21299 ], [ 92.14936, 21.21318 ], [ 92.14931, 21.21333 ], [ 92.14927, 21.21344 ], [ 92.14924, 21.21354 ], [ 92.14918, 21.21366 ], [ 92.14913, 21.21381 ], [ 92.14908, 21.21391 ], [ 92.14899, 21.21399 ], [ 92.14882, 21.21394 ], [ 92.14868, 21.2139 ], [ 92.14838, 21.21385 ], [ 92.14832, 21.21385 ], [ 92.14808, 21.21387 ], [ 92.14796, 21.21422 ], [ 92.14793, 21.2143 ], [ 92.14787, 21.21446 ], [ 92.14787, 21.21447 ], [ 92.14787, 21.21447 ], [ 92.14782, 21.21468 ], [ 92.14766, 21.21484 ], [ 92.14765, 21.21509 ], [ 92.14771, 21.21532 ], [ 92.14769, 21.21571 ], [ 92.14772, 21.21571 ], [ 92.14771, 21.21574 ], [ 92.14814, 21.21591 ], [ 92.14814, 21.21606 ], [ 92.14774, 21.21659 ], [ 92.14788, 21.21669 ], [ 92.14891, 21.21683 ], [ 92.14958, 21.21663 ], [ 92.14956, 21.21725 ], [ 92.15021, 21.21743 ], [ 92.15023, 21.21761 ], [ 92.14971, 21.21753 ], [ 92.1492, 21.21758 ], [ 92.14916, 21.21814 ], [ 92.14968, 21.21851 ], [ 92.1499, 21.21876 ], [ 92.15075, 21.21871 ], [ 92.15105, 21.21836 ], [ 92.15142, 21.21787 ], [ 92.15148, 21.21756 ], [ 92.15137, 21.21691 ], [ 92.15163, 21.21631 ], [ 92.15212, 21.21572 ], [ 92.15259, 21.21506 ], [ 92.15297, 21.21486 ], [ 92.154, 21.21444 ], [ 92.15499, 21.2142 ], [ 92.15567, 21.21413 ], [ 92.15622, 21.21407 ] ] ] ] } },
{ "type": "Feature", "properties": { "camp_id": "CXB-203", "camp_name": "Camp 2E", "camp_label": "C02E", "camp_name_npm": "Camp 02E", "upazila": "Ukhia", "union": "Palong Khali", "settlement": "Collective site", "area_sqkm": 0.39085260718300002 }, "geometry": { "type": "MultiPolygon", "coordinates": [ [ [ [ 92.16715, 21.21409 ], [ 92.16753, 21.21366 ], [ 92.16778, 21.21328 ], [ 92.16788, 21.21287 ], [ 92.16803, 21.21194 ], [ 92.16812, 21.21123 ], [ 92.16811, 21.21084 ], [ 92.16815, 21.21057 ], [ 92.16816, 21.21036 ], [ 92.16819, 21.21024 ], [ 92.1683, 21.2099 ], [ 92.1683, 21.2099 ], [ 92.16838, 21.2094 ], [ 92.16828, 21.2088 ], [ 92.16779, 21.20785 ], [ 92.16753, 21.20757 ], [ 92.16757, 21.2074 ], [ 92.16763, 21.20717 ], [ 92.16763, 21.20717 ], [ 92.16773, 21.20708 ], [ 92.16782, 21.20697 ], [ 92.16786, 21.20686 ], [ 92.16786, 21.20671 ], [ 92.16781, 21.20659 ], [ 92.1677, 21.20652 ], [ 92.16765, 21.2064 ], [ 92.16762, 21.20636 ], [ 92.16772, 21.20633 ], [ 92.16769, 21.20622 ], [ 92.16766, 21.20615 ], [ 92.16763, 21.2061 ], [ 92.16754, 21.20606 ], [ 92.16748, 21.20603 ], [ 92.16741, 21.20599 ], [ 92.16725, 21.20585 ], [ 92.16717, 21.20604 ], [ 92.16691, 21.20603 ], [ 92.16665, 21.20608 ], [ 92.16659, 21.20596 ], [ 92.16644, 21.20595 ], [ 92.16634, 21.20592 ], [ 92.16627, 21.2059 ], [ 92.1662, 21.20583 ], [ 92.16616, 21.2058 ], [ 92.16612, 21.20577 ], [ 92.16608, 21.20574 ], [ 92.16604, 21.20571 ], [ 92.166, 21.20567 ], [ 92.16597, 21.20564 ], [ 92.16595, 21.20561 ], [ 92.16594, 21.20557 ], [ 92.16593, 21.20555 ], [ 92.1659, 21.20552 ], [ 92.16588, 21.20548 ], [ 92.16585, 21.20543 ], [ 92.16582, 21.2054 ], [ 92.16579, 21.20537 ], [ 92.16577, 21.20534 ], [ 92.16575, 21.20531 ], [ 92.16566, 21.20519 ], [ 92.16566, 21.20519 ], [ 92.16501, 21.20552 ], [ 92.1649, 21.20537 ], [ 92.16465, 21.20525 ], [ 92.16443, 21.20514 ], [ 92.16398, 21.20517 ], [ 92.16387, 21.20528 ], [ 92.16349, 21.20548 ], [ 92.16313, 21.20552 ], [ 92.16272, 21.2055 ], [ 92.16271, 21.20551 ], [ 92.16267, 21.20535 ], [ 92.16291, 21.20486 ], [ 92.16262, 21.20455 ], [ 92.16237, 21.20461 ], [ 92.16194, 21.20457 ], [ 92.16141, 21.20465 ], [ 92.16103, 21.20432 ], [ 92.16046, 21.20433 ], [ 92.16044, 21.20423 ], [ 92.16043, 21.20422 ], [ 92.16043, 21.20413 ], [ 92.16033, 21.20411 ], [ 92.16002, 21.20405 ], [ 92.15999, 21.20424 ], [ 92.1597, 21.20435 ], [ 92.15945, 21.20427 ], [ 92.15918, 21.20429 ], [ 92.15909, 21.20433 ], [ 92.159, 21.20436 ], [ 92.15914, 21.20468 ], [ 92.15955, 21.20499 ], [ 92.15924, 21.20542 ], [ 92.15891, 21.20566 ], [ 92.15854, 21.2061 ], [ 92.15876, 21.20653 ], [ 92.16004, 21.20692 ], [ 92.16106, 21.20754 ], [ 92.16156, 21.2079 ], [ 92.16179, 21.20822 ], [ 92.16221, 21.20816 ], [ 92.16243, 21.20789 ], [ 92.1629, 21.20805 ], [ 92.16336, 21.20818 ], [ 92.16384, 21.20792 ], [ 92.16419, 21.20786 ], [ 92.16426, 21.20786 ], [ 92.16427, 21.20786 ], [ 92.16427, 21.20796 ], [ 92.16436, 21.20797 ], [ 92.16437, 21.20814 ], [ 92.1644, 21.20815 ], [ 92.16443, 21.20815 ], [ 92.16457, 21.20815 ], [ 92.1646, 21.20816 ], [ 92.16465, 21.20818 ], [ 92.16471, 21.20818 ], [ 92.16473, 21.20819 ], [ 92.16477, 21.20819 ], [ 92.16482, 21.20794 ], [ 92.16481, 21.20794 ], [ 92.16481, 21.20792 ], [ 92.16482, 21.20789 ], [ 92.16482, 21.20786 ], [ 92.16486, 21.20785 ], [ 92.16494, 21.20785 ], [ 92.16498, 21.20786 ], [ 92.16504, 21.20786 ], [ 92.1651, 21.20788 ], [ 92.16513, 21.20788 ], [ 92.16521, 21.20789 ], [ 92.16525, 21.20791 ], [ 92.16526, 21.20793 ], [ 92.16526, 21.20797 ], [ 92.16521, 21.20818 ], [ 92.16523, 21.20819 ], [ 92.16525, 21.20819 ], [ 92.16527, 21.2082 ], [ 92.16529, 21.2082 ], [ 92.16531, 21.2082 ], [ 92.16533, 21.20821 ], [ 92.16535, 21.20822 ], [ 92.16537, 21.20822 ], [ 92.16539, 21.20824 ], [ 92.1654, 21.20824 ], [ 92.16541, 21.20825 ], [ 92.16542, 21.20826 ], [ 92.16544, 21.20827 ], [ 92.16546, 21.20827 ], [ 92.16547, 21.20828 ], [ 92.1655, 21.20828 ], [ 92.16552, 21.20829 ], [ 92.16554, 21.2083 ], [ 92.16554, 21.20831 ], [ 92.16553, 21.20835 ], [ 92.16552, 21.20837 ], [ 92.16552, 21.20839 ], [ 92.16552, 21.20841 ], [ 92.16552, 21.20842 ], [ 92.16551, 21.20847 ], [ 92.16555, 21.20848 ], [ 92.16558, 21.20849 ], [ 92.16563, 21.20851 ], [ 92.16566, 21.20852 ], [ 92.16568, 21.20853 ], [ 92.1657, 21.20853 ], [ 92.16572, 21.20853 ], [ 92.16573, 21.20853 ], [ 92.16574, 21.20852 ], [ 92.16576, 21.20851 ], [ 92.16577, 21.20851 ], [ 92.16579, 21.2085 ], [ 92.16581, 21.2085 ], [ 92.16582, 21.20851 ], [ 92.16583, 21.20851 ], [ 92.16584, 21.20852 ], [ 92.16586, 21.20854 ], [ 92.16587, 21.20854 ], [ 92.16589, 21.20856 ], [ 92.1659, 21.20857 ], [ 92.16591, 21.20859 ], [ 92.16592, 21.2086 ], [ 92.16593, 21.20863 ], [ 92.16602, 21.2087 ], [ 92.16599, 21.20874 ], [ 92.16609, 21.20881 ], [ 92.16625, 21.20891 ], [ 92.16628, 21.20894 ], [ 92.1663, 21.20895 ], [ 92.16632, 21.20895 ], [ 92.16635, 21.20895 ], [ 92.16637, 21.20895 ], [ 92.1664, 21.20895 ], [ 92.16643, 21.20896 ], [ 92.16645, 21.20896 ], [ 92.16646, 21.20896 ], [ 92.16648, 21.20896 ], [ 92.1665, 21.20896 ], [ 92.16652, 21.20895 ], [ 92.16654, 21.20893 ], [ 92.16656, 21.20892 ], [ 92.16657, 21.20892 ], [ 92.1666, 21.20892 ], [ 92.16663, 21.20892 ], [ 92.16664, 21.20894 ], [ 92.16665, 21.20896 ], [ 92.16667, 21.20899 ], [ 92.16668, 21.20901 ], [ 92.16668, 21.20902 ], [ 92.16669, 21.20903 ], [ 92.16623, 21.20961 ], [ 92.16618, 21.20995 ], [ 92.16635, 21.2103 ], [ 92.16677, 21.21042 ], [ 92.16697, 21.21059 ], [ 92.16686, 21.21109 ], [ 92.16712, 21.21118 ], [ 92.16687, 21.21208 ], [ 92.16673, 21.21253 ], [ 92.16674, 21.21269 ], [ 92.16682, 21.213 ], [ 92.16645, 21.2131 ], [ 92.16651, 21.21344 ], [ 92.16619, 21.21343 ], [ 92.16612, 21.21365 ], [ 92.1662, 21.2139 ], [ 92.16564, 21.21397 ], [ 92.16557, 21.21363 ], [ 92.16526, 21.21334 ], [ 92.165, 21.21337 ], [ 92.1647, 21.21362 ], [ 92.16471, 21.21373 ], [ 92.16527, 21.21383 ], [ 92.16546, 21.21481 ], [ 92.16558, 21.21475 ], [ 92.16592, 21.21461 ], [ 92.16672, 21.21427 ], [ 92.16715, 21.21409 ] ] ] ] } },
{ "type": "Feature", "properties": { "camp_id": "CXB-204", "camp_name": "Camp 2W", "camp_label": "C02W", "camp_name_npm": "Camp 02W", "upazila": "Ukhia", "union": "Palong Khali", "settlement": "Collective site", "area_sqkm": 0.391134346498 }, "geometry": { "type": "MultiPolygon", "coordinates": [ [ [ [ 92.16024, 21.21115 ], [ 92.16045, 21.21112 ], [ 92.16046, 21.21106 ], [ 92.16046, 21.211 ], [ 92.16043, 21.21091 ], [ 92.1604, 21.21079 ], [ 92.1604, 21.21075 ], [ 92.16042, 21.21068 ], [ 92.16046, 21.21063 ], [ 92.16048, 21.21059 ], [ 92.16051, 21.21057 ], [ 92.16055, 21.21055 ], [ 92.16059, 21.21055 ], [ 92.16071, 21.21056 ], [ 92.16076, 21.21056 ], [ 92.1608, 21.21058 ], [ 92.16084, 21.21058 ], [ 92.16087, 21.21058 ], [ 92.1609, 21.21057 ], [ 92.16093, 21.21056 ], [ 92.16098, 21.21053 ], [ 92.16103, 21.21053 ], [ 92.16107, 21.21061 ], [ 92.1613, 21.21055 ], [ 92.16148, 21.2105 ], [ 92.16158, 21.21058 ], [ 92.16176, 21.21051 ], [ 92.16195, 21.21047 ], [ 92.16196, 21.2105 ], [ 92.16199, 21.21052 ], [ 92.16203, 21.21055 ], [ 92.16207, 21.21055 ], [ 92.16209, 21.21056 ], [ 92.16212, 21.21057 ], [ 92.16215, 21.21058 ], [ 92.16217, 21.21055 ], [ 92.16219, 21.21049 ], [ 92.16221, 21.21045 ], [ 92.16229, 21.2103 ], [ 92.16231, 21.21026 ], [ 92.16231, 21.2102 ], [ 92.1623, 21.21014 ], [ 92.16232, 21.21009 ], [ 92.16238, 21.20998 ], [ 92.16262, 21.20947 ], [ 92.16266, 21.20948 ], [ 92.16269, 21.20949 ], [ 92.16273, 21.2095 ], [ 92.1628, 21.20949 ], [ 92.16283, 21.20948 ], [ 92.16286, 21.20945 ], [ 92.16289, 21.20945 ], [ 92.16293, 21.20944 ], [ 92.16297, 21.20943 ], [ 92.16301, 21.20942 ], [ 92.16303, 21.20941 ], [ 92.16307, 21.20941 ], [ 92.1631, 21.20941 ], [ 92.16313, 21.2094 ], [ 92.16316, 21.20938 ], [ 92.16319, 21.20936 ], [ 92.16321, 21.20935 ], [ 92.16323, 21.20934 ], [ 92.16325, 21.20933 ], [ 92.16328, 21.20932 ], [ 92.1633, 21.2093 ], [ 92.16332, 21.2093 ], [ 92.16335, 21.20929 ], [ 92.16337, 21.2093 ], [ 92.16339, 21.2093 ], [ 92.16342, 21.2093 ], [ 92.16344, 21.2093 ], [ 92.16346, 21.20929 ], [ 92.16348, 21.20929 ], [ 92.16352, 21.2093 ], [ 92.16352, 21.20928 ], [ 92.16351, 21.20921 ], [ 92.16351, 21.20912 ], [ 92.16354, 21.20912 ], [ 92.16359, 21.20913 ], [ 92.16363, 21.20913 ], [ 92.16368, 21.20913 ], [ 92.16372, 21.20912 ], [ 92.16374, 21.20912 ], [ 92.16376, 21.20911 ], [ 92.16378, 21.20909 ], [ 92.1638, 21.20907 ], [ 92.16381, 21.20905 ], [ 92.16383, 21.20904 ], [ 92.16384, 21.20902 ], [ 92.16385, 21.20898 ], [ 92.16387, 21.20896 ], [ 92.16389, 21.20893 ], [ 92.1639, 21.20889 ], [ 92.16395, 21.2089 ], [ 92.16395, 21.20886 ], [ 92.16396, 21.20879 ], [ 92.16397, 21.20873 ], [ 92.16399, 21.20866 ], [ 92.16401, 21.20859 ], [ 92.16396, 21.20857 ], [ 92.16399, 21.20852 ], [ 92.164, 21.20845 ], [ 92.16402, 21.2084 ], [ 92.16403, 21.20835 ], [ 92.16404, 21.2083 ], [ 92.16405, 21.20824 ], [ 92.16405, 21.20823 ], [ 92.16406, 21.20819 ], [ 92.16408, 21.20815 ], [ 92.16411, 21.20815 ], [ 92.16411, 21.20815 ], [ 92.16412, 21.20814 ], [ 92.16412, 21.20814 ], [ 92.16412, 21.20814 ], [ 92.16429, 21.20814 ], [ 92.16436, 21.20814 ], [ 92.16437, 21.20814 ], [ 92.16436, 21.20797 ], [ 92.16427, 21.20796 ], [ 92.16427, 21.20786 ], [ 92.16426, 21.20786 ], [ 92.16419, 21.20786 ], [ 92.16384, 21.20792 ], [ 92.16336, 21.20818 ], [ 92.1629, 21.20805 ], [ 92.16243, 21.20789 ], [ 92.16221, 21.20816 ], [ 92.16179, 21.20822 ], [ 92.16156, 21.2079 ], [ 92.16106, 21.20754 ], [ 92.16004, 21.20692 ], [ 92.15876, 21.20653 ], [ 92.15854, 21.2061 ], [ 92.1578, 21.20614 ], [ 92.15772, 21.20627 ], [ 92.1577, 21.20631 ], [ 92.15751, 21.20649 ], [ 92.15739, 21.20666 ], [ 92.15728, 21.20671 ], [ 92.15727, 21.20672 ], [ 92.15707, 21.20681 ], [ 92.15692, 21.20678 ], [ 92.1569, 21.20675 ], [ 92.15687, 21.20667 ], [ 92.15672, 21.20657 ], [ 92.15672, 21.20656 ], [ 92.15666, 21.2067 ], [ 92.15683, 21.20678 ], [ 92.15684, 21.20686 ], [ 92.15668, 21.20692 ], [ 92.15689, 21.20828 ], [ 92.15665, 21.20859 ], [ 92.15663, 21.20861 ], [ 92.15663, 21.20862 ], [ 92.1566, 21.20888 ], [ 92.15649, 21.20887 ], [ 92.15644, 21.20886 ], [ 92.15644, 21.20886 ], [ 92.15622, 21.20896 ], [ 92.15618, 21.20898 ], [ 92.1561, 21.20907 ], [ 92.15602, 21.20909 ], [ 92.15601, 21.20909 ], [ 92.15601, 21.20909 ], [ 92.15601, 21.20909 ], [ 92.15597, 21.2091 ], [ 92.15594, 21.20909 ], [ 92.15591, 21.20908 ], [ 92.1559, 21.20908 ], [ 92.15587, 21.20907 ], [ 92.15585, 21.20888 ], [ 92.15585, 21.20887 ], [ 92.15615, 21.20822 ], [ 92.15598, 21.208 ], [ 92.15587, 21.20741 ], [ 92.15555, 21.2071 ], [ 92.15525, 21.2071 ], [ 92.15518, 21.20715 ], [ 92.1551, 21.20717 ], [ 92.15503, 21.20717 ], [ 92.15498, 21.20714 ], [ 92.15491, 21.20707 ], [ 92.15483, 21.20704 ], [ 92.15477, 21.20704 ], [ 92.15469, 21.20708 ], [ 92.15457, 21.20716 ], [ 92.1545, 21.2073 ], [ 92.15449, 21.20741 ], [ 92.15452, 21.20747 ], [ 92.15454, 21.20754 ], [ 92.1545, 21.20765 ], [ 92.15445, 21.2077 ], [ 92.1544, 21.2077 ], [ 92.15433, 21.20771 ], [ 92.15429, 21.20771 ], [ 92.15423, 21.20768 ], [ 92.15416, 21.20764 ], [ 92.15413, 21.20762 ], [ 92.15411, 21.20757 ], [ 92.15406, 21.20752 ], [ 92.15399, 21.20746 ], [ 92.15389, 21.20742 ], [ 92.15384, 21.20737 ], [ 92.15377, 21.20728 ], [ 92.15377, 21.20728 ], [ 92.1537, 21.20729 ], [ 92.15369, 21.20735 ], [ 92.15361, 21.2074 ], [ 92.15358, 21.20746 ], [ 92.15354, 21.20751 ], [ 92.1535, 21.20762 ], [ 92.1535, 21.20768 ], [ 92.1535, 21.20773 ], [ 92.15348, 21.20782 ], [ 92.15343, 21.20796 ], [ 92.15338, 21.2081 ], [ 92.15331, 21.20827 ], [ 92.15326, 21.20836 ], [ 92.1532, 21.20846 ], [ 92.15309, 21.20853 ], [ 92.15295, 21.20863 ], [ 92.15283, 21.2087 ], [ 92.15264, 21.20878 ], [ 92.15309, 21.20973 ], [ 92.15365, 21.21014 ], [ 92.15406, 21.21042 ], [ 92.15432, 21.21088 ], [ 92.15469, 21.21117 ], [ 92.15495, 21.21104 ], [ 92.15514, 21.21063 ], [ 92.15516, 21.21039 ], [ 92.15544, 21.21019 ], [ 92.15584, 21.21015 ], [ 92.15607, 21.21025 ], [ 92.15655, 21.2104 ], [ 92.15696, 21.2106 ], [ 92.15738, 21.21081 ], [ 92.15761, 21.21094 ], [ 92.1578, 21.21102 ], [ 92.1578, 21.21132 ], [ 92.15827, 21.21142 ], [ 92.15828, 21.21153 ], [ 92.15844, 21.21157 ], [ 92.15859, 21.21133 ], [ 92.15874, 21.21121 ], [ 92.15903, 21.21108 ], [ 92.15952, 21.21102 ], [ 92.16, 21.21102 ], [ 92.16022, 21.21109 ], [ 92.16024, 21.21115 ] ] ] ] } },
{ "type": "Feature", "properties": { "camp_id": "CXB-205", "camp_name": "Camp 3", "camp_label": "C03", "camp_name_npm": "Camp 03", "upazila": "Ukhia", "union": "Palong Khali", "settlement": "Collective site", "area_sqkm": 0.45356141883899997 }, "geometry": { "type": "MultiPolygon", "coordinates": [ [ [ [ 92.14808, 21.21387 ], [ 92.14832, 21.21385 ], [ 92.14838, 21.21385 ], [ 92.14868, 21.2139 ], [ 92.14882, 21.21394 ], [ 92.14899, 21.21399 ], [ 92.14908, 21.21391 ], [ 92.14913, 21.21381 ], [ 92.14918, 21.21366 ], [ 92.14924, 21.21354 ], [ 92.14927, 21.21344 ], [ 92.14931, 21.21333 ], [ 92.14936, 21.21318 ], [ 92.14937, 21.21299 ], [ 92.14936, 21.21283 ], [ 92.14944, 21.21271 ], [ 92.14949, 21.21261 ], [ 92.14952, 21.21245 ], [ 92.14953, 21.21239 ], [ 92.14955, 21.2123 ], [ 92.14959, 21.2122 ], [ 92.14955, 21.21199 ], [ 92.14954, 21.21197 ], [ 92.14954, 21.21196 ], [ 92.14951, 21.2119 ], [ 92.14944, 21.21184 ], [ 92.14935, 21.21175 ], [ 92.14924, 21.21165 ], [ 92.14917, 21.21155 ], [ 92.14915, 21.21144 ], [ 92.14917, 21.21133 ], [ 92.14923, 21.21121 ], [ 92.14933, 21.21107 ], [ 92.14947, 21.21102 ], [ 92.14959, 21.21102 ], [ 92.14966, 21.21104 ], [ 92.14988, 21.2111 ], [ 92.15002, 21.2111 ], [ 92.15022, 21.21105 ], [ 92.15041, 21.21102 ], [ 92.15062, 21.21097 ], [ 92.15073, 21.21091 ], [ 92.15082, 21.21084 ], [ 92.15092, 21.2108 ], [ 92.15107, 21.2108 ], [ 92.15118, 21.21083 ], [ 92.15125, 21.21085 ], [ 92.15133, 21.21084 ], [ 92.15138, 21.21081 ], [ 92.15158, 21.21074 ], [ 92.15164, 21.21068 ], [ 92.15169, 21.21057 ], [ 92.15168, 21.21045 ], [ 92.15167, 21.21025 ], [ 92.15169, 21.21014 ], [ 92.15176, 21.20988 ], [ 92.15179, 21.20972 ], [ 92.15182, 21.20962 ], [ 92.15193, 21.20953 ], [ 92.15201, 21.20946 ], [ 92.15207, 21.20934 ], [ 92.15209, 21.20924 ], [ 92.15212, 21.20916 ], [ 92.15213, 21.20908 ], [ 92.15217, 21.20901 ], [ 92.1522, 21.209 ], [ 92.15226, 21.20896 ], [ 92.15236, 21.2089 ], [ 92.15242, 21.20887 ], [ 92.15264, 21.20878 ], [ 92.15283, 21.2087 ], [ 92.15295, 21.20863 ], [ 92.15309, 21.20853 ], [ 92.1532, 21.20846 ], [ 92.15326, 21.20836 ], [ 92.15331, 21.20827 ], [ 92.15338, 21.2081 ], [ 92.15343, 21.20796 ], [ 92.15348, 21.20782 ], [ 92.1535, 21.20773 ], [ 92.1535, 21.20768 ], [ 92.1535, 21.20762 ], [ 92.15354, 21.20751 ], [ 92.15358, 21.20746 ], [ 92.15361, 21.2074 ], [ 92.15369, 21.20735 ], [ 92.1537, 21.20729 ], [ 92.15377, 21.20728 ], [ 92.15377, 21.20728 ], [ 92.15377, 21.2072 ], [ 92.15375, 21.2071 ], [ 92.15369, 21.20698 ], [ 92.15361, 21.20691 ], [ 92.15356, 21.20682 ], [ 92.15355, 21.20671 ], [ 92.15354, 21.20661 ], [ 92.15349, 21.2065 ], [ 92.15345, 21.20633 ], [ 92.15342, 21.20622 ], [ 92.1533, 21.20631 ], [ 92.15322, 21.20633 ], [ 92.15308, 21.2063 ], [ 92.15296, 21.20623 ], [ 92.15293, 21.20628 ], [ 92.15293, 21.20637 ], [ 92.15289, 21.20647 ], [ 92.15287, 21.20658 ], [ 92.15282, 21.20667 ], [ 92.15276, 21.20671 ], [ 92.15265, 21.20677 ], [ 92.15258, 21.20676 ], [ 92.15247, 21.20675 ], [ 92.15241, 21.20679 ], [ 92.15231, 21.20685 ], [ 92.15221, 21.20686 ], [ 92.15215, 21.20682 ], [ 92.1521, 21.20675 ], [ 92.15205, 21.20672 ], [ 92.15194, 21.20673 ], [ 92.15189, 21.20674 ], [ 92.15183, 21.20669 ], [ 92.15172, 21.20664 ], [ 92.15169, 21.20656 ], [ 92.1517, 21.20649 ], [ 92.15178, 21.20648 ], [ 92.15185, 21.20651 ], [ 92.15195, 21.20649 ], [ 92.15194, 21.20641 ], [ 92.15185, 21.20632 ], [ 92.15184, 21.2062 ], [ 92.15191, 21.20611 ], [ 92.15201, 21.20604 ], [ 92.15203, 21.20597 ], [ 92.15195, 21.20593 ], [ 92.15188, 21.20597 ], [ 92.15178, 21.20594 ], [ 92.15176, 21.20588 ], [ 92.15183, 21.20584 ], [ 92.15193, 21.20584 ], [ 92.15193, 21.20575 ], [ 92.15194, 21.20566 ], [ 92.15186, 21.20561 ], [ 92.15172, 21.20563 ], [ 92.15157, 21.20566 ], [ 92.15154, 21.20576 ], [ 92.1515, 21.20587 ], [ 92.15145, 21.20599 ], [ 92.15138, 21.206 ], [ 92.15133, 21.20598 ], [ 92.15117, 21.20595 ], [ 92.15109, 21.20602 ], [ 92.15102, 21.2061 ], [ 92.15089, 21.20619 ], [ 92.15089, 21.20619 ], [ 92.15078, 21.20624 ], [ 92.15072, 21.20635 ], [ 92.15061, 21.20635 ], [ 92.15047, 21.20631 ], [ 92.15037, 21.20613 ], [ 92.1502, 21.2061 ], [ 92.14997, 21.20612 ], [ 92.14981, 21.20608 ], [ 92.14971, 21.20594 ], [ 92.14963, 21.20579 ], [ 92.14946, 21.20575 ], [ 92.1493, 21.20578 ], [ 92.14923, 21.20567 ], [ 92.1491, 21.20574 ], [ 92.14904, 21.20574 ], [ 92.14898, 21.2057 ], [ 92.14905, 21.20556 ], [ 92.14902, 21.20545 ], [ 92.14892, 21.20541 ], [ 92.14883, 21.20541 ], [ 92.14873, 21.2054 ], [ 92.14872, 21.20534 ], [ 92.14867, 21.20525 ], [ 92.14856, 21.20526 ], [ 92.1484, 21.20526 ], [ 92.14833, 21.20502 ], [ 92.14833, 21.20479 ], [ 92.14822, 21.20484 ], [ 92.14823, 21.20492 ], [ 92.14825, 21.20517 ], [ 92.14828, 21.20541 ], [ 92.14828, 21.20542 ], [ 92.1484, 21.20561 ], [ 92.14845, 21.2057 ], [ 92.14846, 21.20584 ], [ 92.14836, 21.20597 ], [ 92.14822, 21.20594 ], [ 92.14791, 21.20586 ], [ 92.14773, 21.20586 ], [ 92.14763, 21.20599 ], [ 92.14735, 21.20621 ], [ 92.147, 21.20667 ], [ 92.14699, 21.20668 ], [ 92.14677, 21.20697 ], [ 92.14659, 21.20716 ], [ 92.14632, 21.20727 ], [ 92.1461, 21.20748 ], [ 92.1459, 21.20778 ], [ 92.14586, 21.20805 ], [ 92.14588, 21.20819 ], [ 92.14593, 21.20849 ], [ 92.14596, 21.20865 ], [ 92.14588, 21.20891 ], [ 92.14591, 21.20913 ], [ 92.14594, 21.20936 ], [ 92.14596, 21.20948 ], [ 92.14598, 21.20957 ], [ 92.14598, 21.20961 ], [ 92.14604, 21.21004 ], [ 92.14608, 21.2104 ], [ 92.14614, 21.21051 ], [ 92.14636, 21.21092 ], [ 92.14643, 21.21104 ], [ 92.14666, 21.21131 ], [ 92.14669, 21.21134 ], [ 92.14674, 21.21179 ], [ 92.14657, 21.21221 ], [ 92.14667, 21.21256 ], [ 92.147, 21.21299 ], [ 92.14694, 21.21418 ], [ 92.14718, 21.21424 ], [ 92.14738, 21.21407 ], [ 92.14746, 21.21384 ], [ 92.14808, 21.21387 ] ] ] ] } },
{ "type": "Feature", "properties": { "camp_id": "CXB-206", "camp_name": "Camp 4", "camp_label": "C04", "camp_name_npm": "Camp 04", "upazila": "Ukhia", "union": "Palong Khali", "settlement": "Collective site", "area_sqkm": 1.1551395981499999 }, "geometry": { "type": "MultiPolygon", "coordinates": [ [ [ [ 92.14599, 21.21527 ], [ 92.1465, 21.21486 ], [ 92.14673, 21.21453 ], [ 92.14694, 21.21418 ], [ 92.147, 21.21299 ], [ 92.14667, 21.21256 ], [ 92.14657, 21.21221 ], [ 92.14674, 21.21179 ], [ 92.14669, 21.21134 ], [ 92.14666, 21.21131 ], [ 92.14643, 21.21104 ], [ 92.14636, 21.21092 ], [ 92.14614, 21.21051 ], [ 92.14608, 21.2104 ], [ 92.14604, 21.21004 ], [ 92.14598, 21.20961 ], [ 92.14598, 21.20957 ], [ 92.14596, 21.20948 ], [ 92.14594, 21.20936 ], [ 92.14591, 21.20913 ], [ 92.14588, 21.20891 ], [ 92.14596, 21.20865 ], [ 92.14593, 21.20849 ], [ 92.14588, 21.20819 ], [ 92.14586, 21.20805 ], [ 92.1459, 21.20778 ], [ 92.1461, 21.20748 ], [ 92.14632, 21.20727 ], [ 92.14659, 21.20716 ], [ 92.14677, 21.20697 ], [ 92.14699, 21.20668 ], [ 92.147, 21.20667 ], [ 92.14735, 21.20621 ], [ 92.14763, 21.20599 ], [ 92.14773, 21.20586 ], [ 92.14791, 21.20586 ], [ 92.14822, 21.20594 ], [ 92.14836, 21.20597 ], [ 92.14846, 21.20584 ], [ 92.14845, 21.2057 ], [ 92.1484, 21.20561 ], [ 92.14828, 21.20542 ], [ 92.14828, 21.20541 ], [ 92.14825, 21.20517 ], [ 92.14823, 21.20492 ], [ 92.14822, 21.20484 ], [ 92.14823, 21.20466 ], [ 92.14818, 21.20449 ], [ 92.14804, 21.20435 ], [ 92.148, 21.20427 ], [ 92.148, 21.20413 ], [ 92.14802, 21.20383 ], [ 92.14797, 21.20374 ], [ 92.14796, 21.20373 ], [ 92.14792, 21.20367 ], [ 92.14775, 21.20343 ], [ 92.14771, 21.20337 ], [ 92.14757, 21.20307 ], [ 92.14756, 21.20272 ], [ 92.14754, 21.20266 ], [ 92.14751, 21.20254 ], [ 92.1475, 21.20254 ], [ 92.14725, 21.20248 ], [ 92.14702, 21.20239 ], [ 92.14678, 21.2022 ], [ 92.14668, 21.20202 ], [ 92.14664, 21.20168 ], [ 92.14663, 21.20158 ], [ 92.14662, 21.20157 ], [ 92.14607, 21.20164 ], [ 92.14586, 21.20202 ], [ 92.14549, 21.20214 ], [ 92.14519, 21.20233 ], [ 92.14505, 21.20257 ], [ 92.14513, 21.20289 ], [ 92.1453, 21.20324 ], [ 92.14487, 21.20316 ], [ 92.14446, 21.20301 ], [ 92.14445, 21.20301 ], [ 92.14437, 21.20299 ], [ 92.14413, 21.20293 ], [ 92.14413, 21.20293 ], [ 92.1439, 21.20298 ], [ 92.1439, 21.20298 ], [ 92.14389, 21.20298 ], [ 92.14375, 21.20296 ], [ 92.14347, 21.20296 ], [ 92.14318, 21.20266 ], [ 92.14276, 21.2024 ], [ 92.14267, 21.20234 ], [ 92.1423, 21.20209 ], [ 92.14206, 21.20208 ], [ 92.14206, 21.20208 ], [ 92.14173, 21.20213 ], [ 92.14145, 21.20227 ], [ 92.14116, 21.20238 ], [ 92.14115, 21.20238 ], [ 92.14086, 21.20226 ], [ 92.1407, 21.20219 ], [ 92.14019, 21.20227 ], [ 92.13996, 21.20231 ], [ 92.13965, 21.20196 ], [ 92.13965, 21.20196 ], [ 92.13956, 21.20194 ], [ 92.13952, 21.20193 ], [ 92.13946, 21.2019 ], [ 92.13943, 21.20188 ], [ 92.13937, 21.20184 ], [ 92.13933, 21.20178 ], [ 92.13924, 21.20202 ], [ 92.13918, 21.20217 ], [ 92.13913, 21.20231 ], [ 92.13912, 21.20233 ], [ 92.13908, 21.20243 ], [ 92.13906, 21.20248 ], [ 92.13905, 21.20251 ], [ 92.13899, 21.20267 ], [ 92.13896, 21.20275 ], [ 92.13897, 21.20285 ], [ 92.13901, 21.20304 ], [ 92.13905, 21.20326 ], [ 92.13908, 21.20343 ], [ 92.13921, 21.20414 ], [ 92.13925, 21.20432 ], [ 92.13924, 21.20434 ], [ 92.13924, 21.20436 ], [ 92.13922, 21.2044 ], [ 92.13912, 21.20471 ], [ 92.13904, 21.20496 ], [ 92.13902, 21.20499 ], [ 92.13901, 21.205 ], [ 92.13877, 21.20536 ], [ 92.13872, 21.20595 ], [ 92.13869, 21.20625 ], [ 92.13868, 21.20639 ], [ 92.13853, 21.20668 ], [ 92.13843, 21.20687 ], [ 92.1384, 21.207 ], [ 92.13835, 21.20724 ], [ 92.13827, 21.20761 ], [ 92.13826, 21.20768 ], [ 92.13825, 21.20772 ], [ 92.13812, 21.20832 ], [ 92.13779, 21.20903 ], [ 92.13771, 21.2092 ], [ 92.13774, 21.20948 ], [ 92.13775, 21.20968 ], [ 92.13776, 21.2098 ], [ 92.13777, 21.20984 ], [ 92.13777, 21.20985 ], [ 92.13778, 21.20996 ], [ 92.13779, 21.2101 ], [ 92.1378, 21.2102 ], [ 92.13781, 21.21029 ], [ 92.13781, 21.21031 ], [ 92.13781, 21.21035 ], [ 92.13782, 21.21039 ], [ 92.13782, 21.21043 ], [ 92.13782, 21.21046 ], [ 92.13782, 21.21049 ], [ 92.13783, 21.21051 ], [ 92.13783, 21.21053 ], [ 92.13783, 21.21055 ], [ 92.13783, 21.21056 ], [ 92.13783, 21.21056 ], [ 92.13783, 21.21056 ], [ 92.13783, 21.21057 ], [ 92.13783, 21.21057 ], [ 92.13783, 21.21057 ], [ 92.13786, 21.21066 ], [ 92.13791, 21.21084 ], [ 92.13798, 21.21107 ], [ 92.13801, 21.21119 ], [ 92.13808, 21.2114 ], [ 92.13811, 21.21151 ], [ 92.13813, 21.2116 ], [ 92.13815, 21.21165 ], [ 92.13815, 21.21167 ], [ 92.13816, 21.21167 ], [ 92.13816, 21.21169 ], [ 92.13817, 21.21169 ], [ 92.13819, 21.2117 ], [ 92.13821, 21.2117 ], [ 92.1384, 21.21177 ], [ 92.13847, 21.2118 ], [ 92.13857, 21.21189 ], [ 92.13862, 21.21192 ], [ 92.13862, 21.21193 ], [ 92.13867, 21.21198 ], [ 92.13875, 21.21208 ], [ 92.13878, 21.21212 ], [ 92.13882, 21.21217 ], [ 92.13894, 21.21218 ], [ 92.13894, 21.21218 ], [ 92.139, 21.21218 ], [ 92.13919, 21.21216 ], [ 92.13929, 21.21214 ], [ 92.13941, 21.21213 ], [ 92.13951, 21.21211 ], [ 92.13951, 21.21211 ], [ 92.13953, 21.21219 ], [ 92.13952, 21.21231 ], [ 92.13947, 21.21239 ], [ 92.13952, 21.21244 ], [ 92.13953, 21.21246 ], [ 92.13953, 21.2125 ], [ 92.13953, 21.21252 ], [ 92.13952, 21.21259 ], [ 92.13953, 21.21266 ], [ 92.13952, 21.21267 ], [ 92.13939, 21.21286 ], [ 92.13946, 21.21298 ], [ 92.13952, 21.21308 ], [ 92.13988, 21.2133 ], [ 92.14037, 21.21334 ], [ 92.14067, 21.21352 ], [ 92.14069, 21.21354 ], [ 92.14085, 21.2138 ], [ 92.14095, 21.21395 ], [ 92.14095, 21.21457 ], [ 92.14174, 21.21457 ], [ 92.14199, 21.21447 ], [ 92.14212, 21.21441 ], [ 92.14213, 21.21441 ], [ 92.14233, 21.21446 ], [ 92.1424, 21.21448 ], [ 92.14267, 21.21454 ], [ 92.14276, 21.21457 ], [ 92.14295, 21.21467 ], [ 92.14325, 21.21462 ], [ 92.14353, 21.21464 ], [ 92.14384, 21.21451 ], [ 92.14414, 21.21468 ], [ 92.14437, 21.21505 ], [ 92.14448, 21.21508 ], [ 92.14464, 21.21509 ], [ 92.14482, 21.21515 ], [ 92.14495, 21.21517 ], [ 92.14503, 21.21515 ], [ 92.14518, 21.21516 ], [ 92.14525, 21.2152 ], [ 92.14537, 21.21522 ], [ 92.14547, 21.21523 ], [ 92.14559, 21.21522 ], [ 92.14571, 21.21523 ], [ 92.1458, 21.21524 ], [ 92.14583, 21.21527 ], [ 92.14599, 21.21527 ] ] ] ] } },
{ "type": "Feature", "properties": { "camp_id": "CXB-207", "camp_name": "Camp 7", "camp_label": "C07", "camp_name_npm": "Camp 07", "upazila": "Ukhia", "union": "Palong Khali", "settlement": "Collective site", "area_sqkm": 0.71408622793400001 }, "geometry": { "type": "MultiPolygon", "coordinates": [ [ [ [ 92.16975, 21.2077 ], [ 92.16976, 21.20762 ], [ 92.16976, 21.20763 ], [ 92.16978, 21.2076 ], [ 92.16993, 21.20744 ], [ 92.17004, 21.20731 ], [ 92.17019, 21.20714 ], [ 92.17029, 21.20698 ], [ 92.17037, 21.20684 ], [ 92.17039, 21.20671 ], [ 92.17041, 21.20639 ], [ 92.1704, 21.20619 ], [ 92.17039, 21.20605 ], [ 92.17035, 21.20584 ], [ 92.17032, 21.20569 ], [ 92.1703, 21.2055 ], [ 92.1703, 21.20535 ], [ 92.17034, 21.20525 ], [ 92.17042, 21.20514 ], [ 92.17046, 21.20502 ], [ 92.17048, 21.20487 ], [ 92.17049, 21.20474 ], [ 92.17047, 21.20457 ], [ 92.17042, 21.20436 ], [ 92.17036, 21.20417 ], [ 92.1703, 21.204 ], [ 92.17029, 21.20384 ], [ 92.17032, 21.2037 ], [ 92.17039, 21.20359 ], [ 92.17049, 21.20342 ], [ 92.17061, 21.20321 ], [ 92.1707, 21.20305 ], [ 92.17073, 21.20288 ], [ 92.17074, 21.20275 ], [ 92.17065, 21.20265 ], [ 92.17046, 21.20243 ], [ 92.17038, 21.20225 ], [ 92.17035, 21.20203 ], [ 92.17038, 21.20183 ], [ 92.17038, 21.2012 ], [ 92.1703, 21.20114 ], [ 92.17023, 21.20112 ], [ 92.17017, 21.20108 ], [ 92.17011, 21.20108 ], [ 92.17005, 21.2011 ], [ 92.16999, 21.2011 ], [ 92.16994, 21.20107 ], [ 92.1699, 21.20104 ], [ 92.16984, 21.20102 ], [ 92.16974, 21.20102 ], [ 92.16962, 21.20099 ], [ 92.16958, 21.20099 ], [ 92.16952, 21.20098 ], [ 92.16945, 21.20098 ], [ 92.16944, 21.20098 ], [ 92.16936, 21.20095 ], [ 92.16925, 21.20092 ], [ 92.16924, 21.20092 ], [ 92.16916, 21.20093 ], [ 92.16916, 21.20093 ], [ 92.16916, 21.20093 ], [ 92.16913, 21.20093 ], [ 92.169, 21.20094 ], [ 92.16891, 21.20093 ], [ 92.1689, 21.20093 ], [ 92.16888, 21.20093 ], [ 92.16888, 21.20092 ], [ 92.16886, 21.20092 ], [ 92.1688, 21.20088 ], [ 92.16879, 21.20086 ], [ 92.16877, 21.20083 ], [ 92.16877, 21.20079 ], [ 92.16876, 21.20075 ], [ 92.16871, 21.20074 ], [ 92.16866, 21.20073 ], [ 92.16864, 21.20074 ], [ 92.1686, 21.20076 ], [ 92.16855, 21.20081 ], [ 92.16854, 21.20082 ], [ 92.16854, 21.20082 ], [ 92.1685, 21.20086 ], [ 92.16848, 21.20089 ], [ 92.16847, 21.20091 ], [ 92.16845, 21.20096 ], [ 92.16845, 21.20098 ], [ 92.16844, 21.20101 ], [ 92.16843, 21.20104 ], [ 92.16843, 21.20104 ], [ 92.16843, 21.20107 ], [ 92.16841, 21.20115 ], [ 92.1684, 21.20116 ], [ 92.16835, 21.2012 ], [ 92.16827, 21.20122 ], [ 92.16824, 21.20123 ], [ 92.16822, 21.20124 ], [ 92.16817, 21.20125 ], [ 92.16814, 21.20126 ], [ 92.16814, 21.20126 ], [ 92.16802, 21.2013 ], [ 92.16791, 21.20132 ], [ 92.16789, 21.20133 ], [ 92.16783, 21.20136 ], [ 92.16778, 21.20138 ], [ 92.16778, 21.20138 ], [ 92.16774, 21.2014 ], [ 92.16768, 21.20142 ], [ 92.16764, 21.20142 ], [ 92.16759, 21.20143 ], [ 92.16757, 21.20143 ], [ 92.16751, 21.20143 ], [ 92.1675, 21.20143 ], [ 92.16748, 21.20143 ], [ 92.16747, 21.20143 ], [ 92.1674, 21.20142 ], [ 92.16735, 21.20141 ], [ 92.16729, 21.20138 ], [ 92.16726, 21.20137 ], [ 92.16721, 21.20132 ], [ 92.1672, 21.2013 ], [ 92.16719, 21.20129 ], [ 92.16717, 21.20125 ], [ 92.16716, 21.20118 ], [ 92.16716, 21.20118 ], [ 92.16716, 21.20116 ], [ 92.16716, 21.20108 ], [ 92.16717, 21.20101 ], [ 92.16716, 21.20101 ], [ 92.16712, 21.20094 ], [ 92.16712, 21.20094 ], [ 92.16711, 21.20093 ], [ 92.16706, 21.20088 ], [ 92.16705, 21.20087 ], [ 92.16703, 21.20087 ], [ 92.16698, 21.20085 ], [ 92.16697, 21.20084 ], [ 92.16695, 21.20084 ], [ 92.16693, 21.20084 ], [ 92.16685, 21.20082 ], [ 92.16684, 21.20082 ], [ 92.1668, 21.20081 ], [ 92.16676, 21.20079 ], [ 92.16675, 21.20079 ], [ 92.1667, 21.20076 ], [ 92.16669, 21.20075 ], [ 92.16668, 21.20075 ], [ 92.16662, 21.20069 ], [ 92.16656, 21.20062 ], [ 92.16653, 21.20058 ], [ 92.16652, 21.20058 ], [ 92.16652, 21.20057 ], [ 92.16651, 21.20057 ], [ 92.16641, 21.2005 ], [ 92.16633, 21.20046 ], [ 92.16633, 21.20046 ], [ 92.16629, 21.20039 ], [ 92.16628, 21.20038 ], [ 92.16627, 21.20035 ], [ 92.16626, 21.20033 ], [ 92.16625, 21.20031 ], [ 92.16625, 21.2003 ], [ 92.16622, 21.2002 ], [ 92.16621, 21.20018 ], [ 92.1662, 21.20013 ], [ 92.16619, 21.2001 ], [ 92.16618, 21.20002 ], [ 92.16616, 21.20001 ], [ 92.1661, 21.19998 ], [ 92.16609, 21.19998 ], [ 92.16607, 21.19998 ], [ 92.16599, 21.19996 ], [ 92.16589, 21.19998 ], [ 92.16588, 21.19998 ], [ 92.16587, 21.19998 ], [ 92.16586, 21.19999 ], [ 92.16579, 21.20004 ], [ 92.16574, 21.20009 ], [ 92.16573, 21.2001 ], [ 92.16573, 21.2001 ], [ 92.16562, 21.20012 ], [ 92.16551, 21.20012 ], [ 92.16545, 21.20011 ], [ 92.16543, 21.2001 ], [ 92.16541, 21.2001 ], [ 92.16535, 21.20008 ], [ 92.16526, 21.20003 ], [ 92.16522, 21.2 ], [ 92.16521, 21.19999 ], [ 92.16518, 21.19998 ], [ 92.1651, 21.19992 ], [ 92.1651, 21.19992 ], [ 92.16508, 21.19991 ], [ 92.16505, 21.19989 ], [ 92.16504, 21.19988 ], [ 92.16499, 21.19984 ], [ 92.16492, 21.19978 ], [ 92.16486, 21.19974 ], [ 92.16486, 21.19973 ], [ 92.16484, 21.19972 ], [ 92.16477, 21.19967 ], [ 92.16469, 21.19963 ], [ 92.16464, 21.1996 ], [ 92.1646, 21.1996 ], [ 92.16459, 21.1996 ], [ 92.16448, 21.19959 ], [ 92.1644, 21.1996 ], [ 92.16436, 21.19961 ], [ 92.16433, 21.19961 ], [ 92.16429, 21.19962 ], [ 92.16415, 21.19963 ], [ 92.16412, 21.19964 ], [ 92.16407, 21.19965 ], [ 92.16401, 21.19966 ], [ 92.16401, 21.19966 ], [ 92.16398, 21.19967 ], [ 92.16392, 21.19968 ], [ 92.16382, 21.19974 ], [ 92.16381, 21.19974 ], [ 92.16379, 21.19975 ], [ 92.16377, 21.19976 ], [ 92.16372, 21.19979 ], [ 92.16372, 21.19979 ], [ 92.16363, 21.19984 ], [ 92.1636, 21.19984 ], [ 92.16359, 21.19984 ], [ 92.16359, 21.19984 ], [ 92.16352, 21.19985 ], [ 92.16341, 21.19985 ], [ 92.16335, 21.19983 ], [ 92.16334, 21.19982 ], [ 92.16333, 21.19982 ], [ 92.16332, 21.19981 ], [ 92.16328, 21.1998 ], [ 92.1632, 21.19972 ], [ 92.16319, 21.19968 ], [ 92.16319, 21.19967 ], [ 92.16316, 21.19959 ], [ 92.16316, 21.19957 ], [ 92.16315, 21.19955 ], [ 92.16315, 21.19953 ], [ 92.16315, 21.19952 ], [ 92.16316, 21.1994 ], [ 92.16317, 21.19938 ], [ 92.16317, 21.19937 ], [ 92.16317, 21.19935 ], [ 92.16317, 21.19932 ], [ 92.16318, 21.19926 ], [ 92.16318, 21.19925 ], [ 92.16318, 21.19923 ], [ 92.16318, 21.19922 ], [ 92.16318, 21.1992 ], [ 92.16319, 21.19914 ], [ 92.16319, 21.19912 ], [ 92.16319, 21.19911 ], [ 92.16319, 21.19909 ], [ 92.16318, 21.19906 ], [ 92.16318, 21.19906 ], [ 92.16317, 21.19897 ], [ 92.16316, 21.19893 ], [ 92.16316, 21.19893 ], [ 92.16315, 21.1989 ], [ 92.16315, 21.19889 ], [ 92.16313, 21.19884 ], [ 92.16313, 21.19884 ], [ 92.16313, 21.19883 ], [ 92.16313, 21.19882 ], [ 92.16312, 21.19882 ], [ 92.1631, 21.19879 ], [ 92.1631, 21.19879 ], [ 92.16308, 21.19877 ], [ 92.16308, 21.19877 ], [ 92.16308, 21.19877 ], [ 92.16307, 21.19875 ], [ 92.16307, 21.19875 ], [ 92.16307, 21.19875 ], [ 92.16306, 21.19875 ], [ 92.163, 21.19871 ], [ 92.16299, 21.1987 ], [ 92.16298, 21.19869 ], [ 92.16298, 21.19869 ], [ 92.16296, 21.19869 ], [ 92.16289, 21.19868 ], [ 92.16288, 21.19867 ], [ 92.16286, 21.19867 ], [ 92.16284, 21.19867 ], [ 92.1628, 21.19867 ], [ 92.1628, 21.19867 ], [ 92.16278, 21.19867 ], [ 92.16277, 21.19867 ], [ 92.16271, 21.19868 ], [ 92.1627, 21.19868 ], [ 92.1627, 21.19868 ], [ 92.16263, 21.1987 ], [ 92.16263, 21.1987 ], [ 92.1626, 21.19871 ], [ 92.1626, 21.19871 ], [ 92.1626, 21.19871 ], [ 92.16259, 21.19872 ], [ 92.16257, 21.19873 ], [ 92.16255, 21.19875 ], [ 92.16255, 21.19875 ], [ 92.16254, 21.19875 ], [ 92.16251, 21.19878 ], [ 92.16249, 21.19879 ], [ 92.16246, 21.19882 ], [ 92.16244, 21.19885 ], [ 92.16243, 21.19885 ], [ 92.16243, 21.19885 ], [ 92.16242, 21.19886 ], [ 92.16241, 21.19887 ], [ 92.16234, 21.19899 ], [ 92.16234, 21.19899 ], [ 92.16233, 21.19901 ], [ 92.16232, 21.19903 ], [ 92.1623, 21.19905 ], [ 92.16221, 21.19916 ], [ 92.16221, 21.19916 ], [ 92.1622, 21.19917 ], [ 92.16218, 21.19919 ], [ 92.16216, 21.19922 ], [ 92.16213, 21.19929 ], [ 92.16213, 21.1993 ], [ 92.16213, 21.1993 ], [ 92.16212, 21.19932 ], [ 92.16212, 21.19933 ], [ 92.16209, 21.19939 ], [ 92.1621, 21.1994 ], [ 92.1621, 21.1994 ], [ 92.1621, 21.19941 ], [ 92.1621, 21.19941 ], [ 92.16211, 21.19946 ], [ 92.16212, 21.19951 ], [ 92.16212, 21.19952 ], [ 92.16212, 21.19953 ], [ 92.16212, 21.19953 ], [ 92.16211, 21.19957 ], [ 92.16211, 21.19959 ], [ 92.1621, 21.19962 ], [ 92.1621, 21.19962 ], [ 92.16209, 21.19966 ], [ 92.16209, 21.19966 ], [ 92.16208, 21.19967 ], [ 92.16208, 21.19969 ], [ 92.16208, 21.19969 ], [ 92.16208, 21.19969 ], [ 92.16207, 21.1997 ], [ 92.16205, 21.19973 ], [ 92.16205, 21.19973 ], [ 92.16205, 21.19974 ], [ 92.16203, 21.19976 ], [ 92.16203, 21.19976 ], [ 92.16201, 21.19979 ], [ 92.162, 21.19979 ], [ 92.162, 21.19979 ], [ 92.16195, 21.19982 ], [ 92.16195, 21.19982 ], [ 92.16191, 21.19985 ], [ 92.1619, 21.19985 ], [ 92.1619, 21.19985 ], [ 92.16188, 21.19986 ], [ 92.16188, 21.19986 ], [ 92.16184, 21.19987 ], [ 92.16184, 21.19987 ], [ 92.16176, 21.1999 ], [ 92.16176, 21.1999 ], [ 92.16171, 21.19992 ], [ 92.1617, 21.19992 ], [ 92.1617, 21.19992 ], [ 92.16167, 21.19992 ], [ 92.16163, 21.19992 ], [ 92.16163, 21.19992 ], [ 92.16163, 21.19992 ], [ 92.16156, 21.19993 ], [ 92.16156, 21.19993 ], [ 92.16152, 21.19994 ], [ 92.16152, 21.19994 ], [ 92.16148, 21.19994 ], [ 92.16148, 21.19994 ], [ 92.16148, 21.19994 ], [ 92.16143, 21.19993 ], [ 92.16143, 21.19993 ], [ 92.16142, 21.19993 ], [ 92.16141, 21.19993 ], [ 92.16139, 21.19993 ], [ 92.16139, 21.19993 ], [ 92.16133, 21.19992 ], [ 92.16133, 21.19992 ], [ 92.16129, 21.19991 ], [ 92.16129, 21.19991 ], [ 92.16127, 21.19991 ], [ 92.16125, 21.19991 ], [ 92.16123, 21.1999 ], [ 92.16123, 21.1999 ], [ 92.16121, 21.1999 ], [ 92.1612, 21.1999 ], [ 92.16119, 21.1999 ], [ 92.16118, 21.1999 ], [ 92.16116, 21.19989 ], [ 92.16115, 21.19989 ], [ 92.16113, 21.19989 ], [ 92.16113, 21.19989 ], [ 92.16111, 21.19988 ], [ 92.1611, 21.19988 ], [ 92.16108, 21.19988 ], [ 92.16108, 21.19988 ], [ 92.16107, 21.19988 ], [ 92.16103, 21.19986 ], [ 92.16103, 21.19986 ], [ 92.16103, 21.19986 ], [ 92.16101, 21.19986 ], [ 92.16098, 21.19985 ], [ 92.16098, 21.19985 ], [ 92.16092, 21.19984 ], [ 92.16091, 21.19984 ], [ 92.16086, 21.19982 ], [ 92.16086, 21.19982 ], [ 92.16082, 21.19981 ], [ 92.16082, 21.19981 ], [ 92.16078, 21.19981 ], [ 92.16078, 21.1998 ], [ 92.16076, 21.1998 ], [ 92.16075, 21.1998 ], [ 92.16075, 21.1998 ], [ 92.16075, 21.1998 ], [ 92.16074, 21.19979 ], [ 92.16072, 21.19979 ], [ 92.16072, 21.19979 ], [ 92.16069, 21.19978 ], [ 92.16068, 21.19978 ], [ 92.16068, 21.19978 ], [ 92.16066, 21.19977 ], [ 92.16066, 21.19977 ], [ 92.16063, 21.19977 ], [ 92.16062, 21.19977 ], [ 92.16062, 21.19977 ], [ 92.1606, 21.19976 ], [ 92.1606, 21.19976 ], [ 92.1606, 21.19976 ], [ 92.16057, 21.19977 ], [ 92.16057, 21.19977 ], [ 92.16055, 21.19977 ], [ 92.16054, 21.19977 ], [ 92.16054, 21.19977 ], [ 92.16054, 21.19977 ], [ 92.16054, 21.19977 ], [ 92.16051, 21.19977 ], [ 92.16051, 21.19977 ], [ 92.16051, 21.19977 ], [ 92.1605, 21.19977 ], [ 92.16049, 21.19978 ], [ 92.16048, 21.19978 ], [ 92.16048, 21.19978 ], [ 92.16047, 21.19978 ], [ 92.16047, 21.19978 ], [ 92.16046, 21.19979 ], [ 92.16046, 21.19979 ], [ 92.16046, 21.19979 ], [ 92.16044, 21.1998 ], [ 92.16044, 21.1998 ], [ 92.16043, 21.1998 ], [ 92.16043, 21.1998 ], [ 92.1604, 21.19982 ], [ 92.1604, 21.19982 ], [ 92.1604, 21.19982 ], [ 92.16039, 21.19982 ], [ 92.16039, 21.19983 ], [ 92.16038, 21.19984 ], [ 92.16038, 21.19984 ], [ 92.16037, 21.19984 ], [ 92.16037, 21.19984 ], [ 92.16036, 21.19986 ], [ 92.16036, 21.19986 ], [ 92.16036, 21.19986 ], [ 92.16036, 21.19986 ], [ 92.16035, 21.19987 ], [ 92.16034, 21.19988 ], [ 92.16034, 21.19988 ], [ 92.16033, 21.19989 ], [ 92.16033, 21.19989 ], [ 92.16033, 21.19989 ], [ 92.16033, 21.19989 ], [ 92.16032, 21.1999 ], [ 92.16032, 21.19991 ], [ 92.16032, 21.19991 ], [ 92.16032, 21.19991 ], [ 92.16032, 21.19991 ], [ 92.16031, 21.19992 ], [ 92.16031, 21.19992 ], [ 92.16031, 21.19992 ], [ 92.16031, 21.19993 ], [ 92.1603, 21.19994 ], [ 92.16028, 21.19997 ], [ 92.16023, 21.20005 ], [ 92.16017, 21.20012 ], [ 92.16004, 21.20022 ], [ 92.15992, 21.20025 ], [ 92.15983, 21.20025 ], [ 92.15959, 21.20019 ], [ 92.15912, 21.20008 ], [ 92.15898, 21.20065 ], [ 92.15911, 21.20125 ], [ 92.15884, 21.2016 ], [ 92.159, 21.20223 ], [ 92.15925, 21.20268 ], [ 92.15963, 21.20277 ], [ 92.15966, 21.20299 ], [ 92.15974, 21.20332 ], [ 92.15988, 21.20351 ], [ 92.15997, 21.20374 ], [ 92.15986, 21.20401 ], [ 92.16002, 21.20405 ], [ 92.16033, 21.20411 ], [ 92.16043, 21.20413 ], [ 92.16043, 21.20422 ], [ 92.16044, 21.20423 ], [ 92.16046, 21.20433 ], [ 92.16103, 21.20432 ], [ 92.16141, 21.20465 ], [ 92.16194, 21.20457 ], [ 92.16237, 21.20461 ], [ 92.16262, 21.20455 ], [ 92.16291, 21.20486 ], [ 92.16267, 21.20535 ], [ 92.16271, 21.20551 ], [ 92.16272, 21.2055 ], [ 92.16313, 21.20552 ], [ 92.16349, 21.20548 ], [ 92.16387, 21.20528 ], [ 92.16398, 21.20517 ], [ 92.16443, 21.20514 ], [ 92.16465, 21.20525 ], [ 92.1649, 21.20537 ], [ 92.16501, 21.20552 ], [ 92.16566, 21.20519 ], [ 92.16566, 21.20519 ], [ 92.16575, 21.20531 ], [ 92.16577, 21.20534 ], [ 92.16579, 21.20537 ], [ 92.16582, 21.2054 ], [ 92.16585, 21.20543 ], [ 92.16588, 21.20548 ], [ 92.1659, 21.20552 ], [ 92.16593, 21.20555 ], [ 92.16594, 21.20557 ], [ 92.16595, 21.20561 ], [ 92.16597, 21.20564 ], [ 92.166, 21.20567 ], [ 92.16604, 21.20571 ], [ 92.16608, 21.20574 ], [ 92.16612, 21.20577 ], [ 92.16616, 21.2058 ], [ 92.1662, 21.20583 ], [ 92.16627, 21.2059 ], [ 92.16634, 21.20592 ], [ 92.16644, 21.20595 ], [ 92.16659, 21.20596 ], [ 92.16665, 21.20608 ], [ 92.16691, 21.20603 ], [ 92.16717, 21.20604 ], [ 92.16725, 21.20585 ], [ 92.16741, 21.20599 ], [ 92.16748, 21.20603 ], [ 92.16754, 21.20606 ], [ 92.16763, 21.2061 ], [ 92.16766, 21.20615 ], [ 92.16769, 21.20622 ], [ 92.16772, 21.20633 ], [ 92.16762, 21.20636 ], [ 92.16765, 21.2064 ], [ 92.1677, 21.20652 ], [ 92.16781, 21.20659 ], [ 92.16786, 21.20671 ], [ 92.16786, 21.20686 ], [ 92.16782, 21.20697 ], [ 92.16773, 21.20708 ], [ 92.16763, 21.20717 ], [ 92.16763, 21.20717 ], [ 92.16757, 21.2074 ], [ 92.16753, 21.20757 ], [ 92.16779, 21.20785 ], [ 92.16828, 21.2088 ], [ 92.16838, 21.2094 ], [ 92.16875, 21.20849 ], [ 92.16894, 21.20824 ], [ 92.1692, 21.20807 ], [ 92.16936, 21.20798 ], [ 92.16975, 21.2077 ] ] ] ] } },
{ "type": "Feature", "properties": { "camp_id": "CXB-208", "camp_name": "Camp 6", "camp_label": "C06", "camp_name_npm": "Camp 06", "upazila": "Ukhia", "union": "Palong Khali", "settlement": "Collective site", "area_sqkm": 0.361088126477 }, "geometry": { "type": "MultiPolygon", "coordinates": [ [ [ [ 92.15597, 21.2091 ], [ 92.15601, 21.20909 ], [ 92.15601, 21.20909 ], [ 92.15601, 21.20909 ], [ 92.15602, 21.20909 ], [ 92.1561, 21.20907 ], [ 92.15618, 21.20898 ], [ 92.15622, 21.20896 ], [ 92.15644, 21.20886 ], [ 92.15644, 21.20886 ], [ 92.15649, 21.20887 ], [ 92.1566, 21.20888 ], [ 92.15663, 21.20862 ], [ 92.15663, 21.20861 ], [ 92.15665, 21.20859 ], [ 92.15689, 21.20828 ], [ 92.15668, 21.20692 ], [ 92.15684, 21.20686 ], [ 92.15683, 21.20678 ], [ 92.15666, 21.2067 ], [ 92.15672, 21.20656 ], [ 92.15672, 21.20657 ], [ 92.15687, 21.20667 ], [ 92.1569, 21.20675 ], [ 92.15692, 21.20678 ], [ 92.15707, 21.20681 ], [ 92.15727, 21.20672 ], [ 92.15728, 21.20671 ], [ 92.15739, 21.20666 ], [ 92.15751, 21.20649 ], [ 92.1577, 21.20631 ], [ 92.15772, 21.20627 ], [ 92.1578, 21.20614 ], [ 92.15854, 21.2061 ], [ 92.15891, 21.20566 ], [ 92.15924, 21.20542 ], [ 92.15955, 21.20499 ], [ 92.15914, 21.20468 ], [ 92.159, 21.20436 ], [ 92.15909, 21.20433 ], [ 92.15918, 21.20429 ], [ 92.15945, 21.20427 ], [ 92.1597, 21.20435 ], [ 92.15999, 21.20424 ], [ 92.16002, 21.20405 ], [ 92.15986, 21.20401 ], [ 92.15997, 21.20374 ], [ 92.15988, 21.20351 ], [ 92.15974, 21.20332 ], [ 92.15966, 21.20299 ], [ 92.15963, 21.20277 ], [ 92.15925, 21.20268 ], [ 92.159, 21.20223 ], [ 92.15884, 21.2016 ], [ 92.15911, 21.20125 ], [ 92.15898, 21.20065 ], [ 92.15912, 21.20008 ], [ 92.15871, 21.19998 ], [ 92.15859, 21.19996 ], [ 92.1584, 21.20003 ], [ 92.15816, 21.20009 ], [ 92.15807, 21.20009 ], [ 92.15797, 21.20006 ], [ 92.15791, 21.2 ], [ 92.15786, 21.19991 ], [ 92.15784, 21.19978 ], [ 92.15781, 21.19961 ], [ 92.15777, 21.1995 ], [ 92.15772, 21.19944 ], [ 92.15763, 21.19944 ], [ 92.15753, 21.19948 ], [ 92.15732, 21.19959 ], [ 92.15712, 21.1997 ], [ 92.15661, 21.20004 ], [ 92.1563, 21.20021 ], [ 92.15619, 21.2003 ], [ 92.15618, 21.20032 ], [ 92.15607, 21.20042 ], [ 92.15601, 21.20059 ], [ 92.15597, 21.20069 ], [ 92.15604, 21.20097 ], [ 92.15614, 21.20127 ], [ 92.15617, 21.20149 ], [ 92.15611, 21.20163 ], [ 92.15584, 21.20184 ], [ 92.1558, 21.20197 ], [ 92.15572, 21.20206 ], [ 92.15564, 21.20206 ], [ 92.15557, 21.20199 ], [ 92.15551, 21.20189 ], [ 92.15538, 21.20183 ], [ 92.15525, 21.20187 ], [ 92.15516, 21.20199 ], [ 92.15503, 21.20215 ], [ 92.1549, 21.20226 ], [ 92.15468, 21.20241 ], [ 92.15452, 21.20268 ], [ 92.15433, 21.20295 ], [ 92.15432, 21.20316 ], [ 92.15434, 21.20332 ], [ 92.15446, 21.20351 ], [ 92.15462, 21.20356 ], [ 92.15477, 21.20363 ], [ 92.15483, 21.20378 ], [ 92.15481, 21.20391 ], [ 92.15475, 21.20397 ], [ 92.15459, 21.20396 ], [ 92.15448, 21.20398 ], [ 92.15442, 21.20405 ], [ 92.1544, 21.20417 ], [ 92.15447, 21.2043 ], [ 92.15451, 21.20442 ], [ 92.15455, 21.20454 ], [ 92.15448, 21.20463 ], [ 92.15445, 21.20477 ], [ 92.15452, 21.2049 ], [ 92.15458, 21.20503 ], [ 92.15463, 21.20528 ], [ 92.15462, 21.20545 ], [ 92.15461, 21.20563 ], [ 92.15465, 21.20577 ], [ 92.15465, 21.20595 ], [ 92.1546, 21.20607 ], [ 92.15447, 21.20617 ], [ 92.15438, 21.20621 ], [ 92.15421, 21.20628 ], [ 92.15402, 21.20633 ], [ 92.15389, 21.20633 ], [ 92.15378, 21.20628 ], [ 92.15374, 21.20619 ], [ 92.15366, 21.20611 ], [ 92.15355, 21.20603 ], [ 92.15347, 21.20601 ], [ 92.1534, 21.20608 ], [ 92.15342, 21.20622 ], [ 92.15345, 21.20633 ], [ 92.15349, 21.2065 ], [ 92.15354, 21.20661 ], [ 92.15355, 21.20671 ], [ 92.15356, 21.20682 ], [ 92.15361, 21.20691 ], [ 92.15369, 21.20698 ], [ 92.15375, 21.2071 ], [ 92.15377, 21.2072 ], [ 92.15377, 21.20728 ], [ 92.15384, 21.20737 ], [ 92.15389, 21.20742 ], [ 92.15399, 21.20746 ], [ 92.15406, 21.20752 ], [ 92.15411, 21.20757 ], [ 92.15413, 21.20762 ], [ 92.15416, 21.20764 ], [ 92.15423, 21.20768 ], [ 92.15429, 21.20771 ], [ 92.15433, 21.20771 ], [ 92.1544, 21.2077 ], [ 92.15445, 21.2077 ], [ 92.1545, 21.20765 ], [ 92.15454, 21.20754 ], [ 92.15452, 21.20747 ], [ 92.15449, 21.20741 ], [ 92.1545, 21.2073 ], [ 92.15457, 21.20716 ], [ 92.15469, 21.20708 ], [ 92.15477, 21.20704 ], [ 92.15483, 21.20704 ], [ 92.15491, 21.20707 ], [ 92.15498, 21.20714 ], [ 92.15503, 21.20717 ], [ 92.1551, 21.20717 ], [ 92.15518, 21.20715 ], [ 92.15525, 21.2071 ], [ 92.15555, 21.2071 ], [ 92.15587, 21.20741 ], [ 92.15598, 21.208 ], [ 92.15615, 21.20822 ], [ 92.15585, 21.20887 ], [ 92.15585, 21.20888 ], [ 92.15587, 21.20907 ], [ 92.1559, 21.20908 ], [ 92.15591, 21.20908 ], [ 92.15594, 21.20909 ], [ 92.15597, 21.2091 ] ] ] ] } },
{ "type": "Feature", "properties": { "camp_id": "CXB-209", "camp_name": "Camp 5", "camp_label": "C05", "camp_name_npm": "Camp 05", "upazila": "Ukhia", "union": "Palong Khali", "settlement": "Collective site", "area_sqkm": 0.61529720110499997 }, "geometry": { "type": "MultiPolygon", "coordinates": [ [ [ [ 92.15342, 21.20622 ], [ 92.1534, 21.20608 ], [ 92.15347, 21.20601 ], [ 92.15355, 21.20603 ], [ 92.15366, 21.20611 ], [ 92.15374, 21.20619 ], [ 92.15378, 21.20628 ], [ 92.15389, 21.20633 ], [ 92.15402, 21.20633 ], [ 92.15421, 21.20628 ], [ 92.15438, 21.20621 ], [ 92.15447, 21.20617 ], [ 92.1546, 21.20607 ], [ 92.15465, 21.20595 ], [ 92.15465, 21.20577 ], [ 92.15461, 21.20563 ], [ 92.15462, 21.20545 ], [ 92.15463, 21.20528 ], [ 92.15458, 21.20503 ], [ 92.15452, 21.2049 ], [ 92.15445, 21.20477 ], [ 92.15448, 21.20463 ], [ 92.15455, 21.20454 ], [ 92.15451, 21.20442 ], [ 92.15447, 21.2043 ], [ 92.1544, 21.20417 ], [ 92.15442, 21.20405 ], [ 92.15448, 21.20398 ], [ 92.15459, 21.20396 ], [ 92.15475, 21.20397 ], [ 92.15481, 21.20391 ], [ 92.15483, 21.20378 ], [ 92.15477, 21.20363 ], [ 92.15462, 21.20356 ], [ 92.15446, 21.20351 ], [ 92.15434, 21.20332 ], [ 92.15432, 21.20316 ], [ 92.15433, 21.20295 ], [ 92.15452, 21.20268 ], [ 92.15468, 21.20241 ], [ 92.1549, 21.20226 ], [ 92.15503, 21.20215 ], [ 92.15516, 21.20199 ], [ 92.15525, 21.20187 ], [ 92.15538, 21.20183 ], [ 92.15551, 21.20189 ], [ 92.15557, 21.20199 ], [ 92.15564, 21.20206 ], [ 92.15572, 21.20206 ], [ 92.1558, 21.20197 ], [ 92.15584, 21.20184 ], [ 92.15611, 21.20163 ], [ 92.15617, 21.20149 ], [ 92.15614, 21.20127 ], [ 92.15604, 21.20097 ], [ 92.15597, 21.20069 ], [ 92.15601, 21.20059 ], [ 92.15607, 21.20042 ], [ 92.15618, 21.20032 ], [ 92.15605, 21.20028 ], [ 92.15586, 21.20024 ], [ 92.1557, 21.20029 ], [ 92.1557, 21.20037 ], [ 92.15564, 21.20048 ], [ 92.15554, 21.20051 ], [ 92.15542, 21.20047 ], [ 92.15537, 21.20034 ], [ 92.15535, 21.20022 ], [ 92.1553, 21.20019 ], [ 92.15521, 21.20027 ], [ 92.15515, 21.20039 ], [ 92.15501, 21.20039 ], [ 92.15493, 21.20035 ], [ 92.1548, 21.20024 ], [ 92.15459, 21.20026 ], [ 92.15455, 21.2002 ], [ 92.15441, 21.20016 ], [ 92.15427, 21.20033 ], [ 92.15415, 21.20038 ], [ 92.15402, 21.20033 ], [ 92.15388, 21.20029 ], [ 92.15387, 21.2004 ], [ 92.15385, 21.20048 ], [ 92.15375, 21.2005 ], [ 92.15361, 21.20047 ], [ 92.15342, 21.2005 ], [ 92.15338, 21.20068 ], [ 92.15311, 21.20063 ], [ 92.15299, 21.20062 ], [ 92.15292, 21.2007 ], [ 92.15275, 21.20089 ], [ 92.15263, 21.20086 ], [ 92.1527, 21.20071 ], [ 92.15258, 21.2007 ], [ 92.15247, 21.20086 ], [ 92.15222, 21.20071 ], [ 92.15206, 21.20088 ], [ 92.15163, 21.20057 ], [ 92.1515, 21.2003 ], [ 92.15177, 21.19998 ], [ 92.15177, 21.1997 ], [ 92.15163, 21.19935 ], [ 92.15121, 21.19898 ], [ 92.15084, 21.19869 ], [ 92.15025, 21.19818 ], [ 92.15, 21.19788 ], [ 92.14978, 21.19787 ], [ 92.14931, 21.19795 ], [ 92.1488, 21.19762 ], [ 92.14831, 21.19755 ], [ 92.14783, 21.19732 ], [ 92.14785, 21.19764 ], [ 92.14781, 21.19779 ], [ 92.14767, 21.19793 ], [ 92.14743, 21.19789 ], [ 92.1472, 21.19784 ], [ 92.14696, 21.19792 ], [ 92.14691, 21.1983 ], [ 92.14676, 21.19847 ], [ 92.14653, 21.19875 ], [ 92.14644, 21.19897 ], [ 92.14649, 21.19917 ], [ 92.14683, 21.19938 ], [ 92.14686, 21.19977 ], [ 92.14683, 21.20018 ], [ 92.14667, 21.20061 ], [ 92.14657, 21.20079 ], [ 92.1465, 21.20099 ], [ 92.14646, 21.20115 ], [ 92.14649, 21.20138 ], [ 92.14662, 21.20157 ], [ 92.14663, 21.20158 ], [ 92.14664, 21.20168 ], [ 92.14668, 21.20202 ], [ 92.14678, 21.2022 ], [ 92.14702, 21.20239 ], [ 92.14725, 21.20248 ], [ 92.1475, 21.20254 ], [ 92.14751, 21.20254 ], [ 92.14754, 21.20266 ], [ 92.14756, 21.20272 ], [ 92.14757, 21.20307 ], [ 92.14771, 21.20337 ], [ 92.14775, 21.20343 ], [ 92.14792, 21.20367 ], [ 92.14796, 21.20373 ], [ 92.14797, 21.20374 ], [ 92.14802, 21.20383 ], [ 92.148, 21.20413 ], [ 92.148, 21.20427 ], [ 92.14804, 21.20435 ], [ 92.14818, 21.20449 ], [ 92.14823, 21.20466 ], [ 92.14822, 21.20484 ], [ 92.14833, 21.20479 ], [ 92.14833, 21.20502 ], [ 92.1484, 21.20526 ], [ 92.14856, 21.20526 ], [ 92.14867, 21.20525 ], [ 92.14872, 21.20534 ], [ 92.14873, 21.2054 ], [ 92.14883, 21.20541 ], [ 92.14892, 21.20541 ], [ 92.14902, 21.20545 ], [ 92.14905, 21.20556 ], [ 92.14898, 21.2057 ], [ 92.14904, 21.20574 ], [ 92.1491, 21.20574 ], [ 92.14923, 21.20567 ], [ 92.1493, 21.20578 ], [ 92.14946, 21.20575 ], [ 92.14963, 21.20579 ], [ 92.14971, 21.20594 ], [ 92.14981, 21.20608 ], [ 92.14997, 21.20612 ], [ 92.1502, 21.2061 ], [ 92.15037, 21.20613 ], [ 92.15047, 21.20631 ], [ 92.15061, 21.20635 ], [ 92.15072, 21.20635 ], [ 92.15078, 21.20624 ], [ 92.15089, 21.20619 ], [ 92.15089, 21.20619 ], [ 92.15102, 21.2061 ], [ 92.15109, 21.20602 ], [ 92.15117, 21.20595 ], [ 92.15133, 21.20598 ], [ 92.15138, 21.206 ], [ 92.15145, 21.20599 ], [ 92.1515, 21.20587 ], [ 92.15154, 21.20576 ], [ 92.15157, 21.20566 ], [ 92.15172, 21.20563 ], [ 92.15186, 21.20561 ], [ 92.15194, 21.20566 ], [ 92.15193, 21.20575 ], [ 92.15193, 21.20584 ], [ 92.15183, 21.20584 ], [ 92.15176, 21.20588 ], [ 92.15178, 21.20594 ], [ 92.15188, 21.20597 ], [ 92.15195, 21.20593 ], [ 92.15203, 21.20597 ], [ 92.15201, 21.20604 ], [ 92.15191, 21.20611 ], [ 92.15184, 21.2062 ], [ 92.15185, 21.20632 ], [ 92.15194, 21.20641 ], [ 92.15195, 21.20649 ], [ 92.15185, 21.20651 ], [ 92.15178, 21.20648 ], [ 92.1517, 21.20649 ], [ 92.15169, 21.20656 ], [ 92.15172, 21.20664 ], [ 92.15183, 21.20669 ], [ 92.15189, 21.20674 ], [ 92.15194, 21.20673 ], [ 92.15205, 21.20672 ], [ 92.1521, 21.20675 ], [ 92.15215, 21.20682 ], [ 92.15221, 21.20686 ], [ 92.15231, 21.20685 ], [ 92.15241, 21.20679 ], [ 92.15247, 21.20675 ], [ 92.15258, 21.20676 ], [ 92.15265, 21.20677 ], [ 92.15276, 21.20671 ], [ 92.15282, 21.20667 ], [ 92.15287, 21.20658 ], [ 92.15289, 21.20647 ], [ 92.15293, 21.20637 ], [ 92.15293, 21.20628 ], [ 92.15296, 21.20623 ], [ 92.15308, 21.2063 ], [ 92.15322, 21.20633 ], [ 92.1533, 21.20631 ], [ 92.15342, 21.20622 ] ] ] ] } },
{ "type": "Feature", "properties": { "camp_id": "CXB-210", "camp_name": "Camp 8E", "camp_label": "C08E", "camp_name_npm": "Camp 08E", "upazila": "Ukhia", "union": "Palong Khali", "settlement": "Collective site", "area_sqkm": 0.95658769811599997 }, "geometry": { "type": "MultiPolygon", "coordinates": [ [ [ [ 92.16864, 21.20074 ], [ 92.16866, 21.20073 ], [ 92.16871, 21.20074 ], [ 92.16876, 21.20075 ], [ 92.16877, 21.20079 ], [ 92.16877, 21.20083 ], [ 92.16879, 21.20086 ], [ 92.1688, 21.20088 ], [ 92.16886, 21.20092 ], [ 92.16888, 21.20092 ], [ 92.16888, 21.20093 ], [ 92.1689, 21.20093 ], [ 92.16891, 21.20093 ], [ 92.169, 21.20094 ], [ 92.16913, 21.20093 ], [ 92.16916, 21.20093 ], [ 92.16916, 21.20093 ], [ 92.16917, 21.20092 ], [ 92.16918, 21.2009 ], [ 92.16919, 21.20086 ], [ 92.16921, 21.20081 ], [ 92.16923, 21.20076 ], [ 92.16924, 21.20073 ], [ 92.16926, 21.20069 ], [ 92.16928, 21.20064 ], [ 92.1693, 21.20059 ], [ 92.16931, 21.20055 ], [ 92.16932, 21.20053 ], [ 92.16933, 21.2005 ], [ 92.16935, 21.20046 ], [ 92.16935, 21.20043 ], [ 92.16935, 21.20036 ], [ 92.16936, 21.20031 ], [ 92.16937, 21.20025 ], [ 92.16938, 21.2002 ], [ 92.16938, 21.20018 ], [ 92.16944, 21.20013 ], [ 92.16948, 21.2001 ], [ 92.16952, 21.20007 ], [ 92.16964, 21.20009 ], [ 92.16979, 21.20009 ], [ 92.16982, 21.20007 ], [ 92.16986, 21.20004 ], [ 92.16989, 21.2 ], [ 92.16993, 21.19997 ], [ 92.16998, 21.19993 ], [ 92.17001, 21.1999 ], [ 92.17006, 21.19987 ], [ 92.1701, 21.19983 ], [ 92.17015, 21.1998 ], [ 92.17018, 21.19975 ], [ 92.17023, 21.1997 ], [ 92.17023, 21.19965 ], [ 92.17023, 21.19961 ], [ 92.17023, 21.19955 ], [ 92.17022, 21.19949 ], [ 92.1702, 21.19948 ], [ 92.17016, 21.19946 ], [ 92.17012, 21.19944 ], [ 92.17007, 21.19945 ], [ 92.17, 21.19945 ], [ 92.16994, 21.19947 ], [ 92.1699, 21.19949 ], [ 92.16987, 21.1995 ], [ 92.16983, 21.19952 ], [ 92.16976, 21.19956 ], [ 92.16971, 21.19958 ], [ 92.16963, 21.19961 ], [ 92.16953, 21.19963 ], [ 92.16938, 21.19963 ], [ 92.16937, 21.19963 ], [ 92.1693, 21.1996 ], [ 92.16924, 21.19958 ], [ 92.1692, 21.19956 ], [ 92.16913, 21.19952 ], [ 92.16907, 21.19954 ], [ 92.16904, 21.19959 ], [ 92.16904, 21.19964 ], [ 92.16904, 21.19968 ], [ 92.16904, 21.19974 ], [ 92.16903, 21.19977 ], [ 92.169, 21.19984 ], [ 92.16894, 21.19988 ], [ 92.16885, 21.19989 ], [ 92.16871, 21.19987 ], [ 92.16866, 21.19984 ], [ 92.16864, 21.19977 ], [ 92.16861, 21.19974 ], [ 92.16855, 21.19965 ], [ 92.16846, 21.19957 ], [ 92.16842, 21.19946 ], [ 92.16843, 21.1994 ], [ 92.16849, 21.19936 ], [ 92.16862, 21.19939 ], [ 92.16872, 21.19941 ], [ 92.16882, 21.19943 ], [ 92.16893, 21.19941 ], [ 92.16898, 21.19937 ], [ 92.169, 21.19927 ], [ 92.16898, 21.19919 ], [ 92.16893, 21.19913 ], [ 92.16885, 21.19909 ], [ 92.16871, 21.19909 ], [ 92.16858, 21.19905 ], [ 92.16852, 21.19899 ], [ 92.16852, 21.19898 ], [ 92.16852, 21.19892 ], [ 92.16853, 21.19885 ], [ 92.16856, 21.19881 ], [ 92.16861, 21.19876 ], [ 92.1687, 21.19872 ], [ 92.16877, 21.19867 ], [ 92.16882, 21.19857 ], [ 92.16879, 21.19848 ], [ 92.16868, 21.1984 ], [ 92.16856, 21.19833 ], [ 92.1685, 21.19829 ], [ 92.1684, 21.19819 ], [ 92.1684, 21.19811 ], [ 92.1684, 21.19801 ], [ 92.1684, 21.19801 ], [ 92.1684, 21.19798 ], [ 92.1684, 21.19788 ], [ 92.16833, 21.19772 ], [ 92.16826, 21.1976 ], [ 92.16825, 21.19751 ], [ 92.16829, 21.19739 ], [ 92.16837, 21.19731 ], [ 92.16847, 21.19726 ], [ 92.1686, 21.19728 ], [ 92.16874, 21.1973 ], [ 92.16886, 21.19733 ], [ 92.16901, 21.19735 ], [ 92.16907, 21.19731 ], [ 92.16912, 21.19722 ], [ 92.16917, 21.19714 ], [ 92.16922, 21.19709 ], [ 92.16947, 21.19699 ], [ 92.16962, 21.19692 ], [ 92.16978, 21.19684 ], [ 92.16986, 21.19676 ], [ 92.1699, 21.19669 ], [ 92.1699, 21.19658 ], [ 92.16983, 21.19651 ], [ 92.16944, 21.19636 ], [ 92.16922, 21.19628 ], [ 92.16907, 21.19616 ], [ 92.16901, 21.1961 ], [ 92.16903, 21.196 ], [ 92.16908, 21.19589 ], [ 92.1691, 21.19577 ], [ 92.16911, 21.19561 ], [ 92.16913, 21.19552 ], [ 92.1692, 21.19547 ], [ 92.16929, 21.19545 ], [ 92.16935, 21.19545 ], [ 92.16957, 21.19551 ], [ 92.16974, 21.19555 ], [ 92.16984, 21.19552 ], [ 92.16989, 21.19546 ], [ 92.16994, 21.19543 ], [ 92.17019, 21.19527 ], [ 92.1703, 21.19527 ], [ 92.17042, 21.19529 ], [ 92.17049, 21.19532 ], [ 92.17059, 21.19533 ], [ 92.17068, 21.19532 ], [ 92.17082, 21.1953 ], [ 92.17089, 21.19524 ], [ 92.17093, 21.19514 ], [ 92.17094, 21.19506 ], [ 92.17092, 21.19496 ], [ 92.17088, 21.19486 ], [ 92.17083, 21.19484 ], [ 92.1707, 21.19485 ], [ 92.17035, 21.19485 ], [ 92.17025, 21.19483 ], [ 92.17005, 21.19476 ], [ 92.16984, 21.19475 ], [ 92.16949, 21.19467 ], [ 92.1694, 21.19459 ], [ 92.16934, 21.19448 ], [ 92.16934, 21.19438 ], [ 92.16937, 21.19431 ], [ 92.16938, 21.19423 ], [ 92.16933, 21.19416 ], [ 92.16925, 21.1941 ], [ 92.16911, 21.19405 ], [ 92.16904, 21.19401 ], [ 92.16891, 21.19391 ], [ 92.16887, 21.19383 ], [ 92.16884, 21.19367 ], [ 92.16879, 21.19353 ], [ 92.16873, 21.19343 ], [ 92.16872, 21.19342 ], [ 92.16862, 21.19333 ], [ 92.16846, 21.19322 ], [ 92.16828, 21.19309 ], [ 92.16815, 21.19298 ], [ 92.1681, 21.19283 ], [ 92.16816, 21.1927 ], [ 92.16826, 21.19264 ], [ 92.16838, 21.19261 ], [ 92.16881, 21.19264 ], [ 92.16894, 21.19268 ], [ 92.16925, 21.19272 ], [ 92.16966, 21.19248 ], [ 92.1695, 21.19227 ], [ 92.16937, 21.19204 ], [ 92.16882, 21.19129 ], [ 92.16842, 21.19079 ], [ 92.16818, 21.19065 ], [ 92.16817, 21.19065 ], [ 92.16813, 21.19063 ], [ 92.16794, 21.19057 ], [ 92.16786, 21.19053 ], [ 92.16752, 21.19039 ], [ 92.16734, 21.19031 ], [ 92.16679, 21.18986 ], [ 92.16667, 21.18975 ], [ 92.16665, 21.18974 ], [ 92.16646, 21.18957 ], [ 92.16627, 21.18967 ], [ 92.16625, 21.18968 ], [ 92.16624, 21.18968 ], [ 92.16624, 21.18969 ], [ 92.16619, 21.18973 ], [ 92.16616, 21.18976 ], [ 92.16613, 21.18979 ], [ 92.1661, 21.18983 ], [ 92.16609, 21.18985 ], [ 92.16609, 21.18985 ], [ 92.16607, 21.18987 ], [ 92.16606, 21.18989 ], [ 92.16606, 21.18989 ], [ 92.16605, 21.1899 ], [ 92.16604, 21.18991 ], [ 92.16604, 21.18991 ], [ 92.16602, 21.18995 ], [ 92.16602, 21.18995 ], [ 92.16602, 21.18995 ], [ 92.166, 21.19 ], [ 92.166, 21.19001 ], [ 92.166, 21.19001 ], [ 92.16599, 21.19001 ], [ 92.16599, 21.19001 ], [ 92.16597, 21.19002 ], [ 92.16595, 21.19003 ], [ 92.16593, 21.19004 ], [ 92.16593, 21.19004 ], [ 92.16591, 21.19003 ], [ 92.16591, 21.19003 ], [ 92.16589, 21.19002 ], [ 92.16588, 21.19001 ], [ 92.16588, 21.19001 ], [ 92.16585, 21.18999 ], [ 92.16583, 21.18998 ], [ 92.16583, 21.18998 ], [ 92.16582, 21.18999 ], [ 92.16582, 21.18999 ], [ 92.16575, 21.19 ], [ 92.16575, 21.19 ], [ 92.16574, 21.19001 ], [ 92.16572, 21.19001 ], [ 92.16569, 21.19003 ], [ 92.16568, 21.19003 ], [ 92.16568, 21.19003 ], [ 92.16565, 21.19005 ], [ 92.1656, 21.19007 ], [ 92.16559, 21.19007 ], [ 92.16553, 21.1901 ], [ 92.16553, 21.1901 ], [ 92.1655, 21.19012 ], [ 92.16548, 21.19013 ], [ 92.16548, 21.19013 ], [ 92.16547, 21.19013 ], [ 92.16541, 21.19016 ], [ 92.16541, 21.19016 ], [ 92.16539, 21.19017 ], [ 92.16536, 21.19018 ], [ 92.16535, 21.19018 ], [ 92.16533, 21.19019 ], [ 92.1653, 21.19018 ], [ 92.1653, 21.19018 ], [ 92.1653, 21.19018 ], [ 92.16529, 21.19018 ], [ 92.16528, 21.19018 ], [ 92.16524, 21.1902 ], [ 92.16524, 21.1902 ], [ 92.16521, 21.19021 ], [ 92.1652, 21.19021 ], [ 92.16516, 21.19022 ], [ 92.16514, 21.19023 ], [ 92.16514, 21.19023 ], [ 92.16507, 21.19024 ], [ 92.16507, 21.19024 ], [ 92.16506, 21.19024 ], [ 92.16504, 21.19025 ], [ 92.16504, 21.19025 ], [ 92.16502, 21.19025 ], [ 92.16502, 21.19025 ], [ 92.16499, 21.19026 ], [ 92.16498, 21.19026 ], [ 92.16498, 21.19026 ], [ 92.16495, 21.19027 ], [ 92.16494, 21.19027 ], [ 92.1649, 21.19028 ], [ 92.1649, 21.19028 ], [ 92.1649, 21.19028 ], [ 92.16485, 21.1903 ], [ 92.16485, 21.1903 ], [ 92.16481, 21.19031 ], [ 92.1648, 21.19031 ], [ 92.16475, 21.19033 ], [ 92.16475, 21.19033 ], [ 92.1647, 21.19034 ], [ 92.16467, 21.19035 ], [ 92.16466, 21.19035 ], [ 92.16465, 21.19036 ], [ 92.16463, 21.19036 ], [ 92.16456, 21.19037 ], [ 92.16446, 21.19038 ], [ 92.16444, 21.19038 ], [ 92.16442, 21.19038 ], [ 92.1644, 21.19038 ], [ 92.1644, 21.19038 ], [ 92.1644, 21.19038 ], [ 92.16439, 21.19038 ], [ 92.16439, 21.19038 ], [ 92.16439, 21.19038 ], [ 92.16439, 21.19037 ], [ 92.16438, 21.19037 ], [ 92.16437, 21.19037 ], [ 92.16435, 21.19035 ], [ 92.16433, 21.19035 ], [ 92.16433, 21.19035 ], [ 92.16429, 21.19036 ], [ 92.16429, 21.19036 ], [ 92.16425, 21.19036 ], [ 92.16424, 21.19036 ], [ 92.16422, 21.19036 ], [ 92.16422, 21.19036 ], [ 92.16421, 21.19036 ], [ 92.16421, 21.19036 ], [ 92.16419, 21.19037 ], [ 92.16417, 21.19038 ], [ 92.16417, 21.19038 ], [ 92.16411, 21.1904 ], [ 92.16411, 21.19041 ], [ 92.1641, 21.19041 ], [ 92.16407, 21.19043 ], [ 92.16407, 21.19043 ], [ 92.16404, 21.19045 ], [ 92.16404, 21.19045 ], [ 92.16397, 21.19049 ], [ 92.16396, 21.1905 ], [ 92.16391, 21.19056 ], [ 92.16385, 21.19058 ], [ 92.16384, 21.19058 ], [ 92.16381, 21.1906 ], [ 92.1638, 21.1906 ], [ 92.16375, 21.19063 ], [ 92.16369, 21.19065 ], [ 92.16361, 21.19067 ], [ 92.16359, 21.19068 ], [ 92.16352, 21.19071 ], [ 92.16328, 21.19082 ], [ 92.16317, 21.19087 ], [ 92.16286, 21.19088 ], [ 92.16284, 21.19088 ], [ 92.1627, 21.19088 ], [ 92.16255, 21.19088 ], [ 92.16253, 21.19102 ], [ 92.16253, 21.19104 ], [ 92.16251, 21.19104 ], [ 92.16237, 21.19104 ], [ 92.16235, 21.19104 ], [ 92.16235, 21.1911 ], [ 92.16235, 21.1911 ], [ 92.16234, 21.19112 ], [ 92.16233, 21.19121 ], [ 92.16233, 21.19128 ], [ 92.16233, 21.19135 ], [ 92.16233, 21.19139 ], [ 92.16235, 21.19147 ], [ 92.16235, 21.19147 ], [ 92.16217, 21.19149 ], [ 92.16197, 21.19152 ], [ 92.16197, 21.19152 ], [ 92.16198, 21.19157 ], [ 92.16199, 21.19159 ], [ 92.162, 21.19166 ], [ 92.16205, 21.19192 ], [ 92.16212, 21.19224 ], [ 92.16214, 21.19235 ], [ 92.16213, 21.19242 ], [ 92.16213, 21.19242 ], [ 92.16183, 21.19273 ], [ 92.1618, 21.19277 ], [ 92.16178, 21.19277 ], [ 92.16178, 21.19278 ], [ 92.16172, 21.19281 ], [ 92.16171, 21.19281 ], [ 92.1615, 21.19293 ], [ 92.16131, 21.19303 ], [ 92.16123, 21.19311 ], [ 92.16117, 21.19316 ], [ 92.16116, 21.19318 ], [ 92.16113, 21.1933 ], [ 92.16108, 21.19345 ], [ 92.16096, 21.19357 ], [ 92.16089, 21.19358 ], [ 92.16089, 21.19358 ], [ 92.16088, 21.19358 ], [ 92.16088, 21.19358 ], [ 92.16088, 21.19358 ], [ 92.16087, 21.19358 ], [ 92.16076, 21.1936 ], [ 92.16076, 21.19361 ], [ 92.16075, 21.19361 ], [ 92.16075, 21.19361 ], [ 92.16075, 21.19361 ], [ 92.16073, 21.19367 ], [ 92.16073, 21.19367 ], [ 92.16065, 21.19392 ], [ 92.16063, 21.19393 ], [ 92.16062, 21.19394 ], [ 92.1605, 21.19401 ], [ 92.1603, 21.19412 ], [ 92.16029, 21.19412 ], [ 92.16028, 21.19413 ], [ 92.16027, 21.19413 ], [ 92.16026, 21.19414 ], [ 92.16008, 21.19424 ], [ 92.16008, 21.19424 ], [ 92.16004, 21.19427 ], [ 92.15993, 21.19433 ], [ 92.15987, 21.19437 ], [ 92.15987, 21.19437 ], [ 92.15984, 21.19439 ], [ 92.15983, 21.1944 ], [ 92.15981, 21.19441 ], [ 92.15971, 21.1945 ], [ 92.15959, 21.19461 ], [ 92.15952, 21.19467 ], [ 92.15952, 21.19467 ], [ 92.15951, 21.19468 ], [ 92.15945, 21.19472 ], [ 92.15944, 21.19473 ], [ 92.15944, 21.19474 ], [ 92.15937, 21.19484 ], [ 92.15937, 21.19485 ], [ 92.15934, 21.19491 ], [ 92.15933, 21.19492 ], [ 92.15929, 21.195 ], [ 92.15926, 21.19502 ], [ 92.15915, 21.19508 ], [ 92.15902, 21.19513 ], [ 92.15902, 21.19513 ], [ 92.15904, 21.19518 ], [ 92.15906, 21.19525 ], [ 92.15907, 21.19529 ], [ 92.15907, 21.1953 ], [ 92.1591, 21.19542 ], [ 92.1591, 21.19543 ], [ 92.15914, 21.19555 ], [ 92.1593, 21.19577 ], [ 92.15928, 21.1958 ], [ 92.15927, 21.19582 ], [ 92.15923, 21.19588 ], [ 92.1593, 21.19609 ], [ 92.1593, 21.1961 ], [ 92.15932, 21.19617 ], [ 92.15935, 21.19617 ], [ 92.15938, 21.19618 ], [ 92.15948, 21.1962 ], [ 92.15952, 21.19621 ], [ 92.15953, 21.19621 ], [ 92.1596, 21.19621 ], [ 92.15967, 21.1962 ], [ 92.15975, 21.19619 ], [ 92.15977, 21.19623 ], [ 92.15977, 21.19623 ], [ 92.15978, 21.19625 ], [ 92.15979, 21.19626 ], [ 92.1598, 21.19628 ], [ 92.15982, 21.19632 ], [ 92.15983, 21.19633 ], [ 92.15983, 21.19633 ], [ 92.15984, 21.19635 ], [ 92.15984, 21.19635 ], [ 92.15986, 21.19638 ], [ 92.15986, 21.19639 ], [ 92.15988, 21.19641 ], [ 92.15988, 21.19642 ], [ 92.15988, 21.19643 ], [ 92.15991, 21.19648 ], [ 92.15991, 21.19649 ], [ 92.15993, 21.19652 ], [ 92.15993, 21.19653 ], [ 92.15993, 21.19654 ], [ 92.15994, 21.19655 ], [ 92.15995, 21.19658 ], [ 92.15996, 21.19662 ], [ 92.15996, 21.19663 ], [ 92.15998, 21.1967 ], [ 92.15998, 21.1967 ], [ 92.15998, 21.19671 ], [ 92.15998, 21.19671 ], [ 92.15998, 21.19672 ], [ 92.15998, 21.19673 ], [ 92.15998, 21.19686 ], [ 92.15998, 21.19686 ], [ 92.15999, 21.19687 ], [ 92.16011, 21.19701 ], [ 92.16019, 21.19712 ], [ 92.16021, 21.19716 ], [ 92.16021, 21.19717 ], [ 92.16021, 21.19719 ], [ 92.16021, 21.1972 ], [ 92.16021, 21.19723 ], [ 92.16021, 21.19725 ], [ 92.1602, 21.19726 ], [ 92.1602, 21.19729 ], [ 92.1602, 21.19733 ], [ 92.1602, 21.19734 ], [ 92.1602, 21.19734 ], [ 92.16023, 21.19739 ], [ 92.16025, 21.19741 ], [ 92.16026, 21.19742 ], [ 92.16029, 21.19746 ], [ 92.16033, 21.1975 ], [ 92.16036, 21.1975 ], [ 92.16037, 21.1975 ], [ 92.16039, 21.1975 ], [ 92.16039, 21.19751 ], [ 92.16041, 21.19756 ], [ 92.16045, 21.19769 ], [ 92.16039, 21.19785 ], [ 92.16039, 21.19788 ], [ 92.16034, 21.19793 ], [ 92.16034, 21.19793 ], [ 92.1603, 21.19798 ], [ 92.1603, 21.19798 ], [ 92.16026, 21.19802 ], [ 92.1602, 21.19806 ], [ 92.16019, 21.19806 ], [ 92.16009, 21.19812 ], [ 92.16009, 21.19813 ], [ 92.16009, 21.19814 ], [ 92.16008, 21.19822 ], [ 92.16008, 21.19822 ], [ 92.16008, 21.19824 ], [ 92.16003, 21.19828 ], [ 92.16002, 21.19828 ], [ 92.15994, 21.19834 ], [ 92.15994, 21.19834 ], [ 92.15994, 21.19834 ], [ 92.15995, 21.19835 ], [ 92.15996, 21.19837 ], [ 92.16002, 21.19844 ], [ 92.16002, 21.19844 ], [ 92.16002, 21.19844 ], [ 92.16003, 21.19845 ], [ 92.16003, 21.19845 ], [ 92.16003, 21.19846 ], [ 92.16003, 21.19847 ], [ 92.16001, 21.19854 ], [ 92.16001, 21.19855 ], [ 92.16001, 21.19856 ], [ 92.16001, 21.19856 ], [ 92.16001, 21.19857 ], [ 92.15999, 21.19869 ], [ 92.15998, 21.19871 ], [ 92.15998, 21.19874 ], [ 92.15998, 21.19875 ], [ 92.15994, 21.19877 ], [ 92.1599, 21.19879 ], [ 92.15986, 21.19882 ], [ 92.15985, 21.19882 ], [ 92.15985, 21.19883 ], [ 92.15984, 21.19883 ], [ 92.15984, 21.19883 ], [ 92.15984, 21.19883 ], [ 92.15979, 21.19886 ], [ 92.15974, 21.19889 ], [ 92.15973, 21.1989 ], [ 92.1597, 21.19892 ], [ 92.15971, 21.19893 ], [ 92.15971, 21.19894 ], [ 92.15971, 21.19895 ], [ 92.15974, 21.19901 ], [ 92.15974, 21.19901 ], [ 92.15975, 21.19904 ], [ 92.15984, 21.19902 ], [ 92.15986, 21.19902 ], [ 92.15988, 21.19901 ], [ 92.15991, 21.19901 ], [ 92.1599, 21.19903 ], [ 92.1599, 21.19907 ], [ 92.15988, 21.19913 ], [ 92.15988, 21.19913 ], [ 92.15988, 21.19914 ], [ 92.15987, 21.19916 ], [ 92.15987, 21.19916 ], [ 92.15982, 21.1992 ], [ 92.15982, 21.1992 ], [ 92.15976, 21.19925 ], [ 92.15975, 21.19925 ], [ 92.15968, 21.1993 ], [ 92.15966, 21.19934 ], [ 92.15966, 21.19934 ], [ 92.15961, 21.19944 ], [ 92.15961, 21.19944 ], [ 92.15961, 21.19945 ], [ 92.15962, 21.19952 ], [ 92.15962, 21.19952 ], [ 92.15963, 21.19959 ], [ 92.15963, 21.19959 ], [ 92.15964, 21.19966 ], [ 92.15964, 21.19966 ], [ 92.15965, 21.19972 ], [ 92.15966, 21.19973 ], [ 92.15967, 21.19982 ], [ 92.15967, 21.19983 ], [ 92.15968, 21.19985 ], [ 92.15977, 21.19984 ], [ 92.15979, 21.19984 ], [ 92.1599, 21.19982 ], [ 92.15991, 21.19982 ], [ 92.15998, 21.19981 ], [ 92.16002, 21.1998 ], [ 92.16006, 21.19982 ], [ 92.16007, 21.19982 ], [ 92.1601, 21.19984 ], [ 92.1601, 21.19984 ], [ 92.1601, 21.19984 ], [ 92.16011, 21.19984 ], [ 92.16013, 21.19985 ], [ 92.16014, 21.19985 ], [ 92.16014, 21.19985 ], [ 92.16017, 21.19986 ], [ 92.16017, 21.19986 ], [ 92.16018, 21.19987 ], [ 92.16019, 21.19987 ], [ 92.16019, 21.19987 ], [ 92.16019, 21.19987 ], [ 92.1602, 21.19988 ], [ 92.1602, 21.19988 ], [ 92.1602, 21.19988 ], [ 92.16022, 21.19988 ], [ 92.16022, 21.19989 ], [ 92.16023, 21.19989 ], [ 92.16024, 21.19989 ], [ 92.16025, 21.1999 ], [ 92.16026, 21.1999 ], [ 92.16026, 21.1999 ], [ 92.16027, 21.19991 ], [ 92.16028, 21.19991 ], [ 92.16029, 21.19991 ], [ 92.1603, 21.19992 ], [ 92.1603, 21.19992 ], [ 92.16031, 21.19992 ], [ 92.16031, 21.19992 ], [ 92.16032, 21.19991 ], [ 92.16032, 21.19991 ], [ 92.16032, 21.19991 ], [ 92.16032, 21.19991 ], [ 92.16032, 21.1999 ], [ 92.16033, 21.19989 ], [ 92.16033, 21.19989 ], [ 92.16033, 21.19989 ], [ 92.16033, 21.19989 ], [ 92.16034, 21.19988 ], [ 92.16034, 21.19988 ], [ 92.16035, 21.19987 ], [ 92.16036, 21.19986 ], [ 92.16036, 21.19986 ], [ 92.16036, 21.19986 ], [ 92.16036, 21.19986 ], [ 92.16037, 21.19984 ], [ 92.16037, 21.19984 ], [ 92.16038, 21.19984 ], [ 92.16038, 21.19984 ], [ 92.16039, 21.19983 ], [ 92.16039, 21.19982 ], [ 92.1604, 21.19982 ], [ 92.1604, 21.19982 ], [ 92.1604, 21.19982 ], [ 92.16043, 21.1998 ], [ 92.16043, 21.1998 ], [ 92.16044, 21.1998 ], [ 92.16044, 21.1998 ], [ 92.16046, 21.19979 ], [ 92.16046, 21.19979 ], [ 92.16046, 21.19979 ], [ 92.16047, 21.19978 ], [ 92.16047, 21.19978 ], [ 92.16048, 21.19978 ], [ 92.16048, 21.19978 ], [ 92.16049, 21.19978 ], [ 92.1605, 21.19977 ], [ 92.16051, 21.19977 ], [ 92.16051, 21.19977 ], [ 92.16051, 21.19977 ], [ 92.16054, 21.19977 ], [ 92.16054, 21.19977 ], [ 92.16054, 21.19977 ], [ 92.16054, 21.19977 ], [ 92.16055, 21.19977 ], [ 92.16057, 21.19977 ], [ 92.16057, 21.19977 ], [ 92.1606, 21.19976 ], [ 92.1606, 21.19976 ], [ 92.1606, 21.19976 ], [ 92.16062, 21.19977 ], [ 92.16062, 21.19977 ], [ 92.16063, 21.19977 ], [ 92.16066, 21.19977 ], [ 92.16066, 21.19977 ], [ 92.16068, 21.19978 ], [ 92.16068, 21.19978 ], [ 92.16069, 21.19978 ], [ 92.16072, 21.19979 ], [ 92.16072, 21.19979 ], [ 92.16074, 21.19979 ], [ 92.16075, 21.1998 ], [ 92.16075, 21.1998 ], [ 92.16075, 21.1998 ], [ 92.16076, 21.1998 ], [ 92.16078, 21.1998 ], [ 92.16078, 21.19981 ], [ 92.16082, 21.19981 ], [ 92.16082, 21.19981 ], [ 92.16086, 21.19982 ], [ 92.16086, 21.19982 ], [ 92.16091, 21.19984 ], [ 92.16092, 21.19984 ], [ 92.16098, 21.19985 ], [ 92.16098, 21.19985 ], [ 92.16101, 21.19986 ], [ 92.16103, 21.19986 ], [ 92.16103, 21.19986 ], [ 92.16103, 21.19986 ], [ 92.16107, 21.19988 ], [ 92.16108, 21.19988 ], [ 92.16108, 21.19988 ], [ 92.1611, 21.19988 ], [ 92.16111, 21.19988 ], [ 92.16113, 21.19989 ], [ 92.16113, 21.19989 ], [ 92.16115, 21.19989 ], [ 92.16116, 21.19989 ], [ 92.16118, 21.1999 ], [ 92.16119, 21.1999 ], [ 92.1612, 21.1999 ], [ 92.16121, 21.1999 ], [ 92.16123, 21.1999 ], [ 92.16123, 21.1999 ], [ 92.16125, 21.19991 ], [ 92.16127, 21.19991 ], [ 92.16129, 21.19991 ], [ 92.16129, 21.19991 ], [ 92.16133, 21.19992 ], [ 92.16133, 21.19992 ], [ 92.16139, 21.19993 ], [ 92.16139, 21.19993 ], [ 92.16141, 21.19993 ], [ 92.16142, 21.19993 ], [ 92.16143, 21.19993 ], [ 92.16143, 21.19993 ], [ 92.16148, 21.19994 ], [ 92.16148, 21.19994 ], [ 92.16148, 21.19994 ], [ 92.16152, 21.19994 ], [ 92.16152, 21.19994 ], [ 92.16156, 21.19993 ], [ 92.16156, 21.19993 ], [ 92.16163, 21.19992 ], [ 92.16163, 21.19992 ], [ 92.16163, 21.19992 ], [ 92.16167, 21.19992 ], [ 92.1617, 21.19992 ], [ 92.1617, 21.19992 ], [ 92.16171, 21.19992 ], [ 92.16176, 21.1999 ], [ 92.16176, 21.1999 ], [ 92.16184, 21.19987 ], [ 92.16184, 21.19987 ], [ 92.16188, 21.19986 ], [ 92.16188, 21.19986 ], [ 92.1619, 21.19985 ], [ 92.1619, 21.19985 ], [ 92.16191, 21.19985 ], [ 92.16195, 21.19982 ], [ 92.16195, 21.19982 ], [ 92.162, 21.19979 ], [ 92.162, 21.19979 ], [ 92.16201, 21.19979 ], [ 92.16203, 21.19976 ], [ 92.16203, 21.19976 ], [ 92.16205, 21.19974 ], [ 92.16205, 21.19973 ], [ 92.16205, 21.19973 ], [ 92.16207, 21.1997 ], [ 92.16208, 21.19969 ], [ 92.16208, 21.19969 ], [ 92.16208, 21.19969 ], [ 92.16208, 21.19967 ], [ 92.16209, 21.19966 ], [ 92.16209, 21.19966 ], [ 92.1621, 21.19962 ], [ 92.1621, 21.19962 ], [ 92.16211, 21.19959 ], [ 92.16211, 21.19957 ], [ 92.16212, 21.19953 ], [ 92.16212, 21.19953 ], [ 92.16212, 21.19952 ], [ 92.16212, 21.19951 ], [ 92.16211, 21.19946 ], [ 92.1621, 21.19941 ], [ 92.1621, 21.19941 ], [ 92.1621, 21.1994 ], [ 92.1621, 21.1994 ], [ 92.16209, 21.19939 ], [ 92.16212, 21.19933 ], [ 92.16212, 21.19932 ], [ 92.16213, 21.1993 ], [ 92.16213, 21.1993 ], [ 92.16213, 21.19929 ], [ 92.16216, 21.19922 ], [ 92.16218, 21.19919 ], [ 92.1622, 21.19917 ], [ 92.16221, 21.19916 ], [ 92.16221, 21.19916 ], [ 92.1623, 21.19905 ], [ 92.16232, 21.19903 ], [ 92.16233, 21.19901 ], [ 92.16234, 21.19899 ], [ 92.16234, 21.19899 ], [ 92.16241, 21.19887 ], [ 92.16242, 21.19886 ], [ 92.16243, 21.19885 ], [ 92.16243, 21.19885 ], [ 92.16244, 21.19885 ], [ 92.16246, 21.19882 ], [ 92.16249, 21.19879 ], [ 92.16251, 21.19878 ], [ 92.16254, 21.19875 ], [ 92.16255, 21.19875 ], [ 92.16255, 21.19875 ], [ 92.16257, 21.19873 ], [ 92.16259, 21.19872 ], [ 92.1626, 21.19871 ], [ 92.1626, 21.19871 ], [ 92.1626, 21.19871 ], [ 92.16263, 21.1987 ], [ 92.16263, 21.1987 ], [ 92.1627, 21.19868 ], [ 92.1627, 21.19868 ], [ 92.16271, 21.19868 ], [ 92.16277, 21.19867 ], [ 92.16278, 21.19867 ], [ 92.1628, 21.19867 ], [ 92.1628, 21.19867 ], [ 92.16284, 21.19867 ], [ 92.16286, 21.19867 ], [ 92.16288, 21.19867 ], [ 92.16289, 21.19868 ], [ 92.16296, 21.19869 ], [ 92.16298, 21.19869 ], [ 92.16298, 21.19869 ], [ 92.16299, 21.1987 ], [ 92.163, 21.19871 ], [ 92.16306, 21.19875 ], [ 92.16307, 21.19875 ], [ 92.16307, 21.19875 ], [ 92.16307, 21.19875 ], [ 92.16308, 21.19877 ], [ 92.16308, 21.19877 ], [ 92.16308, 21.19877 ], [ 92.1631, 21.19879 ], [ 92.1631, 21.19879 ], [ 92.16312, 21.19882 ], [ 92.16313, 21.19882 ], [ 92.16313, 21.19883 ], [ 92.16313, 21.19884 ], [ 92.16313, 21.19884 ], [ 92.16315, 21.19889 ], [ 92.16315, 21.1989 ], [ 92.16316, 21.19893 ], [ 92.16316, 21.19893 ], [ 92.16317, 21.19897 ], [ 92.16318, 21.19906 ], [ 92.16318, 21.19906 ], [ 92.16319, 21.19909 ], [ 92.16319, 21.19911 ], [ 92.16319, 21.19912 ], [ 92.16319, 21.19914 ], [ 92.16318, 21.1992 ], [ 92.16318, 21.19922 ], [ 92.16318, 21.19923 ], [ 92.16318, 21.19925 ], [ 92.16318, 21.19926 ], [ 92.16317, 21.19932 ], [ 92.16317, 21.19935 ], [ 92.16317, 21.19937 ], [ 92.16317, 21.19938 ], [ 92.16316, 21.1994 ], [ 92.16315, 21.19952 ], [ 92.16315, 21.19953 ], [ 92.16315, 21.19955 ], [ 92.16316, 21.19957 ], [ 92.16316, 21.19959 ], [ 92.16319, 21.19967 ], [ 92.16319, 21.19968 ], [ 92.1632, 21.19972 ], [ 92.16328, 21.1998 ], [ 92.16332, 21.19981 ], [ 92.16333, 21.19982 ], [ 92.16334, 21.19982 ], [ 92.16335, 21.19983 ], [ 92.16341, 21.19985 ], [ 92.16352, 21.19985 ], [ 92.16359, 21.19984 ], [ 92.16359, 21.19984 ], [ 92.1636, 21.19984 ], [ 92.16363, 21.19984 ], [ 92.16372, 21.19979 ], [ 92.16372, 21.19979 ], [ 92.16377, 21.19976 ], [ 92.16379, 21.19975 ], [ 92.16381, 21.19974 ], [ 92.16382, 21.19974 ], [ 92.16392, 21.19968 ], [ 92.16398, 21.19967 ], [ 92.16401, 21.19966 ], [ 92.16401, 21.19966 ], [ 92.16407, 21.19965 ], [ 92.16412, 21.19964 ], [ 92.16415, 21.19963 ], [ 92.16429, 21.19962 ], [ 92.16433, 21.19961 ], [ 92.16436, 21.19961 ], [ 92.1644, 21.1996 ], [ 92.16448, 21.19959 ], [ 92.16459, 21.1996 ], [ 92.1646, 21.1996 ], [ 92.16464, 21.1996 ], [ 92.16469, 21.19963 ], [ 92.16477, 21.19967 ], [ 92.16484, 21.19972 ], [ 92.16486, 21.19973 ], [ 92.16486, 21.19974 ], [ 92.16492, 21.19978 ], [ 92.16499, 21.19984 ], [ 92.16504, 21.19988 ], [ 92.16505, 21.19989 ], [ 92.16508, 21.19991 ], [ 92.1651, 21.19992 ], [ 92.1651, 21.19992 ], [ 92.16518, 21.19998 ], [ 92.16521, 21.19999 ], [ 92.16522, 21.2 ], [ 92.16526, 21.20003 ], [ 92.16535, 21.20008 ], [ 92.16541, 21.2001 ], [ 92.16543, 21.2001 ], [ 92.16545, 21.20011 ], [ 92.16551, 21.20012 ], [ 92.16562, 21.20012 ], [ 92.16573, 21.2001 ], [ 92.16573, 21.2001 ], [ 92.16574, 21.20009 ], [ 92.16579, 21.20004 ], [ 92.16586, 21.19999 ], [ 92.16587, 21.19998 ], [ 92.16588, 21.19998 ], [ 92.16589, 21.19998 ], [ 92.16599, 21.19996 ], [ 92.16607, 21.19998 ], [ 92.16609, 21.19998 ], [ 92.1661, 21.19998 ], [ 92.16616, 21.20001 ], [ 92.16618, 21.20002 ], [ 92.16619, 21.2001 ], [ 92.1662, 21.20013 ], [ 92.16621, 21.20018 ], [ 92.16622, 21.2002 ], [ 92.16625, 21.2003 ], [ 92.16625, 21.20031 ], [ 92.16626, 21.20033 ], [ 92.16627, 21.20035 ], [ 92.16628, 21.20038 ], [ 92.16629, 21.20039 ], [ 92.16633, 21.20046 ], [ 92.16633, 21.20046 ], [ 92.16641, 21.2005 ], [ 92.16651, 21.20057 ], [ 92.16652, 21.20057 ], [ 92.16652, 21.20058 ], [ 92.16653, 21.20058 ], [ 92.16656, 21.20062 ], [ 92.16662, 21.20069 ], [ 92.16668, 21.20075 ], [ 92.16669, 21.20075 ], [ 92.1667, 21.20076 ], [ 92.16675, 21.20079 ], [ 92.16676, 21.20079 ], [ 92.1668, 21.20081 ], [ 92.16684, 21.20082 ], [ 92.16685, 21.20082 ], [ 92.16693, 21.20084 ], [ 92.16695, 21.20084 ], [ 92.16697, 21.20084 ], [ 92.16698, 21.20085 ], [ 92.16703, 21.20087 ], [ 92.16705, 21.20087 ], [ 92.16706, 21.20088 ], [ 92.16711, 21.20093 ], [ 92.16712, 21.20094 ], [ 92.16712, 21.20094 ], [ 92.16716, 21.20101 ], [ 92.16717, 21.20101 ], [ 92.16716, 21.20108 ], [ 92.16716, 21.20116 ], [ 92.16716, 21.20118 ], [ 92.16716, 21.20118 ], [ 92.16717, 21.20125 ], [ 92.16719, 21.20129 ], [ 92.1672, 21.2013 ], [ 92.16721, 21.20132 ], [ 92.16726, 21.20137 ], [ 92.16729, 21.20138 ], [ 92.16735, 21.20141 ], [ 92.1674, 21.20142 ], [ 92.16747, 21.20143 ], [ 92.16748, 21.20143 ], [ 92.1675, 21.20143 ], [ 92.16751, 21.20143 ], [ 92.16757, 21.20143 ], [ 92.16759, 21.20143 ], [ 92.16764, 21.20142 ], [ 92.16768, 21.20142 ], [ 92.16774, 21.2014 ], [ 92.16778, 21.20138 ], [ 92.16778, 21.20138 ], [ 92.16783, 21.20136 ], [ 92.16789, 21.20133 ], [ 92.16791, 21.20132 ], [ 92.16802, 21.2013 ], [ 92.16814, 21.20126 ], [ 92.16814, 21.20126 ], [ 92.16817, 21.20125 ], [ 92.16822, 21.20124 ], [ 92.16824, 21.20123 ], [ 92.16827, 21.20122 ], [ 92.16835, 21.2012 ], [ 92.1684, 21.20116 ], [ 92.16841, 21.20115 ], [ 92.16843, 21.20107 ], [ 92.16843, 21.20104 ], [ 92.16843, 21.20104 ], [ 92.16844, 21.20101 ], [ 92.16845, 21.20098 ], [ 92.16845, 21.20096 ], [ 92.16847, 21.20091 ], [ 92.16848, 21.20089 ], [ 92.1685, 21.20086 ], [ 92.16854, 21.20082 ], [ 92.16854, 21.20082 ], [ 92.16855, 21.20081 ], [ 92.1686, 21.20076 ], [ 92.16864, 21.20074 ] ] ] ] } },
{ "type": "Feature", "properties": { "camp_id": "CXB-211", "camp_name": "Camp 8W", "camp_label": "C08W", "camp_name_npm": "Camp 08W", "upazila": "Ukhia", "union": "Palong Khali", "settlement": "Collective site", "area_sqkm": 0.77215333845099998 }, "geometry": { "type": "MultiPolygon", "coordinates": [ [ [ [ 92.15292, 21.2007 ], [ 92.15299, 21.20062 ], [ 92.15311, 21.20063 ], [ 92.15338, 21.20068 ], [ 92.15342, 21.2005 ], [ 92.15361, 21.20047 ], [ 92.15375, 21.2005 ], [ 92.15385, 21.20048 ], [ 92.15387, 21.2004 ], [ 92.15388, 21.20029 ], [ 92.15402, 21.20033 ], [ 92.15415, 21.20038 ], [ 92.15427, 21.20033 ], [ 92.15441, 21.20016 ], [ 92.15455, 21.2002 ], [ 92.15459, 21.20026 ], [ 92.1548, 21.20024 ], [ 92.15493, 21.20035 ], [ 92.15501, 21.20039 ], [ 92.15515, 21.20039 ], [ 92.15521, 21.20027 ], [ 92.1553, 21.20019 ], [ 92.15535, 21.20022 ], [ 92.15537, 21.20034 ], [ 92.15542, 21.20047 ], [ 92.15554, 21.20051 ], [ 92.15564, 21.20048 ], [ 92.1557, 21.20037 ], [ 92.1557, 21.20029 ], [ 92.15586, 21.20024 ], [ 92.15605, 21.20028 ], [ 92.15618, 21.20032 ], [ 92.15619, 21.2003 ], [ 92.1563, 21.20021 ], [ 92.15661, 21.20004 ], [ 92.15712, 21.1997 ], [ 92.15732, 21.19959 ], [ 92.15753, 21.19948 ], [ 92.15763, 21.19944 ], [ 92.15772, 21.19944 ], [ 92.15777, 21.1995 ], [ 92.15781, 21.19961 ], [ 92.15784, 21.19978 ], [ 92.15786, 21.19991 ], [ 92.15791, 21.2 ], [ 92.15797, 21.20006 ], [ 92.15807, 21.20009 ], [ 92.15816, 21.20009 ], [ 92.1584, 21.20003 ], [ 92.15859, 21.19996 ], [ 92.15871, 21.19998 ], [ 92.15912, 21.20008 ], [ 92.15959, 21.20019 ], [ 92.15983, 21.20025 ], [ 92.15992, 21.20025 ], [ 92.16004, 21.20022 ], [ 92.16017, 21.20012 ], [ 92.16023, 21.20005 ], [ 92.16028, 21.19997 ], [ 92.1603, 21.19994 ], [ 92.16031, 21.19993 ], [ 92.16031, 21.19992 ], [ 92.16031, 21.19992 ], [ 92.1603, 21.19992 ], [ 92.1603, 21.19992 ], [ 92.16029, 21.19991 ], [ 92.16028, 21.19991 ], [ 92.16027, 21.19991 ], [ 92.16026, 21.1999 ], [ 92.16026, 21.1999 ], [ 92.16025, 21.1999 ], [ 92.16024, 21.19989 ], [ 92.16023, 21.19989 ], [ 92.16022, 21.19989 ], [ 92.16022, 21.19988 ], [ 92.1602, 21.19988 ], [ 92.1602, 21.19988 ], [ 92.1602, 21.19988 ], [ 92.16019, 21.19987 ], [ 92.16019, 21.19987 ], [ 92.16019, 21.19987 ], [ 92.16018, 21.19987 ], [ 92.16017, 21.19986 ], [ 92.16017, 21.19986 ], [ 92.16014, 21.19985 ], [ 92.16014, 21.19985 ], [ 92.16013, 21.19985 ], [ 92.16011, 21.19984 ], [ 92.1601, 21.19984 ], [ 92.1601, 21.19984 ], [ 92.1601, 21.19984 ], [ 92.16007, 21.19982 ], [ 92.16006, 21.19982 ], [ 92.16002, 21.1998 ], [ 92.15998, 21.19981 ], [ 92.15991, 21.19982 ], [ 92.1599, 21.19982 ], [ 92.15979, 21.19984 ], [ 92.15977, 21.19984 ], [ 92.15968, 21.19985 ], [ 92.15967, 21.19983 ], [ 92.15967, 21.19982 ], [ 92.15966, 21.19973 ], [ 92.15965, 21.19972 ], [ 92.15964, 21.19966 ], [ 92.15964, 21.19966 ], [ 92.15963, 21.19959 ], [ 92.15963, 21.19959 ], [ 92.15962, 21.19952 ], [ 92.15962, 21.19952 ], [ 92.15961, 21.19945 ], [ 92.15961, 21.19944 ], [ 92.15961, 21.19944 ], [ 92.15966, 21.19934 ], [ 92.15966, 21.19934 ], [ 92.15968, 21.1993 ], [ 92.15975, 21.19925 ], [ 92.15976, 21.19925 ], [ 92.15982, 21.1992 ], [ 92.15982, 21.1992 ], [ 92.15987, 21.19916 ], [ 92.15987, 21.19916 ], [ 92.15988, 21.19914 ], [ 92.15988, 21.19913 ], [ 92.15988, 21.19913 ], [ 92.1599, 21.19907 ], [ 92.1599, 21.19903 ], [ 92.15991, 21.19901 ], [ 92.15988, 21.19901 ], [ 92.15986, 21.19902 ], [ 92.15984, 21.19902 ], [ 92.15975, 21.19904 ], [ 92.15974, 21.19901 ], [ 92.15974, 21.19901 ], [ 92.15971, 21.19895 ], [ 92.15971, 21.19894 ], [ 92.15971, 21.19893 ], [ 92.1597, 21.19892 ], [ 92.15973, 21.1989 ], [ 92.15974, 21.19889 ], [ 92.15979, 21.19886 ], [ 92.15984, 21.19883 ], [ 92.15984, 21.19883 ], [ 92.15984, 21.19883 ], [ 92.15985, 21.19883 ], [ 92.15985, 21.19882 ], [ 92.15986, 21.19882 ], [ 92.1599, 21.19879 ], [ 92.15994, 21.19877 ], [ 92.15998, 21.19875 ], [ 92.15998, 21.19874 ], [ 92.15998, 21.19871 ], [ 92.15999, 21.19869 ], [ 92.16001, 21.19857 ], [ 92.16001, 21.19856 ], [ 92.16001, 21.19856 ], [ 92.16001, 21.19855 ], [ 92.16001, 21.19854 ], [ 92.16003, 21.19847 ], [ 92.16003, 21.19846 ], [ 92.16003, 21.19845 ], [ 92.16003, 21.19845 ], [ 92.16002, 21.19844 ], [ 92.16002, 21.19844 ], [ 92.16002, 21.19844 ], [ 92.15996, 21.19837 ], [ 92.15995, 21.19835 ], [ 92.15994, 21.19834 ], [ 92.15994, 21.19834 ], [ 92.15994, 21.19834 ], [ 92.16002, 21.19828 ], [ 92.16003, 21.19828 ], [ 92.16008, 21.19824 ], [ 92.16008, 21.19822 ], [ 92.16008, 21.19822 ], [ 92.16009, 21.19814 ], [ 92.16009, 21.19813 ], [ 92.16009, 21.19812 ], [ 92.16019, 21.19806 ], [ 92.1602, 21.19806 ], [ 92.16026, 21.19802 ], [ 92.1603, 21.19798 ], [ 92.1603, 21.19798 ], [ 92.16034, 21.19793 ], [ 92.16034, 21.19793 ], [ 92.16039, 21.19788 ], [ 92.16039, 21.19785 ], [ 92.16045, 21.19769 ], [ 92.16041, 21.19756 ], [ 92.16039, 21.19751 ], [ 92.16039, 21.1975 ], [ 92.16037, 21.1975 ], [ 92.16036, 21.1975 ], [ 92.16033, 21.1975 ], [ 92.16029, 21.19746 ], [ 92.16026, 21.19742 ], [ 92.16025, 21.19741 ], [ 92.16023, 21.19739 ], [ 92.1602, 21.19734 ], [ 92.1602, 21.19734 ], [ 92.1602, 21.19733 ], [ 92.1602, 21.19729 ], [ 92.1602, 21.19726 ], [ 92.16021, 21.19725 ], [ 92.16021, 21.19723 ], [ 92.16021, 21.1972 ], [ 92.16021, 21.19719 ], [ 92.16021, 21.19717 ], [ 92.16021, 21.19716 ], [ 92.16019, 21.19712 ], [ 92.16011, 21.19701 ], [ 92.15999, 21.19687 ], [ 92.15998, 21.19686 ], [ 92.15998, 21.19686 ], [ 92.15998, 21.19673 ], [ 92.15998, 21.19672 ], [ 92.15998, 21.19671 ], [ 92.15998, 21.19671 ], [ 92.15998, 21.1967 ], [ 92.15998, 21.1967 ], [ 92.15996, 21.19663 ], [ 92.15996, 21.19662 ], [ 92.15995, 21.19658 ], [ 92.15994, 21.19655 ], [ 92.15993, 21.19654 ], [ 92.15993, 21.19653 ], [ 92.15993, 21.19652 ], [ 92.15991, 21.19649 ], [ 92.15991, 21.19648 ], [ 92.15988, 21.19643 ], [ 92.15988, 21.19642 ], [ 92.15988, 21.19641 ], [ 92.15986, 21.19639 ], [ 92.15986, 21.19638 ], [ 92.15984, 21.19635 ], [ 92.15984, 21.19635 ], [ 92.15983, 21.19633 ], [ 92.15983, 21.19633 ], [ 92.15982, 21.19632 ], [ 92.1598, 21.19628 ], [ 92.15979, 21.19626 ], [ 92.15978, 21.19625 ], [ 92.15977, 21.19623 ], [ 92.15977, 21.19623 ], [ 92.15975, 21.19619 ], [ 92.15967, 21.1962 ], [ 92.1596, 21.19621 ], [ 92.15953, 21.19621 ], [ 92.15952, 21.19621 ], [ 92.15948, 21.1962 ], [ 92.15938, 21.19618 ], [ 92.15935, 21.19617 ], [ 92.15932, 21.19617 ], [ 92.1593, 21.1961 ], [ 92.1593, 21.19609 ], [ 92.15923, 21.19588 ], [ 92.15927, 21.19582 ], [ 92.15928, 21.1958 ], [ 92.1593, 21.19577 ], [ 92.15914, 21.19555 ], [ 92.1591, 21.19543 ], [ 92.1591, 21.19542 ], [ 92.15907, 21.1953 ], [ 92.15907, 21.19529 ], [ 92.15906, 21.19525 ], [ 92.15904, 21.19518 ], [ 92.15902, 21.19513 ], [ 92.15902, 21.19513 ], [ 92.15901, 21.19513 ], [ 92.15895, 21.19513 ], [ 92.1588, 21.1951 ], [ 92.1587, 21.195 ], [ 92.15861, 21.19493 ], [ 92.1584, 21.19491 ], [ 92.15829, 21.1948 ], [ 92.15833, 21.19476 ], [ 92.1583, 21.19468 ], [ 92.15827, 21.19456 ], [ 92.15825, 21.19442 ], [ 92.15821, 21.19432 ], [ 92.15816, 21.19418 ], [ 92.15812, 21.19412 ], [ 92.15811, 21.19411 ], [ 92.15765, 21.19405 ], [ 92.15722, 21.19437 ], [ 92.15677, 21.19433 ], [ 92.15633, 21.19427 ], [ 92.15603, 21.19395 ], [ 92.15574, 21.19347 ], [ 92.15564, 21.19298 ], [ 92.15489, 21.19301 ], [ 92.15471, 21.19326 ], [ 92.15455, 21.19364 ], [ 92.15445, 21.194 ], [ 92.15458, 21.19429 ], [ 92.15456, 21.19461 ], [ 92.15417, 21.19498 ], [ 92.15378, 21.1948 ], [ 92.15345, 21.19485 ], [ 92.15288, 21.19478 ], [ 92.15262, 21.19458 ], [ 92.15228, 21.19411 ], [ 92.15198, 21.19391 ], [ 92.15186, 21.19349 ], [ 92.15163, 21.19305 ], [ 92.15158, 21.1928 ], [ 92.15156, 21.19247 ], [ 92.15138, 21.19224 ], [ 92.1513, 21.19189 ], [ 92.15142, 21.19159 ], [ 92.15135, 21.19142 ], [ 92.15125, 21.1915 ], [ 92.15018, 21.19129 ], [ 92.15012, 21.19138 ], [ 92.15005, 21.19167 ], [ 92.15011, 21.19182 ], [ 92.15032, 21.19194 ], [ 92.15056, 21.19213 ], [ 92.1506, 21.19227 ], [ 92.15051, 21.19242 ], [ 92.15047, 21.19257 ], [ 92.15041, 21.19281 ], [ 92.15034, 21.19304 ], [ 92.15023, 21.19327 ], [ 92.14997, 21.1934 ], [ 92.14969, 21.19342 ], [ 92.14928, 21.19357 ], [ 92.14881, 21.19387 ], [ 92.14866, 21.19404 ], [ 92.14859, 21.19414 ], [ 92.14859, 21.19416 ], [ 92.14862, 21.19436 ], [ 92.14861, 21.19452 ], [ 92.14823, 21.19483 ], [ 92.14808, 21.1953 ], [ 92.14808, 21.19531 ], [ 92.14788, 21.19573 ], [ 92.14788, 21.19603 ], [ 92.14809, 21.19644 ], [ 92.14818, 21.19671 ], [ 92.14816, 21.19686 ], [ 92.14783, 21.19732 ], [ 92.14831, 21.19755 ], [ 92.1488, 21.19762 ], [ 92.14931, 21.19795 ], [ 92.14978, 21.19787 ], [ 92.15, 21.19788 ], [ 92.15025, 21.19818 ], [ 92.15084, 21.19869 ], [ 92.15121, 21.19898 ], [ 92.15163, 21.19935 ], [ 92.15177, 21.1997 ], [ 92.15177, 21.19998 ], [ 92.1515, 21.2003 ], [ 92.15163, 21.20057 ], [ 92.15206, 21.20088 ], [ 92.15222, 21.20071 ], [ 92.15247, 21.20086 ], [ 92.15258, 21.2007 ], [ 92.1527, 21.20071 ], [ 92.15263, 21.20086 ], [ 92.15275, 21.20089 ], [ 92.15292, 21.2007 ] ] ] ] } },
{ "type": "Feature", "properties": { "camp_id": "CXB-212", "camp_name": "Camp 17", "camp_label": "C17", "camp_name_npm": "Camp 17", "upazila": "Ukhia", "union": "Palong Khali", "settlement": "Collective site", "area_sqkm": 0.95413646256600004 }, "geometry": { "type": "MultiPolygon", "coordinates": [ [ [ [ 92.1453, 21.20324 ], [ 92.14513, 21.20289 ], [ 92.14505, 21.20257 ], [ 92.14519, 21.20233 ], [ 92.14549, 21.20214 ], [ 92.14586, 21.20202 ], [ 92.14607, 21.20164 ], [ 92.14662, 21.20157 ], [ 92.14649, 21.20138 ], [ 92.14646, 21.20115 ], [ 92.1465, 21.20099 ], [ 92.14657, 21.20079 ], [ 92.14667, 21.20061 ], [ 92.14683, 21.20018 ], [ 92.14686, 21.19977 ], [ 92.14683, 21.19938 ], [ 92.14649, 21.19917 ], [ 92.14644, 21.19897 ], [ 92.14653, 21.19875 ], [ 92.14676, 21.19847 ], [ 92.14691, 21.1983 ], [ 92.14696, 21.19792 ], [ 92.1472, 21.19784 ], [ 92.14743, 21.19789 ], [ 92.14767, 21.19793 ], [ 92.14781, 21.19779 ], [ 92.14785, 21.19764 ], [ 92.14783, 21.19732 ], [ 92.14816, 21.19686 ], [ 92.14818, 21.19671 ], [ 92.14809, 21.19644 ], [ 92.14788, 21.19603 ], [ 92.14788, 21.19573 ], [ 92.14808, 21.19531 ], [ 92.14808, 21.1953 ], [ 92.14823, 21.19483 ], [ 92.14861, 21.19452 ], [ 92.14834, 21.19445 ], [ 92.14781, 21.19422 ], [ 92.14769, 21.19446 ], [ 92.14732, 21.1949 ], [ 92.1469, 21.19522 ], [ 92.14661, 21.19554 ], [ 92.14619, 21.19533 ], [ 92.14607, 21.195 ], [ 92.14578, 21.19461 ], [ 92.14578, 21.19414 ], [ 92.14606, 21.19372 ], [ 92.14592, 21.19309 ], [ 92.14621, 21.19273 ], [ 92.14608, 21.1921 ], [ 92.14595, 21.19131 ], [ 92.14571, 21.19107 ], [ 92.14516, 21.19095 ], [ 92.14501, 21.19114 ], [ 92.14482, 21.19153 ], [ 92.14479, 21.1919 ], [ 92.14445, 21.19191 ], [ 92.14416, 21.1918 ], [ 92.14404, 21.19166 ], [ 92.14392, 21.19127 ], [ 92.14364, 21.19115 ], [ 92.14343, 21.19117 ], [ 92.14332, 21.19107 ], [ 92.14325, 21.19109 ], [ 92.14317, 21.19109 ], [ 92.14315, 21.19106 ], [ 92.14314, 21.19105 ], [ 92.14311, 21.19099 ], [ 92.14305, 21.19094 ], [ 92.14302, 21.19084 ], [ 92.14294, 21.19084 ], [ 92.14288, 21.19084 ], [ 92.14282, 21.19091 ], [ 92.1428, 21.19097 ], [ 92.14281, 21.19107 ], [ 92.14284, 21.19116 ], [ 92.14285, 21.19122 ], [ 92.14281, 21.19125 ], [ 92.14275, 21.19124 ], [ 92.14265, 21.1912 ], [ 92.14257, 21.19117 ], [ 92.14243, 21.19122 ], [ 92.14236, 21.19126 ], [ 92.14232, 21.19134 ], [ 92.14229, 21.19143 ], [ 92.14211, 21.19158 ], [ 92.14201, 21.19166 ], [ 92.14199, 21.1917 ], [ 92.14199, 21.19177 ], [ 92.14202, 21.19184 ], [ 92.14208, 21.1919 ], [ 92.14216, 21.19196 ], [ 92.14218, 21.19204 ], [ 92.14222, 21.19216 ], [ 92.14221, 21.19221 ], [ 92.14228, 21.19225 ], [ 92.14233, 21.19224 ], [ 92.14243, 21.19226 ], [ 92.14248, 21.19227 ], [ 92.14256, 21.19232 ], [ 92.14266, 21.19232 ], [ 92.14274, 21.19235 ], [ 92.14279, 21.19242 ], [ 92.14276, 21.19248 ], [ 92.14274, 21.1925 ], [ 92.14262, 21.19255 ], [ 92.14256, 21.19264 ], [ 92.14253, 21.19273 ], [ 92.1425, 21.19286 ], [ 92.14248, 21.19301 ], [ 92.14251, 21.1932 ], [ 92.14251, 21.19327 ], [ 92.14246, 21.19333 ], [ 92.14245, 21.19339 ], [ 92.1424, 21.1934 ], [ 92.14237, 21.19341 ], [ 92.14225, 21.1934 ], [ 92.14216, 21.19341 ], [ 92.14211, 21.19345 ], [ 92.14212, 21.1935 ], [ 92.14215, 21.19358 ], [ 92.14216, 21.19371 ], [ 92.14207, 21.19377 ], [ 92.14196, 21.19382 ], [ 92.14186, 21.19385 ], [ 92.14173, 21.19383 ], [ 92.14172, 21.19388 ], [ 92.14179, 21.19396 ], [ 92.14173, 21.19406 ], [ 92.14171, 21.19408 ], [ 92.14163, 21.19421 ], [ 92.14162, 21.19433 ], [ 92.14154, 21.19437 ], [ 92.14147, 21.19429 ], [ 92.14138, 21.1942 ], [ 92.1412, 21.19416 ], [ 92.14119, 21.19416 ], [ 92.14119, 21.19416 ], [ 92.14112, 21.19425 ], [ 92.14111, 21.19426 ], [ 92.14109, 21.19443 ], [ 92.14117, 21.19449 ], [ 92.14117, 21.19449 ], [ 92.1412, 21.19451 ], [ 92.14118, 21.1946 ], [ 92.14093, 21.19462 ], [ 92.14074, 21.19454 ], [ 92.14058, 21.19453 ], [ 92.14029, 21.19466 ], [ 92.14028, 21.19483 ], [ 92.14022, 21.19496 ], [ 92.14015, 21.19497 ], [ 92.14008, 21.19488 ], [ 92.13982, 21.19479 ], [ 92.13967, 21.19485 ], [ 92.13959, 21.19502 ], [ 92.13952, 21.1951 ], [ 92.13949, 21.19513 ], [ 92.13939, 21.19525 ], [ 92.13923, 21.19529 ], [ 92.13886, 21.1954 ], [ 92.13883, 21.19545 ], [ 92.13873, 21.19559 ], [ 92.13874, 21.19565 ], [ 92.13876, 21.19573 ], [ 92.13868, 21.19574 ], [ 92.13859, 21.19579 ], [ 92.13847, 21.19583 ], [ 92.13835, 21.19582 ], [ 92.13831, 21.19581 ], [ 92.13824, 21.19578 ], [ 92.1382, 21.19573 ], [ 92.1381, 21.1957 ], [ 92.13805, 21.1957 ], [ 92.13793, 21.19569 ], [ 92.13793, 21.19569 ], [ 92.13785, 21.1957 ], [ 92.13774, 21.19579 ], [ 92.13772, 21.1958 ], [ 92.13762, 21.19584 ], [ 92.1376, 21.19584 ], [ 92.13748, 21.19587 ], [ 92.13744, 21.19587 ], [ 92.13744, 21.19586 ], [ 92.13743, 21.19586 ], [ 92.13743, 21.19586 ], [ 92.13744, 21.1959 ], [ 92.13734, 21.19603 ], [ 92.13709, 21.19618 ], [ 92.13699, 21.19627 ], [ 92.13698, 21.19635 ], [ 92.13698, 21.19645 ], [ 92.13698, 21.19647 ], [ 92.13698, 21.19663 ], [ 92.13698, 21.19676 ], [ 92.13698, 21.19689 ], [ 92.13697, 21.19693 ], [ 92.13697, 21.19693 ], [ 92.1369, 21.19721 ], [ 92.13709, 21.19741 ], [ 92.13719, 21.19737 ], [ 92.1374, 21.19727 ], [ 92.13756, 21.19731 ], [ 92.13763, 21.19745 ], [ 92.13772, 21.19778 ], [ 92.1376, 21.19824 ], [ 92.13759, 21.19865 ], [ 92.13759, 21.19869 ], [ 92.13753, 21.19872 ], [ 92.13751, 21.19874 ], [ 92.1373, 21.19888 ], [ 92.13698, 21.19894 ], [ 92.13715, 21.19909 ], [ 92.13729, 21.19922 ], [ 92.13732, 21.19925 ], [ 92.13756, 21.19936 ], [ 92.13779, 21.19955 ], [ 92.13804, 21.19975 ], [ 92.1381, 21.20018 ], [ 92.1382, 21.20094 ], [ 92.1382, 21.20094 ], [ 92.13871, 21.20096 ], [ 92.13876, 21.20103 ], [ 92.13901, 21.20136 ], [ 92.13923, 21.20164 ], [ 92.13925, 21.20166 ], [ 92.13933, 21.20178 ], [ 92.13937, 21.20184 ], [ 92.13943, 21.20188 ], [ 92.13946, 21.2019 ], [ 92.13952, 21.20193 ], [ 92.13956, 21.20194 ], [ 92.13965, 21.20196 ], [ 92.13965, 21.20196 ], [ 92.13996, 21.20231 ], [ 92.14019, 21.20227 ], [ 92.1407, 21.20219 ], [ 92.14086, 21.20226 ], [ 92.14115, 21.20238 ], [ 92.14116, 21.20238 ], [ 92.14145, 21.20227 ], [ 92.14173, 21.20213 ], [ 92.14206, 21.20208 ], [ 92.14206, 21.20208 ], [ 92.1423, 21.20209 ], [ 92.14267, 21.20234 ], [ 92.14276, 21.2024 ], [ 92.14318, 21.20266 ], [ 92.14347, 21.20296 ], [ 92.14375, 21.20296 ], [ 92.14389, 21.20298 ], [ 92.1439, 21.20298 ], [ 92.1439, 21.20298 ], [ 92.14413, 21.20293 ], [ 92.14413, 21.20293 ], [ 92.14437, 21.20299 ], [ 92.14445, 21.20301 ], [ 92.14446, 21.20301 ], [ 92.14487, 21.20316 ], [ 92.1453, 21.20324 ] ] ] ] } },
{ "type": "Feature", "properties": { "camp_id": "CXB-213", "camp_name": "Camp 9", "camp_label": "C09", "camp_name_npm": "Camp 09", "upazila": "Ukhia", "union": "Palong Khali", "settlement": "Collective site", "area_sqkm": 0.64908440464299999 }, "geometry": { "type": "MultiPolygon", "coordinates": [ [ [ [ 92.1603, 21.19412 ], [ 92.1605, 21.19401 ], [ 92.16062, 21.19394 ], [ 92.16063, 21.19393 ], [ 92.16065, 21.19392 ], [ 92.16073, 21.19367 ], [ 92.16073, 21.19367 ], [ 92.16075, 21.19361 ], [ 92.16075, 21.19361 ], [ 92.16075, 21.19361 ], [ 92.16076, 21.19361 ], [ 92.16076, 21.1936 ], [ 92.16087, 21.19358 ], [ 92.16088, 21.19358 ], [ 92.16088, 21.19358 ], [ 92.16088, 21.19358 ], [ 92.16089, 21.19358 ], [ 92.16089, 21.19358 ], [ 92.16096, 21.19357 ], [ 92.16108, 21.19345 ], [ 92.16113, 21.1933 ], [ 92.16116, 21.19318 ], [ 92.16117, 21.19316 ], [ 92.16123, 21.19311 ], [ 92.16131, 21.19303 ], [ 92.1615, 21.19293 ], [ 92.16171, 21.19281 ], [ 92.16172, 21.19281 ], [ 92.16178, 21.19278 ], [ 92.16178, 21.19277 ], [ 92.1618, 21.19277 ], [ 92.16183, 21.19273 ], [ 92.16213, 21.19242 ], [ 92.16213, 21.19242 ], [ 92.16214, 21.19235 ], [ 92.16212, 21.19224 ], [ 92.16205, 21.19192 ], [ 92.162, 21.19166 ], [ 92.16199, 21.19159 ], [ 92.16198, 21.19157 ], [ 92.16197, 21.19152 ], [ 92.16197, 21.19152 ], [ 92.16217, 21.19149 ], [ 92.16235, 21.19147 ], [ 92.16235, 21.19147 ], [ 92.16233, 21.19139 ], [ 92.16233, 21.19135 ], [ 92.16233, 21.19128 ], [ 92.16233, 21.19121 ], [ 92.16234, 21.19112 ], [ 92.16235, 21.1911 ], [ 92.16235, 21.1911 ], [ 92.16235, 21.19104 ], [ 92.16237, 21.19104 ], [ 92.16251, 21.19104 ], [ 92.16253, 21.19104 ], [ 92.16253, 21.19102 ], [ 92.16255, 21.19088 ], [ 92.1627, 21.19088 ], [ 92.16284, 21.19088 ], [ 92.16286, 21.19088 ], [ 92.16317, 21.19087 ], [ 92.16328, 21.19082 ], [ 92.16352, 21.19071 ], [ 92.16359, 21.19068 ], [ 92.16361, 21.19067 ], [ 92.16369, 21.19065 ], [ 92.16375, 21.19063 ], [ 92.1638, 21.1906 ], [ 92.16381, 21.1906 ], [ 92.16384, 21.19058 ], [ 92.16385, 21.19058 ], [ 92.16391, 21.19056 ], [ 92.16396, 21.1905 ], [ 92.16397, 21.19049 ], [ 92.16404, 21.19045 ], [ 92.16404, 21.19045 ], [ 92.16407, 21.19043 ], [ 92.16407, 21.19043 ], [ 92.1641, 21.19041 ], [ 92.16411, 21.19041 ], [ 92.16411, 21.1904 ], [ 92.16417, 21.19038 ], [ 92.16417, 21.19038 ], [ 92.16419, 21.19037 ], [ 92.16421, 21.19036 ], [ 92.16421, 21.19036 ], [ 92.16422, 21.19036 ], [ 92.16422, 21.19036 ], [ 92.16424, 21.19036 ], [ 92.16425, 21.19036 ], [ 92.16429, 21.19036 ], [ 92.16429, 21.19036 ], [ 92.16433, 21.19035 ], [ 92.16433, 21.19035 ], [ 92.16435, 21.19035 ], [ 92.16437, 21.19037 ], [ 92.16438, 21.19037 ], [ 92.16439, 21.19037 ], [ 92.16439, 21.19038 ], [ 92.16439, 21.19038 ], [ 92.16439, 21.19038 ], [ 92.1644, 21.19038 ], [ 92.1644, 21.19038 ], [ 92.1644, 21.19038 ], [ 92.16442, 21.19038 ], [ 92.16444, 21.19038 ], [ 92.16446, 21.19038 ], [ 92.16456, 21.19037 ], [ 92.16463, 21.19036 ], [ 92.16465, 21.19036 ], [ 92.16466, 21.19035 ], [ 92.16467, 21.19035 ], [ 92.1647, 21.19034 ], [ 92.16475, 21.19033 ], [ 92.16475, 21.19033 ], [ 92.1648, 21.19031 ], [ 92.16481, 21.19031 ], [ 92.16485, 21.1903 ], [ 92.16485, 21.1903 ], [ 92.1649, 21.19028 ], [ 92.1649, 21.19028 ], [ 92.1649, 21.19028 ], [ 92.16494, 21.19027 ], [ 92.16495, 21.19027 ], [ 92.16498, 21.19026 ], [ 92.16498, 21.19026 ], [ 92.16499, 21.19026 ], [ 92.16502, 21.19025 ], [ 92.16502, 21.19025 ], [ 92.16504, 21.19025 ], [ 92.16504, 21.19025 ], [ 92.16506, 21.19024 ], [ 92.16507, 21.19024 ], [ 92.16507, 21.19024 ], [ 92.16514, 21.19023 ], [ 92.16514, 21.19023 ], [ 92.16516, 21.19022 ], [ 92.1652, 21.19021 ], [ 92.16521, 21.19021 ], [ 92.16524, 21.1902 ], [ 92.16524, 21.1902 ], [ 92.16528, 21.19018 ], [ 92.16529, 21.19018 ], [ 92.1653, 21.19018 ], [ 92.1653, 21.19018 ], [ 92.1653, 21.19018 ], [ 92.16533, 21.19019 ], [ 92.16535, 21.19018 ], [ 92.16536, 21.19018 ], [ 92.16539, 21.19017 ], [ 92.16541, 21.19016 ], [ 92.16541, 21.19016 ], [ 92.16547, 21.19013 ], [ 92.16548, 21.19013 ], [ 92.16548, 21.19013 ], [ 92.1655, 21.19012 ], [ 92.16553, 21.1901 ], [ 92.16553, 21.1901 ], [ 92.16559, 21.19007 ], [ 92.1656, 21.19007 ], [ 92.16565, 21.19005 ], [ 92.16568, 21.19003 ], [ 92.16568, 21.19003 ], [ 92.16569, 21.19003 ], [ 92.16572, 21.19001 ], [ 92.16574, 21.19001 ], [ 92.16575, 21.19 ], [ 92.16575, 21.19 ], [ 92.16582, 21.18999 ], [ 92.16582, 21.18999 ], [ 92.16583, 21.18998 ], [ 92.16583, 21.18998 ], [ 92.16585, 21.18999 ], [ 92.16588, 21.19001 ], [ 92.16588, 21.19001 ], [ 92.16589, 21.19002 ], [ 92.16591, 21.19003 ], [ 92.16591, 21.19003 ], [ 92.16593, 21.19004 ], [ 92.16593, 21.19004 ], [ 92.16595, 21.19003 ], [ 92.16597, 21.19002 ], [ 92.16599, 21.19001 ], [ 92.16599, 21.19001 ], [ 92.166, 21.19001 ], [ 92.166, 21.19001 ], [ 92.166, 21.19 ], [ 92.16602, 21.18995 ], [ 92.16602, 21.18995 ], [ 92.16602, 21.18995 ], [ 92.16604, 21.18991 ], [ 92.16604, 21.18991 ], [ 92.16605, 21.1899 ], [ 92.16606, 21.18989 ], [ 92.16606, 21.18989 ], [ 92.16607, 21.18987 ], [ 92.16609, 21.18985 ], [ 92.16609, 21.18985 ], [ 92.1661, 21.18983 ], [ 92.16613, 21.18979 ], [ 92.16616, 21.18976 ], [ 92.16619, 21.18973 ], [ 92.16624, 21.18969 ], [ 92.16624, 21.18968 ], [ 92.16625, 21.18968 ], [ 92.16627, 21.18967 ], [ 92.16646, 21.18957 ], [ 92.16612, 21.18919 ], [ 92.16545, 21.18852 ], [ 92.16503, 21.18804 ], [ 92.16457, 21.18751 ], [ 92.16409, 21.18699 ], [ 92.16384, 21.18663 ], [ 92.16347, 21.18618 ], [ 92.16253, 21.18608 ], [ 92.16208, 21.18608 ], [ 92.16138, 21.18603 ], [ 92.16106, 21.18586 ], [ 92.16097, 21.18599 ], [ 92.16056, 21.18578 ], [ 92.15995, 21.18566 ], [ 92.15969, 21.1857 ], [ 92.1595, 21.18563 ], [ 92.15927, 21.18544 ], [ 92.15908, 21.1853 ], [ 92.15876, 21.1852 ], [ 92.15844, 21.18519 ], [ 92.15832, 21.18523 ], [ 92.15828, 21.18538 ], [ 92.15817, 21.18546 ], [ 92.15804, 21.18546 ], [ 92.15798, 21.18553 ], [ 92.15803, 21.18575 ], [ 92.158, 21.18595 ], [ 92.15797, 21.18616 ], [ 92.15794, 21.18626 ], [ 92.15798, 21.18644 ], [ 92.15794, 21.18657 ], [ 92.15787, 21.18672 ], [ 92.15777, 21.18675 ], [ 92.15759, 21.1868 ], [ 92.15766, 21.18682 ], [ 92.15776, 21.18707 ], [ 92.15783, 21.18718 ], [ 92.15802, 21.1873 ], [ 92.15811, 21.1874 ], [ 92.15814, 21.18744 ], [ 92.15824, 21.18778 ], [ 92.15829, 21.18793 ], [ 92.15835, 21.18809 ], [ 92.15848, 21.18813 ], [ 92.15872, 21.18802 ], [ 92.15898, 21.18846 ], [ 92.15901, 21.18853 ], [ 92.15903, 21.18858 ], [ 92.15902, 21.18866 ], [ 92.15901, 21.18877 ], [ 92.15899, 21.18885 ], [ 92.15896, 21.18897 ], [ 92.15892, 21.18904 ], [ 92.15888, 21.18907 ], [ 92.15879, 21.18908 ], [ 92.15869, 21.18909 ], [ 92.15863, 21.18913 ], [ 92.15858, 21.18919 ], [ 92.15854, 21.18924 ], [ 92.15847, 21.18929 ], [ 92.15836, 21.18934 ], [ 92.15828, 21.18937 ], [ 92.15822, 21.18939 ], [ 92.15814, 21.18943 ], [ 92.15802, 21.18949 ], [ 92.15794, 21.18954 ], [ 92.15784, 21.18959 ], [ 92.15774, 21.18963 ], [ 92.15753, 21.18973 ], [ 92.15725, 21.18971 ], [ 92.15684, 21.18969 ], [ 92.1567, 21.18961 ], [ 92.15645, 21.18959 ], [ 92.15633, 21.18961 ], [ 92.15613, 21.18969 ], [ 92.15586, 21.1897 ], [ 92.15587, 21.18985 ], [ 92.1558, 21.18999 ], [ 92.15575, 21.19027 ], [ 92.15567, 21.19048 ], [ 92.15567, 21.19064 ], [ 92.15561, 21.19086 ], [ 92.15565, 21.19095 ], [ 92.15581, 21.19105 ], [ 92.15601, 21.1911 ], [ 92.15634, 21.19108 ], [ 92.15644, 21.19105 ], [ 92.15643, 21.19139 ], [ 92.15622, 21.19181 ], [ 92.15574, 21.19211 ], [ 92.15561, 21.19263 ], [ 92.15559, 21.19271 ], [ 92.15564, 21.19298 ], [ 92.15564, 21.19298 ], [ 92.15574, 21.19347 ], [ 92.15603, 21.19395 ], [ 92.15633, 21.19427 ], [ 92.15677, 21.19433 ], [ 92.15722, 21.19437 ], [ 92.15765, 21.19405 ], [ 92.15811, 21.19411 ], [ 92.15812, 21.19412 ], [ 92.15816, 21.19418 ], [ 92.15821, 21.19432 ], [ 92.15825, 21.19442 ], [ 92.15827, 21.19456 ], [ 92.1583, 21.19468 ], [ 92.15833, 21.19476 ], [ 92.15829, 21.1948 ], [ 92.1584, 21.19491 ], [ 92.15861, 21.19493 ], [ 92.1587, 21.195 ], [ 92.1588, 21.1951 ], [ 92.15895, 21.19513 ], [ 92.15901, 21.19513 ], [ 92.15902, 21.19513 ], [ 92.15915, 21.19508 ], [ 92.15926, 21.19502 ], [ 92.15929, 21.195 ], [ 92.15933, 21.19492 ], [ 92.15934, 21.19491 ], [ 92.15937, 21.19485 ], [ 92.15937, 21.19484 ], [ 92.15944, 21.19474 ], [ 92.15944, 21.19473 ], [ 92.15945, 21.19472 ], [ 92.15951, 21.19468 ], [ 92.15952, 21.19467 ], [ 92.15952, 21.19467 ], [ 92.15959, 21.19461 ], [ 92.15971, 21.1945 ], [ 92.15981, 21.19441 ], [ 92.15983, 21.1944 ], [ 92.15984, 21.19439 ], [ 92.15987, 21.19437 ], [ 92.15987, 21.19437 ], [ 92.15993, 21.19433 ], [ 92.16004, 21.19427 ], [ 92.16008, 21.19424 ], [ 92.16008, 21.19424 ], [ 92.16026, 21.19414 ], [ 92.16027, 21.19413 ], [ 92.16028, 21.19413 ], [ 92.16029, 21.19412 ], [ 92.1603, 21.19412 ] ] ] ] } },
{ "type": "Feature", "properties": { "camp_id": "CXB-214", "camp_name": "Camp 10", "camp_label": "C10", "camp_name_npm": "Camp 10", "upazila": "Ukhia", "union": "Palong Khali", "settlement": "Collective site", "area_sqkm": 0.49614542865799999 }, "geometry": { "type": "MultiPolygon", "coordinates": [ [ [ [ 92.15018, 21.19129 ], [ 92.15125, 21.1915 ], [ 92.15135, 21.19142 ], [ 92.15142, 21.19159 ], [ 92.1513, 21.19189 ], [ 92.15138, 21.19224 ], [ 92.15156, 21.19247 ], [ 92.15158, 21.1928 ], [ 92.15163, 21.19305 ], [ 92.15186, 21.19349 ], [ 92.15198, 21.19391 ], [ 92.15228, 21.19411 ], [ 92.15262, 21.19458 ], [ 92.15288, 21.19478 ], [ 92.15345, 21.19485 ], [ 92.15378, 21.1948 ], [ 92.15417, 21.19498 ], [ 92.15456, 21.19461 ], [ 92.15458, 21.19429 ], [ 92.15445, 21.194 ], [ 92.15455, 21.19364 ], [ 92.15471, 21.19326 ], [ 92.15489, 21.19301 ], [ 92.15564, 21.19298 ], [ 92.15564, 21.19298 ], [ 92.15559, 21.19271 ], [ 92.15561, 21.19263 ], [ 92.15574, 21.19211 ], [ 92.15622, 21.19181 ], [ 92.15643, 21.19139 ], [ 92.15644, 21.19105 ], [ 92.15634, 21.19108 ], [ 92.15601, 21.1911 ], [ 92.15581, 21.19105 ], [ 92.15565, 21.19095 ], [ 92.15561, 21.19086 ], [ 92.15567, 21.19064 ], [ 92.15567, 21.19048 ], [ 92.15575, 21.19027 ], [ 92.1558, 21.18999 ], [ 92.15587, 21.18985 ], [ 92.15586, 21.1897 ], [ 92.15613, 21.18969 ], [ 92.15633, 21.18961 ], [ 92.15645, 21.18959 ], [ 92.1567, 21.18961 ], [ 92.15684, 21.18969 ], [ 92.15725, 21.18971 ], [ 92.15753, 21.18973 ], [ 92.15774, 21.18963 ], [ 92.15784, 21.18959 ], [ 92.15794, 21.18954 ], [ 92.15802, 21.18949 ], [ 92.15814, 21.18943 ], [ 92.15822, 21.18939 ], [ 92.15828, 21.18937 ], [ 92.15836, 21.18934 ], [ 92.15847, 21.18929 ], [ 92.15854, 21.18924 ], [ 92.15858, 21.18919 ], [ 92.15863, 21.18913 ], [ 92.15869, 21.18909 ], [ 92.15879, 21.18908 ], [ 92.15888, 21.18907 ], [ 92.15892, 21.18904 ], [ 92.15896, 21.18897 ], [ 92.15899, 21.18885 ], [ 92.15901, 21.18877 ], [ 92.15902, 21.18866 ], [ 92.15903, 21.18858 ], [ 92.15901, 21.18853 ], [ 92.15898, 21.18846 ], [ 92.15872, 21.18802 ], [ 92.15848, 21.18813 ], [ 92.15835, 21.18809 ], [ 92.15829, 21.18793 ], [ 92.15824, 21.18778 ], [ 92.15814, 21.18744 ], [ 92.15811, 21.1874 ], [ 92.15802, 21.1873 ], [ 92.15783, 21.18718 ], [ 92.15776, 21.18707 ], [ 92.15766, 21.18682 ], [ 92.15759, 21.1868 ], [ 92.15736, 21.18675 ], [ 92.15725, 21.18668 ], [ 92.15707, 21.18655 ], [ 92.15699, 21.18652 ], [ 92.15694, 21.1864 ], [ 92.15693, 21.18631 ], [ 92.15695, 21.18623 ], [ 92.15698, 21.18612 ], [ 92.15699, 21.18604 ], [ 92.15692, 21.18599 ], [ 92.15681, 21.18596 ], [ 92.1567, 21.18592 ], [ 92.1566, 21.18587 ], [ 92.15654, 21.18587 ], [ 92.15649, 21.18589 ], [ 92.15645, 21.18597 ], [ 92.15647, 21.18606 ], [ 92.15647, 21.18614 ], [ 92.15638, 21.1862 ], [ 92.15626, 21.18621 ], [ 92.15604, 21.18624 ], [ 92.15589, 21.18625 ], [ 92.15569, 21.18625 ], [ 92.15557, 21.18623 ], [ 92.15542, 21.18626 ], [ 92.15532, 21.18625 ], [ 92.1552, 21.18621 ], [ 92.15508, 21.18623 ], [ 92.15498, 21.18623 ], [ 92.15489, 21.18623 ], [ 92.1548, 21.18622 ], [ 92.15478, 21.18628 ], [ 92.15479, 21.18636 ], [ 92.1548, 21.18645 ], [ 92.15476, 21.18651 ], [ 92.15473, 21.18654 ], [ 92.15467, 21.18657 ], [ 92.15461, 21.1866 ], [ 92.15455, 21.18661 ], [ 92.15448, 21.1866 ], [ 92.15444, 21.18656 ], [ 92.15443, 21.18651 ], [ 92.15444, 21.18644 ], [ 92.15446, 21.18637 ], [ 92.15449, 21.18628 ], [ 92.15454, 21.18621 ], [ 92.15454, 21.18613 ], [ 92.15452, 21.18606 ], [ 92.15448, 21.18601 ], [ 92.15444, 21.18595 ], [ 92.15433, 21.18589 ], [ 92.15426, 21.18588 ], [ 92.15419, 21.18591 ], [ 92.15409, 21.18591 ], [ 92.15401, 21.18591 ], [ 92.15395, 21.18592 ], [ 92.15392, 21.18597 ], [ 92.15387, 21.186 ], [ 92.15375, 21.18597 ], [ 92.15358, 21.18591 ], [ 92.1535, 21.18587 ], [ 92.15345, 21.18589 ], [ 92.1534, 21.18594 ], [ 92.15335, 21.18601 ], [ 92.1533, 21.18604 ], [ 92.15324, 21.18605 ], [ 92.15318, 21.18604 ], [ 92.15313, 21.186 ], [ 92.15307, 21.18595 ], [ 92.15302, 21.1859 ], [ 92.15296, 21.18585 ], [ 92.1529, 21.18582 ], [ 92.15284, 21.18581 ], [ 92.15278, 21.18578 ], [ 92.15266, 21.18572 ], [ 92.15255, 21.18572 ], [ 92.15248, 21.18575 ], [ 92.15235, 21.18578 ], [ 92.15226, 21.1858 ], [ 92.15213, 21.18581 ], [ 92.15197, 21.18584 ], [ 92.15184, 21.18584 ], [ 92.15178, 21.18584 ], [ 92.15164, 21.18611 ], [ 92.15149, 21.18657 ], [ 92.15143, 21.18685 ], [ 92.15156, 21.18726 ], [ 92.15181, 21.18782 ], [ 92.15194, 21.18815 ], [ 92.15196, 21.18844 ], [ 92.15186, 21.18875 ], [ 92.15185, 21.18877 ], [ 92.15182, 21.18888 ], [ 92.15179, 21.18923 ], [ 92.15164, 21.1897 ], [ 92.15158, 21.19009 ], [ 92.15161, 21.1903 ], [ 92.15153, 21.19045 ], [ 92.15145, 21.19048 ], [ 92.1512, 21.19055 ], [ 92.15099, 21.19064 ], [ 92.15084, 21.19082 ], [ 92.15058, 21.19087 ], [ 92.1504, 21.19095 ], [ 92.15024, 21.19118 ], [ 92.15018, 21.19129 ] ] ] ] } },
{ "type": "Feature", "properties": { "camp_id": "CXB-215", "camp_name": "Camp 18", "camp_label": "C18", "camp_name_npm": "Camp 18", "upazila": "Ukhia", "union": "Palong Khali", "settlement": "Collective site", "area_sqkm": 0.75167667904400004 }, "geometry": { "type": "MultiPolygon", "coordinates": [ [ [ [ 92.14732, 21.1949 ], [ 92.14769, 21.19446 ], [ 92.14781, 21.19422 ], [ 92.14834, 21.19445 ], [ 92.14861, 21.19452 ], [ 92.14862, 21.19436 ], [ 92.14859, 21.19416 ], [ 92.14859, 21.19414 ], [ 92.14866, 21.19404 ], [ 92.14881, 21.19387 ], [ 92.14928, 21.19357 ], [ 92.14969, 21.19342 ], [ 92.14997, 21.1934 ], [ 92.15023, 21.19327 ], [ 92.15034, 21.19304 ], [ 92.15041, 21.19281 ], [ 92.15047, 21.19257 ], [ 92.15051, 21.19242 ], [ 92.1506, 21.19227 ], [ 92.15056, 21.19213 ], [ 92.15032, 21.19194 ], [ 92.15011, 21.19182 ], [ 92.15005, 21.19167 ], [ 92.15012, 21.19138 ], [ 92.15018, 21.19129 ], [ 92.15024, 21.19118 ], [ 92.1504, 21.19095 ], [ 92.15058, 21.19087 ], [ 92.15084, 21.19082 ], [ 92.15099, 21.19064 ], [ 92.1512, 21.19055 ], [ 92.15145, 21.19048 ], [ 92.15153, 21.19045 ], [ 92.15161, 21.1903 ], [ 92.15158, 21.19009 ], [ 92.15164, 21.1897 ], [ 92.15179, 21.18923 ], [ 92.15182, 21.18888 ], [ 92.15185, 21.18877 ], [ 92.15186, 21.18875 ], [ 92.15196, 21.18844 ], [ 92.15194, 21.18815 ], [ 92.15181, 21.18782 ], [ 92.15156, 21.18726 ], [ 92.15143, 21.18685 ], [ 92.15149, 21.18657 ], [ 92.15164, 21.18611 ], [ 92.15178, 21.18584 ], [ 92.15174, 21.18584 ], [ 92.15166, 21.18581 ], [ 92.15159, 21.18578 ], [ 92.15156, 21.18577 ], [ 92.15152, 21.18571 ], [ 92.15147, 21.18564 ], [ 92.15142, 21.18557 ], [ 92.15133, 21.18553 ], [ 92.15126, 21.18549 ], [ 92.15118, 21.1855 ], [ 92.15112, 21.18557 ], [ 92.15108, 21.18561 ], [ 92.15103, 21.18567 ], [ 92.15095, 21.18571 ], [ 92.15089, 21.18571 ], [ 92.15082, 21.18567 ], [ 92.15082, 21.18561 ], [ 92.15081, 21.18556 ], [ 92.15077, 21.18551 ], [ 92.15071, 21.18547 ], [ 92.15056, 21.18541 ], [ 92.15045, 21.18535 ], [ 92.15034, 21.18531 ], [ 92.15026, 21.18528 ], [ 92.15019, 21.18525 ], [ 92.15012, 21.18525 ], [ 92.15005, 21.18532 ], [ 92.15, 21.18536 ], [ 92.14993, 21.18538 ], [ 92.1499, 21.1854 ], [ 92.14985, 21.18541 ], [ 92.14976, 21.18542 ], [ 92.14966, 21.18542 ], [ 92.1496, 21.1854 ], [ 92.14953, 21.18539 ], [ 92.14945, 21.18535 ], [ 92.14944, 21.18528 ], [ 92.14949, 21.18521 ], [ 92.14956, 21.18514 ], [ 92.1496, 21.18507 ], [ 92.1496, 21.18501 ], [ 92.1496, 21.18494 ], [ 92.14951, 21.18491 ], [ 92.14944, 21.18487 ], [ 92.14934, 21.18482 ], [ 92.14928, 21.18478 ], [ 92.14919, 21.18469 ], [ 92.14916, 21.18462 ], [ 92.14907, 21.18451 ], [ 92.14906, 21.18449 ], [ 92.14893, 21.1843 ], [ 92.14859, 21.18423 ], [ 92.14849, 21.18426 ], [ 92.14829, 21.18431 ], [ 92.14805, 21.18423 ], [ 92.14764, 21.18418 ], [ 92.14759, 21.18423 ], [ 92.14739, 21.18418 ], [ 92.14725, 21.18415 ], [ 92.14695, 21.18424 ], [ 92.14652, 21.18394 ], [ 92.14632, 21.18399 ], [ 92.14624, 21.18394 ], [ 92.14617, 21.1838 ], [ 92.14616, 21.18368 ], [ 92.14608, 21.18364 ], [ 92.14602, 21.18366 ], [ 92.14592, 21.18373 ], [ 92.14592, 21.18382 ], [ 92.14584, 21.18391 ], [ 92.14579, 21.18396 ], [ 92.1457, 21.1839 ], [ 92.14553, 21.18381 ], [ 92.14535, 21.18375 ], [ 92.14509, 21.18368 ], [ 92.14498, 21.18361 ], [ 92.14481, 21.18353 ], [ 92.14473, 21.18354 ], [ 92.14471, 21.18354 ], [ 92.14471, 21.18366 ], [ 92.14463, 21.18374 ], [ 92.14465, 21.18389 ], [ 92.14471, 21.184 ], [ 92.14478, 21.18409 ], [ 92.14482, 21.18422 ], [ 92.14478, 21.18432 ], [ 92.14472, 21.18442 ], [ 92.14468, 21.18452 ], [ 92.14466, 21.18462 ], [ 92.14465, 21.18478 ], [ 92.14468, 21.18488 ], [ 92.14468, 21.18493 ], [ 92.14454, 21.18503 ], [ 92.1445, 21.18512 ], [ 92.14447, 21.1852 ], [ 92.14436, 21.1852 ], [ 92.14431, 21.1852 ], [ 92.14418, 21.1852 ], [ 92.14413, 21.18524 ], [ 92.14413, 21.1853 ], [ 92.14413, 21.18538 ], [ 92.14411, 21.18547 ], [ 92.14402, 21.18561 ], [ 92.14397, 21.18568 ], [ 92.14401, 21.18576 ], [ 92.14409, 21.18577 ], [ 92.14414, 21.18575 ], [ 92.14419, 21.18577 ], [ 92.14428, 21.18602 ], [ 92.14427, 21.18615 ], [ 92.14424, 21.18626 ], [ 92.14424, 21.18636 ], [ 92.14428, 21.18642 ], [ 92.14434, 21.18642 ], [ 92.14443, 21.18648 ], [ 92.14445, 21.18653 ], [ 92.14447, 21.18656 ], [ 92.14457, 21.18678 ], [ 92.14465, 21.18684 ], [ 92.1447, 21.18688 ], [ 92.14474, 21.18697 ], [ 92.14472, 21.18708 ], [ 92.14468, 21.18715 ], [ 92.14462, 21.18726 ], [ 92.14459, 21.18733 ], [ 92.14465, 21.18741 ], [ 92.14468, 21.18749 ], [ 92.14469, 21.18754 ], [ 92.14465, 21.1876 ], [ 92.14445, 21.18761 ], [ 92.14442, 21.18754 ], [ 92.14421, 21.18751 ], [ 92.14398, 21.18753 ], [ 92.1439, 21.18762 ], [ 92.14391, 21.18768 ], [ 92.144, 21.1877 ], [ 92.14403, 21.18776 ], [ 92.14397, 21.1878 ], [ 92.14392, 21.18784 ], [ 92.14389, 21.18792 ], [ 92.1439, 21.18799 ], [ 92.14386, 21.18803 ], [ 92.14378, 21.18807 ], [ 92.14372, 21.18815 ], [ 92.1437, 21.18826 ], [ 92.1437, 21.18836 ], [ 92.14376, 21.1884 ], [ 92.14381, 21.18847 ], [ 92.14382, 21.18852 ], [ 92.14367, 21.18861 ], [ 92.14361, 21.18871 ], [ 92.14346, 21.18878 ], [ 92.14336, 21.1888 ], [ 92.14329, 21.18882 ], [ 92.14321, 21.18886 ], [ 92.14316, 21.18895 ], [ 92.14313, 21.18904 ], [ 92.14315, 21.18911 ], [ 92.14324, 21.18926 ], [ 92.14326, 21.18935 ], [ 92.14326, 21.18945 ], [ 92.14325, 21.18952 ], [ 92.14327, 21.18952 ], [ 92.14325, 21.1896 ], [ 92.14322, 21.18965 ], [ 92.14312, 21.1897 ], [ 92.14311, 21.1897 ], [ 92.14302, 21.18976 ], [ 92.14302, 21.18979 ], [ 92.14302, 21.18984 ], [ 92.14304, 21.18987 ], [ 92.14309, 21.18987 ], [ 92.14314, 21.18985 ], [ 92.14321, 21.18983 ], [ 92.14328, 21.18981 ], [ 92.14332, 21.18985 ], [ 92.14333, 21.18994 ], [ 92.14334, 21.19009 ], [ 92.14338, 21.19014 ], [ 92.14338, 21.19015 ], [ 92.14335, 21.19026 ], [ 92.14335, 21.19027 ], [ 92.14333, 21.19031 ], [ 92.14329, 21.19043 ], [ 92.14328, 21.1905 ], [ 92.14327, 21.19059 ], [ 92.14323, 21.19074 ], [ 92.14323, 21.19085 ], [ 92.14326, 21.1909 ], [ 92.14328, 21.19094 ], [ 92.14332, 21.19101 ], [ 92.14332, 21.19107 ], [ 92.14343, 21.19117 ], [ 92.14364, 21.19115 ], [ 92.14392, 21.19127 ], [ 92.14404, 21.19166 ], [ 92.14416, 21.1918 ], [ 92.14445, 21.19191 ], [ 92.14479, 21.1919 ], [ 92.14482, 21.19153 ], [ 92.14501, 21.19114 ], [ 92.14516, 21.19095 ], [ 92.14571, 21.19107 ], [ 92.14595, 21.19131 ], [ 92.14608, 21.1921 ], [ 92.14621, 21.19273 ], [ 92.14592, 21.19309 ], [ 92.14606, 21.19372 ], [ 92.14578, 21.19414 ], [ 92.14578, 21.19461 ], [ 92.14607, 21.195 ], [ 92.14619, 21.19533 ], [ 92.14661, 21.19554 ], [ 92.1469, 21.19522 ], [ 92.14732, 21.1949 ] ] ] ] } },
{ "type": "Feature", "properties": { "camp_id": "CXB-216", "camp_name": "Camp 20", "camp_label": "C20", "camp_name_npm": "Camp 20", "upazila": "Ukhia", "union": "Palong Khali", "settlement": "Collective site", "area_sqkm": 0.489105653541 }, "geometry": { "type": "MultiPolygon", "coordinates": [ [ [ [ 92.13793, 21.19569 ], [ 92.13793, 21.19569 ], [ 92.13805, 21.1957 ], [ 92.1381, 21.1957 ], [ 92.1382, 21.19573 ], [ 92.13824, 21.19578 ], [ 92.13831, 21.19581 ], [ 92.13835, 21.19582 ], [ 92.13847, 21.19583 ], [ 92.13859, 21.19579 ], [ 92.13868, 21.19574 ], [ 92.13876, 21.19573 ], [ 92.13874, 21.19565 ], [ 92.13873, 21.19559 ], [ 92.13883, 21.19545 ], [ 92.13886, 21.1954 ], [ 92.13923, 21.19529 ], [ 92.13939, 21.19525 ], [ 92.13949, 21.19513 ], [ 92.13952, 21.1951 ], [ 92.13959, 21.19502 ], [ 92.13967, 21.19485 ], [ 92.13982, 21.19479 ], [ 92.14008, 21.19488 ], [ 92.14015, 21.19497 ], [ 92.14022, 21.19496 ], [ 92.14028, 21.19483 ], [ 92.14029, 21.19466 ], [ 92.14058, 21.19453 ], [ 92.14074, 21.19454 ], [ 92.14093, 21.19462 ], [ 92.14118, 21.1946 ], [ 92.1412, 21.19451 ], [ 92.14117, 21.19449 ], [ 92.14117, 21.19449 ], [ 92.14109, 21.19443 ], [ 92.14111, 21.19426 ], [ 92.14112, 21.19425 ], [ 92.14119, 21.19416 ], [ 92.14119, 21.19416 ], [ 92.1412, 21.19416 ], [ 92.14138, 21.1942 ], [ 92.14147, 21.19429 ], [ 92.14154, 21.19437 ], [ 92.14162, 21.19433 ], [ 92.14163, 21.19421 ], [ 92.14171, 21.19408 ], [ 92.14173, 21.19406 ], [ 92.14179, 21.19396 ], [ 92.14172, 21.19388 ], [ 92.14173, 21.19383 ], [ 92.14186, 21.19385 ], [ 92.14196, 21.19382 ], [ 92.14207, 21.19377 ], [ 92.14216, 21.19371 ], [ 92.14215, 21.19358 ], [ 92.14212, 21.1935 ], [ 92.14211, 21.19345 ], [ 92.14216, 21.19341 ], [ 92.14225, 21.1934 ], [ 92.14237, 21.19341 ], [ 92.1424, 21.1934 ], [ 92.14245, 21.19339 ], [ 92.14246, 21.19333 ], [ 92.14251, 21.19327 ], [ 92.14251, 21.1932 ], [ 92.14248, 21.19301 ], [ 92.1425, 21.19286 ], [ 92.14253, 21.19273 ], [ 92.14256, 21.19264 ], [ 92.14262, 21.19255 ], [ 92.14274, 21.1925 ], [ 92.14276, 21.19248 ], [ 92.14279, 21.19242 ], [ 92.14274, 21.19235 ], [ 92.14266, 21.19232 ], [ 92.14256, 21.19232 ], [ 92.14248, 21.19227 ], [ 92.14243, 21.19226 ], [ 92.14233, 21.19224 ], [ 92.14228, 21.19225 ], [ 92.14221, 21.19221 ], [ 92.14222, 21.19216 ], [ 92.14218, 21.19204 ], [ 92.14216, 21.19196 ], [ 92.14208, 21.1919 ], [ 92.14202, 21.19184 ], [ 92.14199, 21.19177 ], [ 92.14199, 21.1917 ], [ 92.14201, 21.19166 ], [ 92.14211, 21.19158 ], [ 92.14229, 21.19143 ], [ 92.14232, 21.19134 ], [ 92.14236, 21.19126 ], [ 92.14243, 21.19122 ], [ 92.14257, 21.19117 ], [ 92.14265, 21.1912 ], [ 92.14275, 21.19124 ], [ 92.14281, 21.19125 ], [ 92.14285, 21.19122 ], [ 92.14284, 21.19116 ], [ 92.14281, 21.19107 ], [ 92.1428, 21.19097 ], [ 92.14282, 21.19091 ], [ 92.14288, 21.19084 ], [ 92.14294, 21.19084 ], [ 92.14302, 21.19084 ], [ 92.14305, 21.19094 ], [ 92.14311, 21.19099 ], [ 92.14314, 21.19105 ], [ 92.14315, 21.19106 ], [ 92.14317, 21.19109 ], [ 92.14325, 21.19109 ], [ 92.14332, 21.19107 ], [ 92.14332, 21.19101 ], [ 92.14328, 21.19094 ], [ 92.14326, 21.1909 ], [ 92.14323, 21.19085 ], [ 92.14323, 21.19074 ], [ 92.14327, 21.19059 ], [ 92.14328, 21.1905 ], [ 92.14329, 21.19043 ], [ 92.14333, 21.19031 ], [ 92.14335, 21.19027 ], [ 92.14335, 21.19026 ], [ 92.14338, 21.19015 ], [ 92.14338, 21.19014 ], [ 92.14334, 21.19009 ], [ 92.14333, 21.18994 ], [ 92.14332, 21.18985 ], [ 92.14328, 21.18981 ], [ 92.14321, 21.18983 ], [ 92.14314, 21.18985 ], [ 92.14309, 21.18987 ], [ 92.14304, 21.18987 ], [ 92.14302, 21.18984 ], [ 92.14302, 21.18979 ], [ 92.14302, 21.18976 ], [ 92.14311, 21.1897 ], [ 92.14312, 21.1897 ], [ 92.14322, 21.18965 ], [ 92.14325, 21.1896 ], [ 92.14327, 21.18952 ], [ 92.14325, 21.18952 ], [ 92.14326, 21.18945 ], [ 92.14326, 21.18935 ], [ 92.14324, 21.18926 ], [ 92.14315, 21.18911 ], [ 92.14313, 21.18904 ], [ 92.14316, 21.18895 ], [ 92.14321, 21.18886 ], [ 92.14329, 21.18882 ], [ 92.14336, 21.1888 ], [ 92.14346, 21.18878 ], [ 92.14361, 21.18871 ], [ 92.14367, 21.18861 ], [ 92.14382, 21.18852 ], [ 92.14381, 21.18847 ], [ 92.14376, 21.1884 ], [ 92.1437, 21.18836 ], [ 92.1437, 21.18826 ], [ 92.14372, 21.18815 ], [ 92.14378, 21.18807 ], [ 92.14386, 21.18803 ], [ 92.1439, 21.18799 ], [ 92.14389, 21.18792 ], [ 92.14392, 21.18784 ], [ 92.14397, 21.1878 ], [ 92.14403, 21.18776 ], [ 92.144, 21.1877 ], [ 92.14391, 21.18768 ], [ 92.1439, 21.18762 ], [ 92.14398, 21.18753 ], [ 92.14421, 21.18751 ], [ 92.14442, 21.18754 ], [ 92.14445, 21.18761 ], [ 92.14465, 21.1876 ], [ 92.14469, 21.18754 ], [ 92.14468, 21.18749 ], [ 92.14465, 21.18741 ], [ 92.14459, 21.18733 ], [ 92.14462, 21.18726 ], [ 92.14468, 21.18715 ], [ 92.14472, 21.18708 ], [ 92.14474, 21.18697 ], [ 92.1447, 21.18688 ], [ 92.14465, 21.18684 ], [ 92.14457, 21.18678 ], [ 92.14447, 21.18656 ], [ 92.14445, 21.18653 ], [ 92.14443, 21.18648 ], [ 92.14434, 21.18642 ], [ 92.14428, 21.18642 ], [ 92.14424, 21.18636 ], [ 92.14424, 21.18626 ], [ 92.14427, 21.18615 ], [ 92.14428, 21.18602 ], [ 92.14419, 21.18577 ], [ 92.14414, 21.18575 ], [ 92.14409, 21.18577 ], [ 92.14401, 21.18576 ], [ 92.14349, 21.18628 ], [ 92.14338, 21.18638 ], [ 92.14336, 21.1864 ], [ 92.14322, 21.18651 ], [ 92.14255, 21.18654 ], [ 92.14228, 21.1871 ], [ 92.1421, 21.18731 ], [ 92.14219, 21.18758 ], [ 92.14188, 21.18779 ], [ 92.14154, 21.18779 ], [ 92.14116, 21.18778 ], [ 92.14058, 21.18756 ], [ 92.14015, 21.18737 ], [ 92.13984, 21.18753 ], [ 92.13931, 21.18771 ], [ 92.13885, 21.18746 ], [ 92.13845, 21.18746 ], [ 92.13794, 21.18768 ], [ 92.13801, 21.18799 ], [ 92.13806, 21.18821 ], [ 92.13795, 21.18837 ], [ 92.13789, 21.18852 ], [ 92.13785, 21.18867 ], [ 92.13773, 21.18891 ], [ 92.13757, 21.18912 ], [ 92.13746, 21.18927 ], [ 92.13733, 21.18938 ], [ 92.13732, 21.18938 ], [ 92.13732, 21.18964 ], [ 92.13734, 21.18974 ], [ 92.13741, 21.18991 ], [ 92.13746, 21.19012 ], [ 92.13745, 21.19023 ], [ 92.13737, 21.1904 ], [ 92.1373, 21.19049 ], [ 92.13728, 21.19059 ], [ 92.13725, 21.19068 ], [ 92.13732, 21.19082 ], [ 92.13739, 21.19097 ], [ 92.13748, 21.19109 ], [ 92.13758, 21.1912 ], [ 92.13767, 21.19134 ], [ 92.1377, 21.19142 ], [ 92.13769, 21.19147 ], [ 92.13768, 21.19154 ], [ 92.13737, 21.19175 ], [ 92.13722, 21.19178 ], [ 92.13722, 21.19178 ], [ 92.13717, 21.19177 ], [ 92.13715, 21.19176 ], [ 92.13715, 21.19176 ], [ 92.13715, 21.19176 ], [ 92.13715, 21.19178 ], [ 92.13717, 21.19186 ], [ 92.13717, 21.19187 ], [ 92.13717, 21.19188 ], [ 92.13717, 21.19188 ], [ 92.13717, 21.19191 ], [ 92.13716, 21.19195 ], [ 92.13716, 21.19195 ], [ 92.13716, 21.192 ], [ 92.13715, 21.19204 ], [ 92.13715, 21.19206 ], [ 92.13714, 21.19207 ], [ 92.13714, 21.19208 ], [ 92.13713, 21.19212 ], [ 92.13712, 21.19217 ], [ 92.13711, 21.19222 ], [ 92.1371, 21.19224 ], [ 92.13709, 21.19228 ], [ 92.13708, 21.19232 ], [ 92.13708, 21.19234 ], [ 92.13707, 21.19238 ], [ 92.13706, 21.19241 ], [ 92.13704, 21.19248 ], [ 92.13704, 21.19249 ], [ 92.13704, 21.19253 ], [ 92.13703, 21.19255 ], [ 92.13703, 21.19256 ], [ 92.13703, 21.19259 ], [ 92.13703, 21.19263 ], [ 92.13702, 21.19266 ], [ 92.13702, 21.19268 ], [ 92.13702, 21.19269 ], [ 92.13705, 21.19274 ], [ 92.13705, 21.19275 ], [ 92.13707, 21.19279 ], [ 92.13708, 21.19282 ], [ 92.13709, 21.19284 ], [ 92.1371, 21.19285 ], [ 92.13711, 21.19287 ], [ 92.13713, 21.19293 ], [ 92.13714, 21.19293 ], [ 92.13717, 21.19296 ], [ 92.13721, 21.19298 ], [ 92.13723, 21.193 ], [ 92.13724, 21.19301 ], [ 92.13726, 21.19302 ], [ 92.13726, 21.19304 ], [ 92.13727, 21.19306 ], [ 92.13727, 21.19306 ], [ 92.13727, 21.19307 ], [ 92.13727, 21.19308 ], [ 92.13728, 21.19309 ], [ 92.13728, 21.19309 ], [ 92.13728, 21.19316 ], [ 92.13728, 21.19324 ], [ 92.13727, 21.19334 ], [ 92.13727, 21.19342 ], [ 92.13728, 21.19349 ], [ 92.13729, 21.19351 ], [ 92.1373, 21.19354 ], [ 92.13733, 21.19362 ], [ 92.13734, 21.19364 ], [ 92.13739, 21.19373 ], [ 92.13742, 21.19378 ], [ 92.13742, 21.19379 ], [ 92.13745, 21.19384 ], [ 92.13745, 21.19386 ], [ 92.13745, 21.19388 ], [ 92.13745, 21.1939 ], [ 92.13746, 21.19394 ], [ 92.13746, 21.19399 ], [ 92.13746, 21.19401 ], [ 92.13746, 21.19403 ], [ 92.13746, 21.19406 ], [ 92.13746, 21.19406 ], [ 92.13746, 21.19413 ], [ 92.13746, 21.19414 ], [ 92.13746, 21.19421 ], [ 92.13746, 21.19423 ], [ 92.13746, 21.19425 ], [ 92.13746, 21.19426 ], [ 92.13746, 21.19428 ], [ 92.13746, 21.19428 ], [ 92.13747, 21.19435 ], [ 92.13747, 21.19437 ], [ 92.13747, 21.19442 ], [ 92.13747, 21.19443 ], [ 92.13745, 21.1945 ], [ 92.13745, 21.19452 ], [ 92.13742, 21.19464 ], [ 92.13742, 21.19464 ], [ 92.13742, 21.19464 ], [ 92.13742, 21.19464 ], [ 92.13738, 21.19468 ], [ 92.13737, 21.19469 ], [ 92.13736, 21.1947 ], [ 92.13735, 21.19471 ], [ 92.13735, 21.19471 ], [ 92.13734, 21.19472 ], [ 92.13732, 21.19474 ], [ 92.13732, 21.19476 ], [ 92.13732, 21.19479 ], [ 92.13732, 21.1948 ], [ 92.13732, 21.19481 ], [ 92.13733, 21.19488 ], [ 92.13734, 21.19492 ], [ 92.13734, 21.19492 ], [ 92.13735, 21.19497 ], [ 92.13735, 21.19499 ], [ 92.13735, 21.19501 ], [ 92.13735, 21.19501 ], [ 92.13735, 21.19507 ], [ 92.13736, 21.19509 ], [ 92.13736, 21.19513 ], [ 92.13736, 21.19515 ], [ 92.13736, 21.19518 ], [ 92.13737, 21.19519 ], [ 92.13737, 21.1952 ], [ 92.13737, 21.19521 ], [ 92.13737, 21.19526 ], [ 92.13738, 21.1953 ], [ 92.13738, 21.19532 ], [ 92.13738, 21.19533 ], [ 92.13738, 21.19535 ], [ 92.13738, 21.19537 ], [ 92.13738, 21.19539 ], [ 92.13738, 21.1954 ], [ 92.13738, 21.1954 ], [ 92.13739, 21.19542 ], [ 92.13739, 21.19542 ], [ 92.13739, 21.19544 ], [ 92.13739, 21.19551 ], [ 92.1374, 21.19554 ], [ 92.1374, 21.19554 ], [ 92.1374, 21.19554 ], [ 92.1374, 21.19555 ], [ 92.1374, 21.19556 ], [ 92.13739, 21.19562 ], [ 92.13739, 21.19565 ], [ 92.1374, 21.1957 ], [ 92.13741, 21.19576 ], [ 92.13742, 21.19584 ], [ 92.13742, 21.19585 ], [ 92.13743, 21.19586 ], [ 92.13743, 21.19586 ], [ 92.13744, 21.19586 ], [ 92.13744, 21.19587 ], [ 92.13748, 21.19587 ], [ 92.1376, 21.19584 ], [ 92.13762, 21.19584 ], [ 92.13772, 21.1958 ], [ 92.13774, 21.19579 ], [ 92.13785, 21.1957 ], [ 92.13793, 21.19569 ] ] ] ] } },
{ "type": "Feature", "properties": { "camp_id": "CXB-217", "camp_name": "Camp 11", "camp_label": "C11", "camp_name_npm": "Camp 11", "upazila": "Ukhia", "union": "Palong Khali", "settlement": "Collective site", "area_sqkm": 0.46601945401599998 }, "geometry": { "type": "MultiPolygon", "coordinates": [ [ [ [ 92.15927, 21.18544 ], [ 92.15937, 21.18531 ], [ 92.15909, 21.18511 ], [ 92.15914, 21.18503 ], [ 92.15922, 21.18497 ], [ 92.15928, 21.18491 ], [ 92.15926, 21.18479 ], [ 92.15926, 21.18472 ], [ 92.15936, 21.18465 ], [ 92.15955, 21.18448 ], [ 92.15918, 21.184 ], [ 92.15879, 21.18341 ], [ 92.15873, 21.18324 ], [ 92.15864, 21.18299 ], [ 92.15855, 21.18269 ], [ 92.15841, 21.18249 ], [ 92.15818, 21.1822 ], [ 92.15802, 21.18198 ], [ 92.15798, 21.18177 ], [ 92.15802, 21.18155 ], [ 92.15814, 21.1813 ], [ 92.15814, 21.18116 ], [ 92.15809, 21.18098 ], [ 92.15796, 21.18079 ], [ 92.15769, 21.18039 ], [ 92.15741, 21.18003 ], [ 92.15733, 21.17978 ], [ 92.15735, 21.17949 ], [ 92.15738, 21.1791 ], [ 92.15746, 21.1786 ], [ 92.1574, 21.17836 ], [ 92.15726, 21.17777 ], [ 92.15701, 21.17702 ], [ 92.15669, 21.17628 ], [ 92.15653, 21.17638 ], [ 92.15644, 21.17648 ], [ 92.15644, 21.17648 ], [ 92.15641, 21.17653 ], [ 92.15638, 21.1766 ], [ 92.15631, 21.17672 ], [ 92.15627, 21.17682 ], [ 92.15624, 21.17691 ], [ 92.15623, 21.17694 ], [ 92.15621, 21.177 ], [ 92.15617, 21.17708 ], [ 92.15611, 21.17713 ], [ 92.15604, 21.17719 ], [ 92.15599, 21.17729 ], [ 92.15598, 21.17731 ], [ 92.15594, 21.1774 ], [ 92.15589, 21.17752 ], [ 92.1559, 21.17765 ], [ 92.15593, 21.17779 ], [ 92.15595, 21.17794 ], [ 92.15593, 21.17807 ], [ 92.15589, 21.1782 ], [ 92.15584, 21.17834 ], [ 92.15579, 21.17849 ], [ 92.15569, 21.1788 ], [ 92.15566, 21.17892 ], [ 92.1556, 21.17897 ], [ 92.15547, 21.179 ], [ 92.15537, 21.17897 ], [ 92.15523, 21.1789 ], [ 92.15513, 21.17884 ], [ 92.15505, 21.17882 ], [ 92.155, 21.17883 ], [ 92.15497, 21.17886 ], [ 92.15498, 21.17908 ], [ 92.15498, 21.17922 ], [ 92.155, 21.17933 ], [ 92.15503, 21.17942 ], [ 92.15506, 21.17955 ], [ 92.15507, 21.17962 ], [ 92.15505, 21.17967 ], [ 92.15501, 21.17972 ], [ 92.15495, 21.17975 ], [ 92.15487, 21.17977 ], [ 92.15465, 21.17978 ], [ 92.15443, 21.17979 ], [ 92.15429, 21.17982 ], [ 92.15417, 21.17988 ], [ 92.15407, 21.17993 ], [ 92.15399, 21.18 ], [ 92.15388, 21.18017 ], [ 92.15384, 21.18029 ], [ 92.15386, 21.18046 ], [ 92.15388, 21.18061 ], [ 92.15388, 21.18077 ], [ 92.15387, 21.18112 ], [ 92.15388, 21.18135 ], [ 92.15389, 21.18142 ], [ 92.15389, 21.18152 ], [ 92.15388, 21.18167 ], [ 92.15384, 21.18176 ], [ 92.15382, 21.18183 ], [ 92.15377, 21.18188 ], [ 92.15373, 21.18194 ], [ 92.15365, 21.18204 ], [ 92.15364, 21.18208 ], [ 92.15355, 21.1822 ], [ 92.15336, 21.18247 ], [ 92.1532, 21.18267 ], [ 92.153, 21.18276 ], [ 92.15244, 21.18303 ], [ 92.15209, 21.18323 ], [ 92.15186, 21.1834 ], [ 92.15177, 21.1836 ], [ 92.15166, 21.18387 ], [ 92.15164, 21.18419 ], [ 92.15171, 21.18435 ], [ 92.15192, 21.18446 ], [ 92.15217, 21.18476 ], [ 92.15217, 21.18502 ], [ 92.15216, 21.18534 ], [ 92.15202, 21.18566 ], [ 92.15178, 21.18584 ], [ 92.15184, 21.18584 ], [ 92.15197, 21.18584 ], [ 92.15213, 21.18581 ], [ 92.15226, 21.1858 ], [ 92.15235, 21.18578 ], [ 92.15248, 21.18575 ], [ 92.15255, 21.18572 ], [ 92.15266, 21.18572 ], [ 92.15278, 21.18578 ], [ 92.15284, 21.18581 ], [ 92.1529, 21.18582 ], [ 92.15296, 21.18585 ], [ 92.15302, 21.1859 ], [ 92.15307, 21.18595 ], [ 92.15313, 21.186 ], [ 92.15318, 21.18604 ], [ 92.15324, 21.18605 ], [ 92.1533, 21.18604 ], [ 92.15335, 21.18601 ], [ 92.1534, 21.18594 ], [ 92.15345, 21.18589 ], [ 92.1535, 21.18587 ], [ 92.15358, 21.18591 ], [ 92.15375, 21.18597 ], [ 92.15387, 21.186 ], [ 92.15392, 21.18597 ], [ 92.15395, 21.18592 ], [ 92.15401, 21.18591 ], [ 92.15409, 21.18591 ], [ 92.15419, 21.18591 ], [ 92.15426, 21.18588 ], [ 92.15433, 21.18589 ], [ 92.15444, 21.18595 ], [ 92.15448, 21.18601 ], [ 92.15452, 21.18606 ], [ 92.15454, 21.18613 ], [ 92.15454, 21.18621 ], [ 92.15449, 21.18628 ], [ 92.15446, 21.18637 ], [ 92.15444, 21.18644 ], [ 92.15443, 21.18651 ], [ 92.15444, 21.18656 ], [ 92.15448, 21.1866 ], [ 92.15455, 21.18661 ], [ 92.15461, 21.1866 ], [ 92.15467, 21.18657 ], [ 92.15473, 21.18654 ], [ 92.15476, 21.18651 ], [ 92.1548, 21.18645 ], [ 92.15479, 21.18636 ], [ 92.15478, 21.18628 ], [ 92.1548, 21.18622 ], [ 92.15489, 21.18623 ], [ 92.15498, 21.18623 ], [ 92.15508, 21.18623 ], [ 92.1552, 21.18621 ], [ 92.15532, 21.18625 ], [ 92.15542, 21.18626 ], [ 92.15557, 21.18623 ], [ 92.15569, 21.18625 ], [ 92.15589, 21.18625 ], [ 92.15604, 21.18624 ], [ 92.15626, 21.18621 ], [ 92.15638, 21.1862 ], [ 92.15647, 21.18614 ], [ 92.15647, 21.18606 ], [ 92.15645, 21.18597 ], [ 92.15649, 21.18589 ], [ 92.15654, 21.18587 ], [ 92.1566, 21.18587 ], [ 92.1567, 21.18592 ], [ 92.15681, 21.18596 ], [ 92.15692, 21.18599 ], [ 92.15699, 21.18604 ], [ 92.15698, 21.18612 ], [ 92.15695, 21.18623 ], [ 92.15693, 21.18631 ], [ 92.15694, 21.1864 ], [ 92.15699, 21.18652 ], [ 92.15707, 21.18655 ], [ 92.15725, 21.18668 ], [ 92.15736, 21.18675 ], [ 92.15759, 21.1868 ], [ 92.15777, 21.18675 ], [ 92.15787, 21.18672 ], [ 92.15794, 21.18657 ], [ 92.15798, 21.18644 ], [ 92.15794, 21.18626 ], [ 92.15797, 21.18616 ], [ 92.158, 21.18595 ], [ 92.15803, 21.18575 ], [ 92.15798, 21.18553 ], [ 92.15804, 21.18546 ], [ 92.15817, 21.18546 ], [ 92.15828, 21.18538 ], [ 92.15832, 21.18523 ], [ 92.15844, 21.18519 ], [ 92.15876, 21.1852 ], [ 92.15908, 21.1853 ], [ 92.15927, 21.18544 ] ] ] ] } },
{ "type": "Feature", "properties": { "camp_id": "CXB-218", "camp_name": "Camp 12", "camp_label": "C12", "camp_name_npm": "Camp 12", "upazila": "Ukhia", "union": "Palong Khali", "settlement": "Collective site", "area_sqkm": 0.63113844933999996 }, "geometry": { "type": "MultiPolygon", "coordinates": [ [ [ [ 92.15598, 21.17731 ], [ 92.15599, 21.17729 ], [ 92.15604, 21.17719 ], [ 92.15611, 21.17713 ], [ 92.15617, 21.17708 ], [ 92.15621, 21.177 ], [ 92.15623, 21.17694 ], [ 92.15624, 21.17691 ], [ 92.15627, 21.17682 ], [ 92.15631, 21.17672 ], [ 92.15638, 21.1766 ], [ 92.15641, 21.17653 ], [ 92.15644, 21.17648 ], [ 92.15644, 21.17648 ], [ 92.15653, 21.17638 ], [ 92.15669, 21.17628 ], [ 92.15528, 21.17322 ], [ 92.15426, 21.17318 ], [ 92.15348, 21.17382 ], [ 92.15338, 21.17473 ], [ 92.15344, 21.17577 ], [ 92.15326, 21.17676 ], [ 92.15347, 21.17707 ], [ 92.15327, 21.17744 ], [ 92.15192, 21.17776 ], [ 92.15189, 21.17775 ], [ 92.15048, 21.17758 ], [ 92.14971, 21.17781 ], [ 92.14886, 21.17786 ], [ 92.1487, 21.17772 ], [ 92.14864, 21.17851 ], [ 92.14756, 21.1793 ], [ 92.14741, 21.17985 ], [ 92.14757, 21.18026 ], [ 92.14777, 21.18124 ], [ 92.14811, 21.1818 ], [ 92.14809, 21.18217 ], [ 92.14781, 21.18276 ], [ 92.14758, 21.18318 ], [ 92.14742, 21.18364 ], [ 92.14731, 21.1839 ], [ 92.14739, 21.18418 ], [ 92.14759, 21.18423 ], [ 92.14764, 21.18418 ], [ 92.14805, 21.18423 ], [ 92.14829, 21.18431 ], [ 92.14849, 21.18426 ], [ 92.14859, 21.18423 ], [ 92.14893, 21.1843 ], [ 92.14906, 21.18449 ], [ 92.14907, 21.18451 ], [ 92.14916, 21.18462 ], [ 92.14919, 21.18469 ], [ 92.14928, 21.18478 ], [ 92.14934, 21.18482 ], [ 92.14944, 21.18487 ], [ 92.14951, 21.18491 ], [ 92.1496, 21.18494 ], [ 92.1496, 21.18501 ], [ 92.1496, 21.18507 ], [ 92.14956, 21.18514 ], [ 92.14949, 21.18521 ], [ 92.14944, 21.18528 ], [ 92.14945, 21.18535 ], [ 92.14953, 21.18539 ], [ 92.1496, 21.1854 ], [ 92.14966, 21.18542 ], [ 92.14976, 21.18542 ], [ 92.14985, 21.18541 ], [ 92.1499, 21.1854 ], [ 92.14993, 21.18538 ], [ 92.15, 21.18536 ], [ 92.15005, 21.18532 ], [ 92.15012, 21.18525 ], [ 92.15019, 21.18525 ], [ 92.15026, 21.18528 ], [ 92.15034, 21.18531 ], [ 92.15045, 21.18535 ], [ 92.15056, 21.18541 ], [ 92.15071, 21.18547 ], [ 92.15077, 21.18551 ], [ 92.15081, 21.18556 ], [ 92.15082, 21.18561 ], [ 92.15082, 21.18567 ], [ 92.15089, 21.18571 ], [ 92.15095, 21.18571 ], [ 92.15103, 21.18567 ], [ 92.15108, 21.18561 ], [ 92.15112, 21.18557 ], [ 92.15118, 21.1855 ], [ 92.15126, 21.18549 ], [ 92.15133, 21.18553 ], [ 92.15142, 21.18557 ], [ 92.15147, 21.18564 ], [ 92.15152, 21.18571 ], [ 92.15156, 21.18577 ], [ 92.15159, 21.18578 ], [ 92.15166, 21.18581 ], [ 92.15174, 21.18584 ], [ 92.15178, 21.18584 ], [ 92.15202, 21.18566 ], [ 92.15216, 21.18534 ], [ 92.15217, 21.18502 ], [ 92.15217, 21.18476 ], [ 92.15192, 21.18446 ], [ 92.15171, 21.18435 ], [ 92.15164, 21.18419 ], [ 92.15166, 21.18387 ], [ 92.15177, 21.1836 ], [ 92.15186, 21.1834 ], [ 92.15209, 21.18323 ], [ 92.15244, 21.18303 ], [ 92.153, 21.18276 ], [ 92.1532, 21.18267 ], [ 92.15336, 21.18247 ], [ 92.15355, 21.1822 ], [ 92.15364, 21.18208 ], [ 92.15365, 21.18204 ], [ 92.15373, 21.18194 ], [ 92.15377, 21.18188 ], [ 92.15382, 21.18183 ], [ 92.15384, 21.18176 ], [ 92.15388, 21.18167 ], [ 92.15389, 21.18152 ], [ 92.15389, 21.18142 ], [ 92.15388, 21.18135 ], [ 92.15387, 21.18112 ], [ 92.15388, 21.18077 ], [ 92.15388, 21.18061 ], [ 92.15386, 21.18046 ], [ 92.15384, 21.18029 ], [ 92.15388, 21.18017 ], [ 92.15399, 21.18 ], [ 92.15407, 21.17993 ], [ 92.15417, 21.17988 ], [ 92.15429, 21.17982 ], [ 92.15443, 21.17979 ], [ 92.15465, 21.17978 ], [ 92.15487, 21.17977 ], [ 92.15495, 21.17975 ], [ 92.15501, 21.17972 ], [ 92.15505, 21.17967 ], [ 92.15507, 21.17962 ], [ 92.15506, 21.17955 ], [ 92.15503, 21.17942 ], [ 92.155, 21.17933 ], [ 92.15498, 21.17922 ], [ 92.15498, 21.17908 ], [ 92.15497, 21.17886 ], [ 92.155, 21.17883 ], [ 92.15505, 21.17882 ], [ 92.15513, 21.17884 ], [ 92.15523, 21.1789 ], [ 92.15537, 21.17897 ], [ 92.15547, 21.179 ], [ 92.1556, 21.17897 ], [ 92.15566, 21.17892 ], [ 92.15569, 21.1788 ], [ 92.15579, 21.17849 ], [ 92.15584, 21.17834 ], [ 92.15589, 21.1782 ], [ 92.15593, 21.17807 ], [ 92.15595, 21.17794 ], [ 92.15593, 21.17779 ], [ 92.1559, 21.17765 ], [ 92.15589, 21.17752 ], [ 92.15594, 21.1774 ], [ 92.15598, 21.17731 ] ] ] ] } },
{ "type": "Feature", "properties": { "camp_id": "CXB-219", "camp_name": "Camp 19", "camp_label": "C19", "camp_name_npm": "Camp 19", "upazila": "Ukhia", "union": "Palong Khali", "settlement": "Collective site", "area_sqkm": 0.76959936216900005 }, "geometry": { "type": "MultiPolygon", "coordinates": [ [ [ [ 92.13794, 21.18768 ], [ 92.13845, 21.18746 ], [ 92.13885, 21.18746 ], [ 92.13931, 21.18771 ], [ 92.13984, 21.18753 ], [ 92.14015, 21.18737 ], [ 92.14058, 21.18756 ], [ 92.14116, 21.18778 ], [ 92.14154, 21.18779 ], [ 92.14188, 21.18779 ], [ 92.14219, 21.18758 ], [ 92.1421, 21.18731 ], [ 92.14228, 21.1871 ], [ 92.14255, 21.18654 ], [ 92.14322, 21.18651 ], [ 92.14336, 21.1864 ], [ 92.14338, 21.18638 ], [ 92.14349, 21.18628 ], [ 92.14401, 21.18576 ], [ 92.14397, 21.18568 ], [ 92.14402, 21.18561 ], [ 92.14411, 21.18547 ], [ 92.14413, 21.18538 ], [ 92.14413, 21.1853 ], [ 92.14413, 21.18524 ], [ 92.14418, 21.1852 ], [ 92.14431, 21.1852 ], [ 92.14436, 21.1852 ], [ 92.14447, 21.1852 ], [ 92.1445, 21.18512 ], [ 92.14454, 21.18503 ], [ 92.14468, 21.18493 ], [ 92.14468, 21.18488 ], [ 92.14465, 21.18478 ], [ 92.14466, 21.18462 ], [ 92.14468, 21.18452 ], [ 92.14472, 21.18442 ], [ 92.14478, 21.18432 ], [ 92.14482, 21.18422 ], [ 92.14478, 21.18409 ], [ 92.14471, 21.184 ], [ 92.14465, 21.18389 ], [ 92.14463, 21.18374 ], [ 92.14471, 21.18366 ], [ 92.14471, 21.18354 ], [ 92.14473, 21.18354 ], [ 92.14481, 21.18353 ], [ 92.14498, 21.18361 ], [ 92.14509, 21.18368 ], [ 92.14535, 21.18375 ], [ 92.14553, 21.18381 ], [ 92.1457, 21.1839 ], [ 92.14579, 21.18396 ], [ 92.14584, 21.18391 ], [ 92.14592, 21.18382 ], [ 92.14592, 21.18373 ], [ 92.14602, 21.18366 ], [ 92.14608, 21.18364 ], [ 92.14616, 21.18368 ], [ 92.14617, 21.1838 ], [ 92.14624, 21.18394 ], [ 92.14632, 21.18399 ], [ 92.14652, 21.18394 ], [ 92.14695, 21.18424 ], [ 92.14725, 21.18415 ], [ 92.14739, 21.18418 ], [ 92.14731, 21.1839 ], [ 92.14742, 21.18364 ], [ 92.14758, 21.18318 ], [ 92.14781, 21.18276 ], [ 92.14809, 21.18217 ], [ 92.14811, 21.1818 ], [ 92.14777, 21.18124 ], [ 92.14757, 21.18026 ], [ 92.14741, 21.17985 ], [ 92.14756, 21.1793 ], [ 92.14864, 21.17851 ], [ 92.1487, 21.17772 ], [ 92.14854, 21.17758 ], [ 92.14843, 21.17691 ], [ 92.14858, 21.17657 ], [ 92.14837, 21.17625 ], [ 92.14823, 21.1763 ], [ 92.14801, 21.17659 ], [ 92.14785, 21.17719 ], [ 92.14733, 21.17746 ], [ 92.14704, 21.17772 ], [ 92.14513, 21.17712 ], [ 92.14422, 21.17949 ], [ 92.14418, 21.17958 ], [ 92.14406, 21.17991 ], [ 92.14288, 21.18053 ], [ 92.14275, 21.18065 ], [ 92.14203, 21.18126 ], [ 92.14109, 21.18161 ], [ 92.14113, 21.1822 ], [ 92.14075, 21.18287 ], [ 92.14015, 21.18283 ], [ 92.13996, 21.18303 ], [ 92.13954, 21.18301 ], [ 92.13882, 21.18318 ], [ 92.13852, 21.18353 ], [ 92.1384, 21.18357 ], [ 92.13786, 21.18373 ], [ 92.13738, 21.18377 ], [ 92.13725, 21.18406 ], [ 92.13667, 21.18434 ], [ 92.13625, 21.18452 ], [ 92.13585, 21.18477 ], [ 92.13555, 21.18488 ], [ 92.13514, 21.18502 ], [ 92.13511, 21.18515 ], [ 92.13507, 21.1853 ], [ 92.13507, 21.18531 ], [ 92.13505, 21.1854 ], [ 92.1348, 21.18639 ], [ 92.13479, 21.18645 ], [ 92.1348, 21.18746 ], [ 92.1351, 21.18752 ], [ 92.13539, 21.18786 ], [ 92.13553, 21.18786 ], [ 92.13571, 21.18779 ], [ 92.13586, 21.18788 ], [ 92.1361, 21.18811 ], [ 92.13613, 21.18818 ], [ 92.13623, 21.18806 ], [ 92.13625, 21.18796 ], [ 92.13621, 21.18792 ], [ 92.13605, 21.18782 ], [ 92.13594, 21.18768 ], [ 92.13599, 21.1876 ], [ 92.13635, 21.1876 ], [ 92.13635, 21.1876 ], [ 92.13644, 21.18759 ], [ 92.13652, 21.18757 ], [ 92.13707, 21.18742 ], [ 92.13754, 21.18737 ], [ 92.13789, 21.18745 ], [ 92.13794, 21.18768 ] ] ] ] } },
{ "type": "Feature", "properties": { "camp_id": "CXB-220", "camp_name": "Camp 13", "camp_label": "C13", "camp_name_npm": "Camp 13", "upazila": "Ukhia", "union": "Palong Khali", "settlement": "Collective site", "area_sqkm": 0.75376746463699995 }, "geometry": { "type": "MultiPolygon", "coordinates": [ [ [ [ 92.13658, 21.17801 ], [ 92.13657, 21.17835 ], [ 92.13571, 21.17888 ], [ 92.13509, 21.17906 ], [ 92.13469, 21.17903 ], [ 92.13419, 21.179 ], [ 92.13417, 21.17935 ], [ 92.13413, 21.17988 ], [ 92.13389, 21.18046 ], [ 92.13427, 21.18061 ], [ 92.13417, 21.18119 ], [ 92.13469, 21.18139 ], [ 92.13545, 21.18257 ], [ 92.136, 21.18246 ], [ 92.13719, 21.18238 ], [ 92.13726, 21.18255 ], [ 92.13734, 21.18275 ], [ 92.1376, 21.18282 ], [ 92.1379, 21.1829 ], [ 92.13797, 21.18316 ], [ 92.13809, 21.18349 ], [ 92.1384, 21.18357 ], [ 92.13852, 21.18353 ], [ 92.13882, 21.18318 ], [ 92.13954, 21.18301 ], [ 92.13996, 21.18303 ], [ 92.14015, 21.18283 ], [ 92.14075, 21.18287 ], [ 92.14113, 21.1822 ], [ 92.14109, 21.18161 ], [ 92.14203, 21.18126 ], [ 92.14275, 21.18065 ], [ 92.14288, 21.18053 ], [ 92.14406, 21.17991 ], [ 92.14418, 21.17958 ], [ 92.14422, 21.17949 ], [ 92.14513, 21.17712 ], [ 92.14509, 21.17618 ], [ 92.14347, 21.17515 ], [ 92.14277, 21.17515 ], [ 92.14274, 21.17445 ], [ 92.14328, 21.17434 ], [ 92.14321, 21.1738 ], [ 92.14316, 21.17379 ], [ 92.1423, 21.17349 ], [ 92.14209, 21.17373 ], [ 92.14164, 21.17427 ], [ 92.1406, 21.17366 ], [ 92.13885, 21.17357 ], [ 92.13825, 21.17464 ], [ 92.13898, 21.17562 ], [ 92.13732, 21.17676 ], [ 92.13723, 21.177 ], [ 92.13693, 21.17704 ], [ 92.13679, 21.1771 ], [ 92.13678, 21.17721 ], [ 92.13667, 21.17747 ], [ 92.13659, 21.178 ], [ 92.13658, 21.17801 ] ] ] ] } },
{ "type": "Feature", "properties": { "camp_id": "CXB-221", "camp_name": "Kutupalong RC", "camp_label": "KRC", "camp_name_npm": "Kutupalong RC", "upazila": "Ukhia", "union": "Raja Palong", "settlement": "Collective site RC", "area_sqkm": 0.35859977850199998 }, "geometry": { "type": "MultiPolygon", "coordinates": [ [ [ [ 92.16043, 21.21089 ], [ 92.16049, 21.21088 ], [ 92.16055, 21.21087 ], [ 92.16059, 21.21087 ], [ 92.16063, 21.21088 ], [ 92.16067, 21.2109 ], [ 92.1607, 21.21096 ], [ 92.16073, 21.21104 ], [ 92.16075, 21.21107 ], [ 92.16076, 21.21112 ], [ 92.16085, 21.21112 ], [ 92.16087, 21.21114 ], [ 92.16089, 21.21115 ], [ 92.16093, 21.21116 ], [ 92.16093, 21.21126 ], [ 92.16092, 21.21129 ], [ 92.16092, 21.21134 ], [ 92.16092, 21.21136 ], [ 92.16095, 21.21135 ], [ 92.16098, 21.21135 ], [ 92.16104, 21.21133 ], [ 92.16108, 21.21131 ], [ 92.16112, 21.21131 ], [ 92.16115, 21.21131 ], [ 92.16117, 21.21132 ], [ 92.16117, 21.21134 ], [ 92.16115, 21.21138 ], [ 92.16113, 21.21147 ], [ 92.16113, 21.21152 ], [ 92.16114, 21.21154 ], [ 92.16114, 21.21155 ], [ 92.16119, 21.21156 ], [ 92.16121, 21.21157 ], [ 92.16122, 21.21159 ], [ 92.16122, 21.21162 ], [ 92.16121, 21.21165 ], [ 92.16124, 21.21165 ], [ 92.16129, 21.21167 ], [ 92.16134, 21.21166 ], [ 92.16137, 21.21164 ], [ 92.16138, 21.21163 ], [ 92.16139, 21.21162 ], [ 92.16142, 21.21162 ], [ 92.16143, 21.21153 ], [ 92.16143, 21.2115 ], [ 92.16145, 21.2115 ], [ 92.16148, 21.21149 ], [ 92.16148, 21.21152 ], [ 92.16149, 21.21155 ], [ 92.16149, 21.21156 ], [ 92.16151, 21.21156 ], [ 92.16153, 21.21156 ], [ 92.16155, 21.21156 ], [ 92.16158, 21.21156 ], [ 92.16163, 21.21156 ], [ 92.16169, 21.21157 ], [ 92.16176, 21.21159 ], [ 92.16186, 21.21163 ], [ 92.16184, 21.21165 ], [ 92.16182, 21.21167 ], [ 92.16175, 21.21179 ], [ 92.16167, 21.21189 ], [ 92.16161, 21.21196 ], [ 92.16159, 21.21199 ], [ 92.1616, 21.21201 ], [ 92.16162, 21.21202 ], [ 92.16164, 21.21203 ], [ 92.16168, 21.21206 ], [ 92.16173, 21.2121 ], [ 92.16176, 21.21211 ], [ 92.16179, 21.21211 ], [ 92.16185, 21.21211 ], [ 92.16188, 21.21213 ], [ 92.1619, 21.21214 ], [ 92.16197, 21.21214 ], [ 92.16199, 21.21214 ], [ 92.162, 21.21215 ], [ 92.16199, 21.2122 ], [ 92.16199, 21.21223 ], [ 92.16198, 21.21224 ], [ 92.16195, 21.21225 ], [ 92.16195, 21.21229 ], [ 92.16196, 21.21233 ], [ 92.162, 21.21233 ], [ 92.16199, 21.21237 ], [ 92.16197, 21.21248 ], [ 92.16198, 21.21254 ], [ 92.162, 21.21254 ], [ 92.16202, 21.21257 ], [ 92.16204, 21.2126 ], [ 92.16204, 21.21262 ], [ 92.162, 21.21264 ], [ 92.16195, 21.21265 ], [ 92.16196, 21.21275 ], [ 92.16193, 21.21275 ], [ 92.16192, 21.21276 ], [ 92.16193, 21.21278 ], [ 92.16194, 21.21279 ], [ 92.16195, 21.2128 ], [ 92.16195, 21.21287 ], [ 92.16194, 21.21291 ], [ 92.16194, 21.21293 ], [ 92.16194, 21.21296 ], [ 92.16195, 21.21299 ], [ 92.16196, 21.21302 ], [ 92.16198, 21.21304 ], [ 92.16198, 21.21307 ], [ 92.16199, 21.21311 ], [ 92.16199, 21.21314 ], [ 92.16199, 21.21315 ], [ 92.16198, 21.21317 ], [ 92.16192, 21.21319 ], [ 92.16187, 21.2132 ], [ 92.16182, 21.2132 ], [ 92.16179, 21.21321 ], [ 92.16177, 21.21322 ], [ 92.16173, 21.21324 ], [ 92.1617, 21.21328 ], [ 92.16167, 21.21329 ], [ 92.16163, 21.2133 ], [ 92.16159, 21.21332 ], [ 92.16156, 21.21333 ], [ 92.16151, 21.21333 ], [ 92.16144, 21.21331 ], [ 92.16142, 21.2133 ], [ 92.16138, 21.21326 ], [ 92.1613, 21.21321 ], [ 92.16123, 21.21316 ], [ 92.16119, 21.21314 ], [ 92.16117, 21.21315 ], [ 92.16099, 21.21322 ], [ 92.1609, 21.21326 ], [ 92.16095, 21.21336 ], [ 92.16128, 21.21393 ], [ 92.16128, 21.21393 ], [ 92.16135, 21.21415 ], [ 92.16176, 21.21545 ], [ 92.16285, 21.21592 ], [ 92.16312, 21.21598 ], [ 92.16357, 21.21563 ], [ 92.16374, 21.21551 ], [ 92.16416, 21.21533 ], [ 92.16481, 21.21509 ], [ 92.16529, 21.21489 ], [ 92.16546, 21.21481 ], [ 92.16527, 21.21383 ], [ 92.16471, 21.21373 ], [ 92.1647, 21.21362 ], [ 92.165, 21.21337 ], [ 92.16526, 21.21334 ], [ 92.16557, 21.21363 ], [ 92.16564, 21.21397 ], [ 92.1662, 21.2139 ], [ 92.16612, 21.21365 ], [ 92.16619, 21.21343 ], [ 92.16651, 21.21344 ], [ 92.16645, 21.2131 ], [ 92.16682, 21.213 ], [ 92.16674, 21.21269 ], [ 92.16673, 21.21253 ], [ 92.16687, 21.21208 ], [ 92.16712, 21.21118 ], [ 92.16686, 21.21109 ], [ 92.16697, 21.21059 ], [ 92.16677, 21.21042 ], [ 92.16635, 21.2103 ], [ 92.16618, 21.20995 ], [ 92.16623, 21.20961 ], [ 92.16669, 21.20903 ], [ 92.16668, 21.20902 ], [ 92.16668, 21.20901 ], [ 92.16667, 21.20899 ], [ 92.16665, 21.20896 ], [ 92.16664, 21.20894 ], [ 92.16663, 21.20892 ], [ 92.1666, 21.20892 ], [ 92.16657, 21.20892 ], [ 92.16656, 21.20892 ], [ 92.16654, 21.20893 ], [ 92.16652, 21.20895 ], [ 92.1665, 21.20896 ], [ 92.16648, 21.20896 ], [ 92.16646, 21.20896 ], [ 92.16645, 21.20896 ], [ 92.16643, 21.20896 ], [ 92.1664, 21.20895 ], [ 92.16637, 21.20895 ], [ 92.16635, 21.20895 ], [ 92.16632, 21.20895 ], [ 92.1663, 21.20895 ], [ 92.16628, 21.20894 ], [ 92.16625, 21.20891 ], [ 92.16609, 21.20881 ], [ 92.16599, 21.20874 ], [ 92.16602, 21.2087 ], [ 92.16593, 21.20863 ], [ 92.16592, 21.2086 ], [ 92.16591, 21.20859 ], [ 92.1659, 21.20857 ], [ 92.16589, 21.20856 ], [ 92.16587, 21.20854 ], [ 92.16586, 21.20854 ], [ 92.16584, 21.20852 ], [ 92.16583, 21.20851 ], [ 92.16582, 21.20851 ], [ 92.16581, 21.2085 ], [ 92.16579, 21.2085 ], [ 92.16577, 21.20851 ], [ 92.16576, 21.20851 ], [ 92.16574, 21.20852 ], [ 92.16573, 21.20853 ], [ 92.16572, 21.20853 ], [ 92.1657, 21.20853 ], [ 92.16568, 21.20853 ], [ 92.16566, 21.20852 ], [ 92.16563, 21.20851 ], [ 92.16558, 21.20849 ], [ 92.16555, 21.20848 ], [ 92.16551, 21.20847 ], [ 92.16552, 21.20842 ], [ 92.16552, 21.20841 ], [ 92.16552, 21.20839 ], [ 92.16552, 21.20837 ], [ 92.16553, 21.20835 ], [ 92.16554, 21.20831 ], [ 92.16554, 21.2083 ], [ 92.16552, 21.20829 ], [ 92.1655, 21.20828 ], [ 92.16547, 21.20828 ], [ 92.16546, 21.20827 ], [ 92.16544, 21.20827 ], [ 92.16542, 21.20826 ], [ 92.16541, 21.20825 ], [ 92.1654, 21.20824 ], [ 92.16539, 21.20824 ], [ 92.16537, 21.20822 ], [ 92.16535, 21.20822 ], [ 92.16533, 21.20821 ], [ 92.16531, 21.2082 ], [ 92.16529, 21.2082 ], [ 92.16527, 21.2082 ], [ 92.16525, 21.20819 ], [ 92.16523, 21.20819 ], [ 92.16521, 21.20818 ], [ 92.16526, 21.20797 ], [ 92.16526, 21.20793 ], [ 92.16525, 21.20791 ], [ 92.16521, 21.20789 ], [ 92.16513, 21.20788 ], [ 92.1651, 21.20788 ], [ 92.16504, 21.20786 ], [ 92.16498, 21.20786 ], [ 92.16494, 21.20785 ], [ 92.16486, 21.20785 ], [ 92.16482, 21.20786 ], [ 92.16482, 21.20789 ], [ 92.16481, 21.20792 ], [ 92.16481, 21.20794 ], [ 92.16482, 21.20794 ], [ 92.16477, 21.20819 ], [ 92.16473, 21.20819 ], [ 92.16471, 21.20818 ], [ 92.16465, 21.20818 ], [ 92.1646, 21.20816 ], [ 92.16457, 21.20815 ], [ 92.16443, 21.20815 ], [ 92.1644, 21.20815 ], [ 92.16437, 21.20814 ], [ 92.16436, 21.20814 ], [ 92.16429, 21.20814 ], [ 92.16412, 21.20814 ], [ 92.16412, 21.20814 ], [ 92.16412, 21.20814 ], [ 92.16411, 21.20815 ], [ 92.16411, 21.20815 ], [ 92.16408, 21.20815 ], [ 92.16406, 21.20819 ], [ 92.16405, 21.20823 ], [ 92.16405, 21.20824 ], [ 92.16404, 21.2083 ], [ 92.16403, 21.20835 ], [ 92.16402, 21.2084 ], [ 92.164, 21.20845 ], [ 92.16399, 21.20852 ], [ 92.16396, 21.20857 ], [ 92.16401, 21.20859 ], [ 92.16399, 21.20866 ], [ 92.16397, 21.20873 ], [ 92.16396, 21.20879 ], [ 92.16395, 21.20886 ], [ 92.16395, 21.2089 ], [ 92.1639, 21.20889 ], [ 92.16389, 21.20893 ], [ 92.16387, 21.20896 ], [ 92.16385, 21.20898 ], [ 92.16384, 21.20902 ], [ 92.16383, 21.20904 ], [ 92.16381, 21.20905 ], [ 92.1638, 21.20907 ], [ 92.16378, 21.20909 ], [ 92.16376, 21.20911 ], [ 92.16374, 21.20912 ], [ 92.16372, 21.20912 ], [ 92.16368, 21.20913 ], [ 92.16363, 21.20913 ], [ 92.16359, 21.20913 ], [ 92.16354, 21.20912 ], [ 92.16351, 21.20912 ], [ 92.16351, 21.20921 ], [ 92.16352, 21.20928 ], [ 92.16352, 21.2093 ], [ 92.16348, 21.20929 ], [ 92.16346, 21.20929 ], [ 92.16344, 21.2093 ], [ 92.16342, 21.2093 ], [ 92.16339, 21.2093 ], [ 92.16337, 21.2093 ], [ 92.16335, 21.20929 ], [ 92.16332, 21.2093 ], [ 92.1633, 21.2093 ], [ 92.16328, 21.20932 ], [ 92.16325, 21.20933 ], [ 92.16323, 21.20934 ], [ 92.16321, 21.20935 ], [ 92.16319, 21.20936 ], [ 92.16316, 21.20938 ], [ 92.16313, 21.2094 ], [ 92.1631, 21.20941 ], [ 92.16307, 21.20941 ], [ 92.16303, 21.20941 ], [ 92.16301, 21.20942 ], [ 92.16297, 21.20943 ], [ 92.16293, 21.20944 ], [ 92.16289, 21.20945 ], [ 92.16286, 21.20945 ], [ 92.16283, 21.20948 ], [ 92.1628, 21.20949 ], [ 92.16273, 21.2095 ], [ 92.16269, 21.20949 ], [ 92.16266, 21.20948 ], [ 92.16262, 21.20947 ], [ 92.16238, 21.20998 ], [ 92.16232, 21.21009 ], [ 92.1623, 21.21014 ], [ 92.16231, 21.2102 ], [ 92.16231, 21.21026 ], [ 92.16229, 21.2103 ], [ 92.16221, 21.21045 ], [ 92.16219, 21.21049 ], [ 92.16217, 21.21055 ], [ 92.16215, 21.21058 ], [ 92.16212, 21.21057 ], [ 92.16209, 21.21056 ], [ 92.16207, 21.21055 ], [ 92.16203, 21.21055 ], [ 92.16199, 21.21052 ], [ 92.16196, 21.2105 ], [ 92.16195, 21.21047 ], [ 92.16176, 21.21051 ], [ 92.16158, 21.21058 ], [ 92.16148, 21.2105 ], [ 92.1613, 21.21055 ], [ 92.16107, 21.21061 ], [ 92.16103, 21.21053 ], [ 92.16098, 21.21053 ], [ 92.16093, 21.21056 ], [ 92.1609, 21.21057 ], [ 92.16087, 21.21058 ], [ 92.16084, 21.21058 ], [ 92.1608, 21.21058 ], [ 92.16076, 21.21056 ], [ 92.16071, 21.21056 ], [ 92.16059, 21.21055 ], [ 92.16055, 21.21055 ], [ 92.16051, 21.21057 ], [ 92.16048, 21.21059 ], [ 92.16046, 21.21063 ], [ 92.16042, 21.21068 ], [ 92.1604, 21.21075 ], [ 92.1604, 21.21079 ], [ 92.16043, 21.21089 ] ] ] ] } },
{ "type": "Feature", "properties": { "camp_id": "CXB-222", "camp_name": "Camp 14", "camp_label": "C14", "camp_name_npm": "Camp 14 (Hakimpara)", "upazila": "Ukhia", "union": "Palong Khali", "settlement": "Collective site", "area_sqkm": 0.85684114469499995 }, "geometry": { "type": "MultiPolygon", "coordinates": [ [ [ [ 92.14954, 21.16393 ], [ 92.14826, 21.16335 ], [ 92.14725, 21.16263 ], [ 92.14692, 21.16267 ], [ 92.1464, 21.16352 ], [ 92.14614, 21.16385 ], [ 92.14558, 21.16404 ], [ 92.14523, 21.16441 ], [ 92.14469, 21.16444 ], [ 92.14407, 21.16423 ], [ 92.14326, 21.16438 ], [ 92.14275, 21.16425 ], [ 92.14219, 21.16427 ], [ 92.14164, 21.16408 ], [ 92.14155, 21.16393 ], [ 92.14125, 21.16375 ], [ 92.14118, 21.16391 ], [ 92.14071, 21.16437 ], [ 92.14019, 21.16413 ], [ 92.13913, 21.16499 ], [ 92.13843, 21.16465 ], [ 92.13815, 21.16414 ], [ 92.13791, 21.16372 ], [ 92.13632, 21.16327 ], [ 92.13606, 21.16416 ], [ 92.13612, 21.16432 ], [ 92.13647, 21.16522 ], [ 92.13656, 21.16547 ], [ 92.13659, 21.16555 ], [ 92.13684, 21.1662 ], [ 92.13788, 21.16606 ], [ 92.13788, 21.16608 ], [ 92.13768, 21.16744 ], [ 92.13838, 21.16756 ], [ 92.13844, 21.16796 ], [ 92.13871, 21.16795 ], [ 92.13881, 21.16773 ], [ 92.13952, 21.1676 ], [ 92.13985, 21.16938 ], [ 92.14074, 21.16983 ], [ 92.14144, 21.16992 ], [ 92.14174, 21.16895 ], [ 92.14212, 21.1684 ], [ 92.14248, 21.16821 ], [ 92.14304, 21.16882 ], [ 92.14311, 21.16945 ], [ 92.14355, 21.16939 ], [ 92.14408, 21.17223 ], [ 92.14792, 21.17199 ], [ 92.14838, 21.17104 ], [ 92.14768, 21.16889 ], [ 92.1483, 21.16829 ], [ 92.14843, 21.16776 ], [ 92.14894, 21.16784 ], [ 92.14941, 21.16748 ], [ 92.15005, 21.16754 ], [ 92.15065, 21.16731 ], [ 92.15005, 21.16632 ], [ 92.15021, 21.16541 ], [ 92.14985, 21.16423 ], [ 92.14954, 21.16393 ] ] ] ] } },
{ "type": "Feature", "properties": { "camp_id": "CXB-223", "camp_name": "Camp 15", "camp_label": "C15", "camp_name_npm": "Camp 15 (Jamtoli)", "upazila": "Ukhia", "union": "Palong Khali", "settlement": "Collective site", "area_sqkm": 0.98441182073199995 }, "geometry": { "type": "MultiPolygon", "coordinates": [ [ [ [ 92.14954, 21.16393 ], [ 92.15034, 21.16395 ], [ 92.15038, 21.16272 ], [ 92.15011, 21.1623 ], [ 92.15026, 21.16171 ], [ 92.15063, 21.16132 ], [ 92.15056, 21.16119 ], [ 92.15008, 21.1614 ], [ 92.14946, 21.16073 ], [ 92.14918, 21.16076 ], [ 92.14909, 21.16076 ], [ 92.14905, 21.16065 ], [ 92.14905, 21.16006 ], [ 92.14863, 21.16007 ], [ 92.14837, 21.16008 ], [ 92.14837, 21.16007 ], [ 92.14837, 21.15992 ], [ 92.14805, 21.1593 ], [ 92.14805, 21.1593 ], [ 92.14764, 21.15847 ], [ 92.14766, 21.1581 ], [ 92.14751, 21.15736 ], [ 92.14734, 21.15721 ], [ 92.14734, 21.15721 ], [ 92.14726, 21.15716 ], [ 92.14713, 21.15706 ], [ 92.14661, 21.15669 ], [ 92.14647, 21.15668 ], [ 92.14625, 21.15671 ], [ 92.14561, 21.15701 ], [ 92.14513, 21.15708 ], [ 92.14495, 21.15708 ], [ 92.14495, 21.15708 ], [ 92.14473, 21.15707 ], [ 92.14403, 21.15686 ], [ 92.14368, 21.1568 ], [ 92.14349, 21.15674 ], [ 92.14348, 21.15674 ], [ 92.14313, 21.15678 ], [ 92.14293, 21.15678 ], [ 92.14282, 21.15679 ], [ 92.14253, 21.1568 ], [ 92.14139, 21.15643 ], [ 92.14025, 21.15641 ], [ 92.13974, 21.15633 ], [ 92.1394, 21.15645 ], [ 92.1394, 21.15668 ], [ 92.13889, 21.15703 ], [ 92.13885, 21.15773 ], [ 92.13817, 21.15759 ], [ 92.13806, 21.15781 ], [ 92.13774, 21.15768 ], [ 92.13734, 21.15796 ], [ 92.137, 21.15864 ], [ 92.13711, 21.1591 ], [ 92.13659, 21.15904 ], [ 92.13652, 21.16064 ], [ 92.13694, 21.16094 ], [ 92.13694, 21.16094 ], [ 92.13654, 21.16109 ], [ 92.13652, 21.1611 ], [ 92.13648, 21.16113 ], [ 92.13646, 21.16115 ], [ 92.13635, 21.16133 ], [ 92.13633, 21.16147 ], [ 92.13633, 21.16159 ], [ 92.13625, 21.16182 ], [ 92.13623, 21.16187 ], [ 92.13618, 21.16194 ], [ 92.13618, 21.16203 ], [ 92.13618, 21.16218 ], [ 92.13622, 21.16221 ], [ 92.13627, 21.16224 ], [ 92.13636, 21.16225 ], [ 92.13667, 21.16226 ], [ 92.1368, 21.16228 ], [ 92.1369, 21.1623 ], [ 92.137, 21.16233 ], [ 92.13719, 21.16238 ], [ 92.13729, 21.1624 ], [ 92.13729, 21.16241 ], [ 92.13726, 21.16256 ], [ 92.13791, 21.16372 ], [ 92.13815, 21.16414 ], [ 92.13843, 21.16465 ], [ 92.13913, 21.16499 ], [ 92.14019, 21.16413 ], [ 92.14071, 21.16437 ], [ 92.14118, 21.16391 ], [ 92.14125, 21.16375 ], [ 92.14155, 21.16393 ], [ 92.14164, 21.16408 ], [ 92.14219, 21.16427 ], [ 92.14275, 21.16425 ], [ 92.14326, 21.16438 ], [ 92.14407, 21.16423 ], [ 92.14469, 21.16444 ], [ 92.14523, 21.16441 ], [ 92.14558, 21.16404 ], [ 92.14614, 21.16385 ], [ 92.1464, 21.16352 ], [ 92.14692, 21.16267 ], [ 92.14725, 21.16263 ], [ 92.14826, 21.16335 ], [ 92.14954, 21.16393 ] ] ] ] } },
{ "type": "Feature", "properties": { "camp_id": "CXB-224", "camp_name": "Camp 16", "camp_label": "C16", "camp_name_npm": "Camp 16 (Potibonia)", "upazila": "Ukhia", "union": "Palong Khali", "settlement": "Collective site", "area_sqkm": 0.52839817401 }, "geometry": { "type": "MultiPolygon", "coordinates": [ [ [ [ 92.15056, 21.16119 ], [ 92.1505, 21.16015 ], [ 92.15066, 21.16019 ], [ 92.15083, 21.16025 ], [ 92.15099, 21.16024 ], [ 92.15117, 21.16015 ], [ 92.15128, 21.16009 ], [ 92.15135, 21.15998 ], [ 92.15136, 21.15989 ], [ 92.15134, 21.15978 ], [ 92.15126, 21.15958 ], [ 92.15126, 21.15958 ], [ 92.15264, 21.15954 ], [ 92.15262, 21.15898 ], [ 92.15245, 21.15845 ], [ 92.15239, 21.15816 ], [ 92.15246, 21.1565 ], [ 92.15278, 21.15583 ], [ 92.15284, 21.15526 ], [ 92.15293, 21.15447 ], [ 92.15282, 21.15394 ], [ 92.15283, 21.15324 ], [ 92.15287, 21.15308 ], [ 92.15207, 21.15304 ], [ 92.15228, 21.15234 ], [ 92.15193, 21.15179 ], [ 92.15093, 21.15189 ], [ 92.15047, 21.15275 ], [ 92.1502, 21.15329 ], [ 92.15023, 21.15363 ], [ 92.14947, 21.1538 ], [ 92.14925, 21.15363 ], [ 92.14797, 21.15485 ], [ 92.14743, 21.15462 ], [ 92.14742, 21.15462 ], [ 92.14727, 21.15455 ], [ 92.14722, 21.15453 ], [ 92.14707, 21.15443 ], [ 92.14703, 21.15442 ], [ 92.14689, 21.15438 ], [ 92.14672, 21.15435 ], [ 92.14655, 21.15437 ], [ 92.14629, 21.15441 ], [ 92.14601, 21.15445 ], [ 92.14573, 21.15453 ], [ 92.14555, 21.15461 ], [ 92.14547, 21.15463 ], [ 92.14457, 21.15495 ], [ 92.14434, 21.15487 ], [ 92.14425, 21.1546 ], [ 92.14421, 21.15445 ], [ 92.1442, 21.1544 ], [ 92.14343, 21.15448 ], [ 92.14344, 21.1546 ], [ 92.14345, 21.15491 ], [ 92.14324, 21.15495 ], [ 92.14295, 21.15493 ], [ 92.14278, 21.15475 ], [ 92.14265, 21.15471 ], [ 92.14264, 21.15472 ], [ 92.14252, 21.15493 ], [ 92.14256, 21.15514 ], [ 92.14276, 21.15541 ], [ 92.14285, 21.15573 ], [ 92.14286, 21.15596 ], [ 92.14284, 21.1561 ], [ 92.14258, 21.15635 ], [ 92.14247, 21.15654 ], [ 92.14253, 21.1568 ], [ 92.14282, 21.15679 ], [ 92.14293, 21.15678 ], [ 92.14313, 21.15678 ], [ 92.14348, 21.15674 ], [ 92.14349, 21.15674 ], [ 92.14368, 21.1568 ], [ 92.14403, 21.15686 ], [ 92.14473, 21.15707 ], [ 92.14495, 21.15708 ], [ 92.14495, 21.15708 ], [ 92.14513, 21.15708 ], [ 92.14561, 21.15701 ], [ 92.14625, 21.15671 ], [ 92.14647, 21.15668 ], [ 92.14661, 21.15669 ], [ 92.14713, 21.15706 ], [ 92.14726, 21.15716 ], [ 92.14734, 21.15721 ], [ 92.14734, 21.15721 ], [ 92.14751, 21.15736 ], [ 92.14766, 21.1581 ], [ 92.14764, 21.15847 ], [ 92.14805, 21.1593 ], [ 92.14805, 21.1593 ], [ 92.14837, 21.15992 ], [ 92.14837, 21.16007 ], [ 92.14837, 21.16008 ], [ 92.14863, 21.16007 ], [ 92.14905, 21.16006 ], [ 92.14905, 21.16065 ], [ 92.14909, 21.16076 ], [ 92.14918, 21.16076 ], [ 92.14946, 21.16073 ], [ 92.15008, 21.1614 ], [ 92.15056, 21.16119 ] ] ] ] } },
{ "type": "Feature", "properties": { "camp_id": "CXB-232", "camp_name": "Camp 4 Extension", "camp_label": "C04X", "camp_name_npm": "Camp 04 Extension", "upazila": "Ukhia", "union": "Palong Khali", "settlement": "Collective site", "area_sqkm": 0.49747528942899999 }, "geometry": { "type": "MultiPolygon", "coordinates": [ [ [ [ 92.13872, 21.21249 ], [ 92.13886, 21.21222 ], [ 92.13882, 21.21217 ], [ 92.13878, 21.21212 ], [ 92.13875, 21.21208 ], [ 92.13867, 21.21198 ], [ 92.13862, 21.21193 ], [ 92.13862, 21.21192 ], [ 92.13857, 21.21189 ], [ 92.13847, 21.2118 ], [ 92.1384, 21.21177 ], [ 92.13821, 21.2117 ], [ 92.13819, 21.2117 ], [ 92.13817, 21.21169 ], [ 92.13816, 21.21169 ], [ 92.13816, 21.21167 ], [ 92.13815, 21.21167 ], [ 92.13815, 21.21165 ], [ 92.13813, 21.2116 ], [ 92.13811, 21.21151 ], [ 92.13808, 21.2114 ], [ 92.13801, 21.21119 ], [ 92.13798, 21.21107 ], [ 92.13791, 21.21084 ], [ 92.13786, 21.21066 ], [ 92.13783, 21.21057 ], [ 92.13783, 21.21057 ], [ 92.13783, 21.21057 ], [ 92.13783, 21.21056 ], [ 92.13783, 21.21056 ], [ 92.13783, 21.21056 ], [ 92.13783, 21.21055 ], [ 92.13783, 21.21053 ], [ 92.13783, 21.21051 ], [ 92.13782, 21.21049 ], [ 92.13782, 21.21046 ], [ 92.13782, 21.21043 ], [ 92.13782, 21.21039 ], [ 92.13781, 21.21035 ], [ 92.13781, 21.21031 ], [ 92.13781, 21.21029 ], [ 92.1378, 21.2102 ], [ 92.13779, 21.2101 ], [ 92.13778, 21.20996 ], [ 92.13777, 21.20985 ], [ 92.13777, 21.20984 ], [ 92.13776, 21.2098 ], [ 92.13775, 21.20968 ], [ 92.13774, 21.20948 ], [ 92.13771, 21.2092 ], [ 92.13779, 21.20903 ], [ 92.13812, 21.20832 ], [ 92.13825, 21.20772 ], [ 92.13826, 21.20768 ], [ 92.13827, 21.20761 ], [ 92.13835, 21.20724 ], [ 92.1384, 21.207 ], [ 92.13843, 21.20687 ], [ 92.13853, 21.20668 ], [ 92.13868, 21.20639 ], [ 92.13869, 21.20625 ], [ 92.13872, 21.20595 ], [ 92.13877, 21.20536 ], [ 92.13901, 21.205 ], [ 92.13902, 21.20499 ], [ 92.13904, 21.20496 ], [ 92.13912, 21.20471 ], [ 92.13922, 21.2044 ], [ 92.13924, 21.20436 ], [ 92.13924, 21.20434 ], [ 92.13925, 21.20432 ], [ 92.13921, 21.20414 ], [ 92.13908, 21.20343 ], [ 92.13905, 21.20326 ], [ 92.13901, 21.20304 ], [ 92.13897, 21.20285 ], [ 92.13896, 21.20275 ], [ 92.13899, 21.20267 ], [ 92.13905, 21.20251 ], [ 92.13906, 21.20248 ], [ 92.13908, 21.20243 ], [ 92.13912, 21.20233 ], [ 92.13913, 21.20231 ], [ 92.13918, 21.20217 ], [ 92.13924, 21.20202 ], [ 92.13933, 21.20178 ], [ 92.13925, 21.20166 ], [ 92.13923, 21.20164 ], [ 92.13901, 21.20136 ], [ 92.13876, 21.20103 ], [ 92.13871, 21.20096 ], [ 92.1382, 21.20094 ], [ 92.1382, 21.20094 ], [ 92.13802, 21.20093 ], [ 92.13765, 21.20083 ], [ 92.13725, 21.20072 ], [ 92.13681, 21.2007 ], [ 92.13566, 21.20194 ], [ 92.13487, 21.20196 ], [ 92.13451, 21.20198 ], [ 92.13448, 21.20237 ], [ 92.13493, 21.2025 ], [ 92.13487, 21.20328 ], [ 92.13441, 21.20396 ], [ 92.13399, 21.2041 ], [ 92.13368, 21.2042 ], [ 92.13366, 21.20518 ], [ 92.13391, 21.20593 ], [ 92.1344, 21.20597 ], [ 92.13471, 21.20627 ], [ 92.13474, 21.20661 ], [ 92.13475, 21.20698 ], [ 92.13521, 21.20733 ], [ 92.1352, 21.2077 ], [ 92.13429, 21.2085 ], [ 92.13427, 21.20885 ], [ 92.13538, 21.2095 ], [ 92.13495, 21.21056 ], [ 92.13496, 21.21137 ], [ 92.13545, 21.2118 ], [ 92.13676, 21.21256 ], [ 92.13726, 21.21241 ], [ 92.13797, 21.21296 ], [ 92.13832, 21.21278 ], [ 92.13872, 21.21249 ] ] ] ] } },
{ "type": "Feature", "properties": { "camp_id": "CXB-233", "camp_name": "Camp 24", "camp_label": "C24", "camp_name_npm": "Camp 24 (Leda)", "upazila": "Teknaf", "union": "Nhilla", "settlement": "Collective site with host community", "area_sqkm": 1.1808424045000001 }, "geometry": { "type": "Polygon", "coordinates": [ [ [ 92.24249, 20.96864 ], [ 92.24246, 20.96879 ], [ 92.24243, 20.96894 ], [ 92.24241, 20.96907 ], [ 92.24242, 20.96919 ], [ 92.24235, 20.96932 ], [ 92.24225, 20.96945 ], [ 92.24224, 20.96947 ], [ 92.24219, 20.96952 ], [ 92.24219, 20.96958 ], [ 92.24219, 20.96965 ], [ 92.24219, 20.96972 ], [ 92.24219, 20.96976 ], [ 92.24219, 20.96982 ], [ 92.2422, 20.96989 ], [ 92.24221, 20.96995 ], [ 92.24219, 20.97005 ], [ 92.2421, 20.97019 ], [ 92.24217, 20.97037 ], [ 92.2422, 20.97052 ], [ 92.2422, 20.97065 ], [ 92.24221, 20.97065 ], [ 92.24218, 20.97074 ], [ 92.24209, 20.97085 ], [ 92.24209, 20.97086 ], [ 92.24201, 20.97086 ], [ 92.24196, 20.9709 ], [ 92.24192, 20.97098 ], [ 92.24192, 20.9711 ], [ 92.24191, 20.97119 ], [ 92.2419, 20.97122 ], [ 92.24184, 20.97124 ], [ 92.24181, 20.97127 ], [ 92.24176, 20.97132 ], [ 92.24175, 20.97137 ], [ 92.2418, 20.97149 ], [ 92.24192, 20.97163 ], [ 92.24182, 20.97175 ], [ 92.24186, 20.97181 ], [ 92.24187, 20.97182 ], [ 92.2419, 20.97186 ], [ 92.24196, 20.97197 ], [ 92.24196, 20.97198 ], [ 92.24197, 20.972 ], [ 92.242, 20.97209 ], [ 92.24195, 20.97215 ], [ 92.24193, 20.97215 ], [ 92.2419, 20.97215 ], [ 92.24188, 20.97215 ], [ 92.24183, 20.9722 ], [ 92.24181, 20.97222 ], [ 92.2418, 20.97223 ], [ 92.2418, 20.97224 ], [ 92.24177, 20.9723 ], [ 92.24176, 20.9723 ], [ 92.24181, 20.97244 ], [ 92.24182, 20.97245 ], [ 92.24188, 20.97249 ], [ 92.24189, 20.97251 ], [ 92.24192, 20.97258 ], [ 92.24192, 20.97259 ], [ 92.24192, 20.9726 ], [ 92.24196, 20.97267 ], [ 92.24199, 20.97274 ], [ 92.24195, 20.97278 ], [ 92.24183, 20.97278 ], [ 92.24179, 20.97278 ], [ 92.24165, 20.97279 ], [ 92.24164, 20.97279 ], [ 92.24163, 20.9728 ], [ 92.24158, 20.97286 ], [ 92.24156, 20.97287 ], [ 92.24156, 20.97288 ], [ 92.24156, 20.97289 ], [ 92.24149, 20.97311 ], [ 92.24149, 20.97313 ], [ 92.2415, 20.97316 ], [ 92.24151, 20.97323 ], [ 92.24153, 20.97325 ], [ 92.24169, 20.97342 ], [ 92.24172, 20.97343 ], [ 92.24177, 20.97344 ], [ 92.24186, 20.97346 ], [ 92.24201, 20.97346 ], [ 92.24217, 20.97349 ], [ 92.24233, 20.97358 ], [ 92.24238, 20.97363 ], [ 92.2424, 20.97366 ], [ 92.24245, 20.97369 ], [ 92.24246, 20.97369 ], [ 92.2425, 20.97371 ], [ 92.24253, 20.97373 ], [ 92.24258, 20.97376 ], [ 92.24259, 20.97377 ], [ 92.24261, 20.97379 ], [ 92.2427, 20.97389 ], [ 92.24271, 20.97389 ], [ 92.24275, 20.9739 ], [ 92.24294, 20.97399 ], [ 92.24295, 20.97399 ], [ 92.24299, 20.97402 ], [ 92.243, 20.97402 ], [ 92.24297, 20.97419 ], [ 92.24294, 20.97449 ], [ 92.24285, 20.97466 ], [ 92.24274, 20.9748 ], [ 92.24269, 20.97491 ], [ 92.24277, 20.9751 ], [ 92.24291, 20.97524 ], [ 92.24304, 20.97544 ], [ 92.24302, 20.97553 ], [ 92.24301, 20.97559 ], [ 92.24301, 20.9756 ], [ 92.24302, 20.97562 ], [ 92.24305, 20.97567 ], [ 92.24312, 20.97577 ], [ 92.24332, 20.97581 ], [ 92.24346, 20.97578 ], [ 92.24352, 20.97577 ], [ 92.24356, 20.97574 ], [ 92.24357, 20.97573 ], [ 92.2436, 20.97571 ], [ 92.24372, 20.97561 ], [ 92.24384, 20.97556 ], [ 92.24384, 20.97557 ], [ 92.24387, 20.97564 ], [ 92.24387, 20.9758 ], [ 92.24387, 20.97588 ], [ 92.24388, 20.97589 ], [ 92.24388, 20.9759 ], [ 92.24393, 20.97601 ], [ 92.24396, 20.97607 ], [ 92.24399, 20.97613 ], [ 92.24399, 20.97614 ], [ 92.24411, 20.97626 ], [ 92.24415, 20.97629 ], [ 92.24416, 20.97631 ], [ 92.24417, 20.97632 ], [ 92.24418, 20.97633 ], [ 92.24421, 20.97636 ], [ 92.24424, 20.97638 ], [ 92.24432, 20.97646 ], [ 92.24433, 20.97646 ], [ 92.24437, 20.97649 ], [ 92.24438, 20.9765 ], [ 92.2444, 20.97652 ], [ 92.24443, 20.97653 ], [ 92.24445, 20.97653 ], [ 92.24448, 20.97655 ], [ 92.24449, 20.97655 ], [ 92.24454, 20.97655 ], [ 92.24457, 20.97655 ], [ 92.24458, 20.97655 ], [ 92.2446, 20.97655 ], [ 92.24466, 20.97654 ], [ 92.24477, 20.97656 ], [ 92.24478, 20.97656 ], [ 92.2448, 20.97656 ], [ 92.24482, 20.97657 ], [ 92.24486, 20.97658 ], [ 92.24487, 20.97658 ], [ 92.24489, 20.97658 ], [ 92.24494, 20.97659 ], [ 92.24495, 20.9766 ], [ 92.24494, 20.97662 ], [ 92.24492, 20.97667 ], [ 92.24492, 20.97669 ], [ 92.24492, 20.9767 ], [ 92.24494, 20.9767 ], [ 92.245, 20.97672 ], [ 92.24502, 20.97673 ], [ 92.24504, 20.97673 ], [ 92.24506, 20.97674 ], [ 92.24509, 20.97678 ], [ 92.2451, 20.97678 ], [ 92.24516, 20.97685 ], [ 92.24517, 20.97686 ], [ 92.24518, 20.97687 ], [ 92.24524, 20.97694 ], [ 92.24525, 20.97694 ], [ 92.24529, 20.97695 ], [ 92.24532, 20.97696 ], [ 92.24537, 20.97697 ], [ 92.24541, 20.97697 ], [ 92.24542, 20.97697 ], [ 92.24549, 20.97699 ], [ 92.2455, 20.97699 ], [ 92.24555, 20.97698 ], [ 92.24558, 20.97697 ], [ 92.2457, 20.97694 ], [ 92.24571, 20.97694 ], [ 92.24573, 20.97693 ], [ 92.24591, 20.97681 ], [ 92.24596, 20.97679 ], [ 92.24601, 20.97677 ], [ 92.24613, 20.97673 ], [ 92.24614, 20.97673 ], [ 92.24624, 20.97682 ], [ 92.24628, 20.97693 ], [ 92.24634, 20.97707 ], [ 92.24635, 20.9771 ], [ 92.24651, 20.97719 ], [ 92.24654, 20.9772 ], [ 92.24663, 20.97718 ], [ 92.24665, 20.97717 ], [ 92.24667, 20.97717 ], [ 92.24677, 20.97714 ], [ 92.2468, 20.97713 ], [ 92.24686, 20.97711 ], [ 92.24688, 20.9771 ], [ 92.24692, 20.97709 ], [ 92.24694, 20.97709 ], [ 92.24696, 20.97708 ], [ 92.24702, 20.97706 ], [ 92.24706, 20.97705 ], [ 92.24711, 20.97704 ], [ 92.24718, 20.97702 ], [ 92.24723, 20.97702 ], [ 92.24734, 20.97706 ], [ 92.24743, 20.97707 ], [ 92.24745, 20.97707 ], [ 92.24746, 20.97707 ], [ 92.24753, 20.97705 ], [ 92.24758, 20.97707 ], [ 92.24761, 20.97706 ], [ 92.24766, 20.97706 ], [ 92.24773, 20.97705 ], [ 92.2478, 20.977 ], [ 92.24793, 20.97693 ], [ 92.24794, 20.97693 ], [ 92.24796, 20.97693 ], [ 92.24797, 20.97693 ], [ 92.24798, 20.97693 ], [ 92.24799, 20.97693 ], [ 92.24809, 20.97692 ], [ 92.24812, 20.97691 ], [ 92.2482, 20.9769 ], [ 92.24831, 20.97689 ], [ 92.24844, 20.97687 ], [ 92.24846, 20.97687 ], [ 92.24849, 20.97687 ], [ 92.24851, 20.97687 ], [ 92.24853, 20.97687 ], [ 92.24854, 20.97687 ], [ 92.24856, 20.97687 ], [ 92.24869, 20.97686 ], [ 92.24872, 20.97686 ], [ 92.2488, 20.97687 ], [ 92.24882, 20.97687 ], [ 92.24884, 20.97687 ], [ 92.24897, 20.97689 ], [ 92.24898, 20.97689 ], [ 92.24903, 20.97689 ], [ 92.24904, 20.97689 ], [ 92.24909, 20.97689 ], [ 92.2491, 20.97689 ], [ 92.24913, 20.97688 ], [ 92.24914, 20.97688 ], [ 92.24915, 20.97687 ], [ 92.24917, 20.97687 ], [ 92.24925, 20.97685 ], [ 92.24926, 20.97684 ], [ 92.24927, 20.97684 ], [ 92.24928, 20.97684 ], [ 92.2493, 20.97683 ], [ 92.24934, 20.97681 ], [ 92.24943, 20.97678 ], [ 92.24945, 20.97677 ], [ 92.24952, 20.97674 ], [ 92.24957, 20.97672 ], [ 92.24959, 20.97671 ], [ 92.2496, 20.97671 ], [ 92.2496, 20.9767 ], [ 92.24961, 20.9767 ], [ 92.24965, 20.97668 ], [ 92.24967, 20.97668 ], [ 92.24974, 20.97665 ], [ 92.24977, 20.97664 ], [ 92.24981, 20.97662 ], [ 92.24983, 20.97661 ], [ 92.24984, 20.97661 ], [ 92.24985, 20.97661 ], [ 92.24986, 20.9766 ], [ 92.24988, 20.97659 ], [ 92.24993, 20.97657 ], [ 92.24995, 20.97656 ], [ 92.24996, 20.97656 ], [ 92.25, 20.97654 ], [ 92.25, 20.97653 ], [ 92.24999, 20.97652 ], [ 92.24997, 20.9765 ], [ 92.24997, 20.97649 ], [ 92.24996, 20.97648 ], [ 92.24995, 20.97646 ], [ 92.24994, 20.97645 ], [ 92.24994, 20.97644 ], [ 92.24992, 20.97642 ], [ 92.2499, 20.97638 ], [ 92.24989, 20.97637 ], [ 92.24987, 20.97633 ], [ 92.24986, 20.97633 ], [ 92.24979, 20.97621 ], [ 92.24969, 20.97605 ], [ 92.2496, 20.97591 ], [ 92.24947, 20.9757 ], [ 92.24967, 20.97568 ], [ 92.25007, 20.97564 ], [ 92.25011, 20.97563 ], [ 92.2503, 20.97562 ], [ 92.25057, 20.9756 ], [ 92.25068, 20.97559 ], [ 92.25073, 20.97559 ], [ 92.25092, 20.97559 ], [ 92.25122, 20.97559 ], [ 92.25145, 20.9756 ], [ 92.25175, 20.97562 ], [ 92.25189, 20.97563 ], [ 92.25197, 20.97563 ], [ 92.25207, 20.97564 ], [ 92.25281, 20.97572 ], [ 92.25293, 20.97573 ], [ 92.253, 20.97574 ], [ 92.25318, 20.97575 ], [ 92.25322, 20.97576 ], [ 92.25323, 20.97574 ], [ 92.25323, 20.97569 ], [ 92.25324, 20.97568 ], [ 92.25324, 20.97557 ], [ 92.25324, 20.97555 ], [ 92.25324, 20.97546 ], [ 92.25325, 20.97527 ], [ 92.25325, 20.97521 ], [ 92.25341, 20.97514 ], [ 92.25354, 20.97502 ], [ 92.25367, 20.97487 ], [ 92.25386, 20.97451 ], [ 92.25402, 20.97412 ], [ 92.25409, 20.97387 ], [ 92.25409, 20.97382 ], [ 92.25409, 20.97378 ], [ 92.25409, 20.97375 ], [ 92.25408, 20.97365 ], [ 92.25407, 20.97362 ], [ 92.25407, 20.9735 ], [ 92.25408, 20.9734 ], [ 92.25412, 20.97334 ], [ 92.25417, 20.97332 ], [ 92.25425, 20.97329 ], [ 92.25438, 20.97326 ], [ 92.2545, 20.97329 ], [ 92.25453, 20.97322 ], [ 92.25455, 20.97317 ], [ 92.25461, 20.97303 ], [ 92.25466, 20.97286 ], [ 92.25466, 20.97271 ], [ 92.25443, 20.97259 ], [ 92.25405, 20.97262 ], [ 92.25391, 20.97269 ], [ 92.25381, 20.97192 ], [ 92.2538, 20.97188 ], [ 92.25379, 20.9714 ], [ 92.25376, 20.97122 ], [ 92.25318, 20.97132 ], [ 92.25312, 20.97082 ], [ 92.25323, 20.97073 ], [ 92.25322, 20.9705 ], [ 92.25325, 20.96991 ], [ 92.25326, 20.96968 ], [ 92.25323, 20.96928 ], [ 92.25271, 20.96936 ], [ 92.2527, 20.96918 ], [ 92.25296, 20.96916 ], [ 92.25297, 20.96908 ], [ 92.25298, 20.96882 ], [ 92.25289, 20.96786 ], [ 92.25266, 20.96785 ], [ 92.25266, 20.96797 ], [ 92.25251, 20.96796 ], [ 92.25204, 20.96786 ], [ 92.25206, 20.9677 ], [ 92.25171, 20.96764 ], [ 92.25178, 20.96692 ], [ 92.25135, 20.96681 ], [ 92.25149, 20.96594 ], [ 92.25208, 20.96484 ], [ 92.25247, 20.96371 ], [ 92.25218, 20.96364 ], [ 92.25157, 20.96477 ], [ 92.25139, 20.9651 ], [ 92.25097, 20.96554 ], [ 92.24936, 20.9672 ], [ 92.24933, 20.96724 ], [ 92.24929, 20.96729 ], [ 92.24928, 20.96729 ], [ 92.24919, 20.96727 ], [ 92.24916, 20.96727 ], [ 92.24914, 20.96726 ], [ 92.24911, 20.96726 ], [ 92.24909, 20.96726 ], [ 92.24905, 20.96725 ], [ 92.24904, 20.96725 ], [ 92.249, 20.96724 ], [ 92.24896, 20.96724 ], [ 92.24894, 20.96723 ], [ 92.24889, 20.96723 ], [ 92.24882, 20.96721 ], [ 92.24881, 20.96721 ], [ 92.24877, 20.9672 ], [ 92.24867, 20.96718 ], [ 92.24865, 20.96718 ], [ 92.24864, 20.96718 ], [ 92.24863, 20.96717 ], [ 92.24863, 20.96716 ], [ 92.24861, 20.96715 ], [ 92.24861, 20.96714 ], [ 92.2486, 20.96714 ], [ 92.2486, 20.96713 ], [ 92.24859, 20.96713 ], [ 92.24858, 20.96712 ], [ 92.24857, 20.96711 ], [ 92.24856, 20.9671 ], [ 92.24854, 20.96708 ], [ 92.24853, 20.96707 ], [ 92.24852, 20.96706 ], [ 92.24851, 20.96705 ], [ 92.24851, 20.96704 ], [ 92.2485, 20.96704 ], [ 92.24849, 20.96702 ], [ 92.24847, 20.96699 ], [ 92.24847, 20.96698 ], [ 92.24844, 20.96692 ], [ 92.24844, 20.96691 ], [ 92.24843, 20.9669 ], [ 92.24842, 20.96688 ], [ 92.24841, 20.96687 ], [ 92.2484, 20.96686 ], [ 92.2484, 20.96684 ], [ 92.24839, 20.96684 ], [ 92.24838, 20.96684 ], [ 92.24829, 20.96682 ], [ 92.24821, 20.96685 ], [ 92.24818, 20.96688 ], [ 92.24816, 20.9669 ], [ 92.24815, 20.9669 ], [ 92.24814, 20.96691 ], [ 92.24811, 20.96693 ], [ 92.2481, 20.96694 ], [ 92.24807, 20.96697 ], [ 92.24802, 20.967 ], [ 92.24792, 20.96707 ], [ 92.2478, 20.96717 ], [ 92.24777, 20.9672 ], [ 92.24771, 20.9672 ], [ 92.24769, 20.9672 ], [ 92.24764, 20.9672 ], [ 92.24763, 20.9672 ], [ 92.24762, 20.9672 ], [ 92.24759, 20.96719 ], [ 92.24755, 20.96717 ], [ 92.24754, 20.96717 ], [ 92.24751, 20.96715 ], [ 92.24749, 20.96715 ], [ 92.24748, 20.96714 ], [ 92.24747, 20.96714 ], [ 92.24743, 20.96712 ], [ 92.24742, 20.96711 ], [ 92.24741, 20.96711 ], [ 92.24738, 20.96708 ], [ 92.24737, 20.96707 ], [ 92.24731, 20.96704 ], [ 92.24723, 20.96702 ], [ 92.24721, 20.96702 ], [ 92.2472, 20.96702 ], [ 92.24718, 20.96702 ], [ 92.24717, 20.96702 ], [ 92.24716, 20.96702 ], [ 92.24715, 20.96702 ], [ 92.24712, 20.96702 ], [ 92.24695, 20.96701 ], [ 92.24693, 20.96701 ], [ 92.24692, 20.96701 ], [ 92.24675, 20.96699 ], [ 92.24665, 20.96695 ], [ 92.24662, 20.96693 ], [ 92.24661, 20.96692 ], [ 92.2466, 20.96691 ], [ 92.24658, 20.96689 ], [ 92.24656, 20.96687 ], [ 92.24642, 20.96678 ], [ 92.24627, 20.96671 ], [ 92.24625, 20.9667 ], [ 92.24621, 20.96669 ], [ 92.24614, 20.96669 ], [ 92.24608, 20.96669 ], [ 92.24598, 20.96673 ], [ 92.24595, 20.96676 ], [ 92.24594, 20.96677 ], [ 92.24591, 20.96679 ], [ 92.24583, 20.96698 ], [ 92.24581, 20.96715 ], [ 92.24583, 20.96734 ], [ 92.24583, 20.96735 ], [ 92.24582, 20.9674 ], [ 92.2458, 20.96745 ], [ 92.24571, 20.9675 ], [ 92.24568, 20.96752 ], [ 92.24552, 20.96754 ], [ 92.24528, 20.96756 ], [ 92.24517, 20.96757 ], [ 92.24515, 20.96759 ], [ 92.24513, 20.96759 ], [ 92.24512, 20.96761 ], [ 92.2451, 20.96762 ], [ 92.24508, 20.96764 ], [ 92.24505, 20.96766 ], [ 92.24501, 20.96769 ], [ 92.245, 20.9677 ], [ 92.24498, 20.96771 ], [ 92.24497, 20.96772 ], [ 92.24496, 20.96773 ], [ 92.24494, 20.96775 ], [ 92.24492, 20.96778 ], [ 92.2449, 20.96779 ], [ 92.24489, 20.9678 ], [ 92.24488, 20.96781 ], [ 92.24486, 20.96782 ], [ 92.24485, 20.96782 ], [ 92.24484, 20.96783 ], [ 92.24481, 20.96784 ], [ 92.24479, 20.96784 ], [ 92.24477, 20.96784 ], [ 92.24473, 20.96785 ], [ 92.24471, 20.96785 ], [ 92.24469, 20.96785 ], [ 92.24468, 20.96785 ], [ 92.24467, 20.96785 ], [ 92.24464, 20.96786 ], [ 92.2446, 20.96786 ], [ 92.24457, 20.96786 ], [ 92.24454, 20.96787 ], [ 92.24448, 20.96788 ], [ 92.24447, 20.96788 ], [ 92.24444, 20.9679 ], [ 92.24443, 20.9679 ], [ 92.24442, 20.96791 ], [ 92.24439, 20.96793 ], [ 92.24438, 20.96794 ], [ 92.24434, 20.96796 ], [ 92.24433, 20.96797 ], [ 92.24432, 20.96798 ], [ 92.24431, 20.96799 ], [ 92.2443, 20.96801 ], [ 92.24428, 20.96803 ], [ 92.24427, 20.96804 ], [ 92.24426, 20.96805 ], [ 92.24423, 20.96808 ], [ 92.24422, 20.9681 ], [ 92.24421, 20.96812 ], [ 92.2442, 20.96814 ], [ 92.24419, 20.96814 ], [ 92.24417, 20.96819 ], [ 92.24416, 20.9682 ], [ 92.24416, 20.96821 ], [ 92.24415, 20.96822 ], [ 92.24415, 20.96823 ], [ 92.24414, 20.96823 ], [ 92.24414, 20.96824 ], [ 92.24413, 20.96825 ], [ 92.24413, 20.96826 ], [ 92.24412, 20.96828 ], [ 92.2441, 20.96831 ], [ 92.2441, 20.96832 ], [ 92.24408, 20.96834 ], [ 92.24408, 20.96836 ], [ 92.24407, 20.96837 ], [ 92.24406, 20.96837 ], [ 92.244, 20.96837 ], [ 92.24394, 20.96837 ], [ 92.24392, 20.96837 ], [ 92.24391, 20.96837 ], [ 92.24388, 20.96837 ], [ 92.24387, 20.96837 ], [ 92.24383, 20.96837 ], [ 92.24377, 20.96837 ], [ 92.24376, 20.96837 ], [ 92.24374, 20.96837 ], [ 92.24373, 20.96837 ], [ 92.24372, 20.96837 ], [ 92.2437, 20.96835 ], [ 92.24368, 20.96834 ], [ 92.24365, 20.96832 ], [ 92.24364, 20.96831 ], [ 92.24363, 20.9683 ], [ 92.24361, 20.96829 ], [ 92.24361, 20.96828 ], [ 92.2436, 20.96822 ], [ 92.2436, 20.96821 ], [ 92.2436, 20.9682 ], [ 92.24359, 20.96817 ], [ 92.24359, 20.96816 ], [ 92.24359, 20.96815 ], [ 92.24359, 20.96814 ], [ 92.24359, 20.96811 ], [ 92.24359, 20.96807 ], [ 92.24358, 20.96806 ], [ 92.24358, 20.96805 ], [ 92.24358, 20.96803 ], [ 92.24359, 20.96802 ], [ 92.2436, 20.96791 ], [ 92.2436, 20.96779 ], [ 92.24358, 20.96775 ], [ 92.24355, 20.9677 ], [ 92.24349, 20.96767 ], [ 92.24341, 20.96767 ], [ 92.24337, 20.9677 ], [ 92.2433, 20.96776 ], [ 92.24317, 20.96792 ], [ 92.24305, 20.96804 ], [ 92.24298, 20.96812 ], [ 92.24292, 20.9681 ], [ 92.24278, 20.96807 ], [ 92.24274, 20.96806 ], [ 92.2427, 20.96805 ], [ 92.24265, 20.96803 ], [ 92.24262, 20.96802 ], [ 92.24259, 20.968 ], [ 92.24258, 20.968 ], [ 92.24249, 20.96793 ], [ 92.24245, 20.9679 ], [ 92.24243, 20.96788 ], [ 92.24232, 20.96778 ], [ 92.24225, 20.96783 ], [ 92.2422, 20.96787 ], [ 92.24217, 20.9679 ], [ 92.24211, 20.96796 ], [ 92.24208, 20.96802 ], [ 92.24203, 20.96813 ], [ 92.24206, 20.96817 ], [ 92.24209, 20.96819 ], [ 92.2422, 20.96826 ], [ 92.24232, 20.96832 ], [ 92.24241, 20.96838 ], [ 92.24252, 20.96846 ], [ 92.24251, 20.96849 ], [ 92.24249, 20.96864 ] ] ] } },
{ "type": "Feature", "properties": { "camp_id": "CXB-234", "camp_name": "Camp 20 Extension", "camp_label": "C20X", "camp_name_npm": "Camp 20 Extension", "upazila": "Ukhia", "union": "Palong Khali", "settlement": "Collective site", "area_sqkm": 0.76610823160300001 }, "geometry": { "type": "MultiPolygon", "coordinates": [ [ [ [ 92.13543, 21.20026 ], [ 92.1354, 21.20013 ], [ 92.1355, 21.2 ], [ 92.13566, 21.19982 ], [ 92.13552, 21.19953 ], [ 92.13566, 21.19926 ], [ 92.1358, 21.19912 ], [ 92.1358, 21.19912 ], [ 92.13566, 21.19892 ], [ 92.13567, 21.19875 ], [ 92.13579, 21.19857 ], [ 92.13579, 21.19856 ], [ 92.13595, 21.19831 ], [ 92.13646, 21.19817 ], [ 92.13653, 21.19856 ], [ 92.13681, 21.1988 ], [ 92.13682, 21.1988 ], [ 92.13698, 21.19894 ], [ 92.1373, 21.19888 ], [ 92.13751, 21.19874 ], [ 92.13753, 21.19872 ], [ 92.13759, 21.19869 ], [ 92.13759, 21.19865 ], [ 92.1376, 21.19824 ], [ 92.13772, 21.19778 ], [ 92.13763, 21.19745 ], [ 92.13756, 21.19731 ], [ 92.1374, 21.19727 ], [ 92.13719, 21.19737 ], [ 92.13709, 21.19741 ], [ 92.1369, 21.19721 ], [ 92.13697, 21.19693 ], [ 92.13697, 21.19693 ], [ 92.13698, 21.19689 ], [ 92.13698, 21.19676 ], [ 92.13698, 21.19663 ], [ 92.13698, 21.19647 ], [ 92.13698, 21.19645 ], [ 92.13698, 21.19635 ], [ 92.13699, 21.19627 ], [ 92.13709, 21.19618 ], [ 92.13734, 21.19603 ], [ 92.13744, 21.1959 ], [ 92.13743, 21.19586 ], [ 92.13742, 21.19585 ], [ 92.13742, 21.19584 ], [ 92.13741, 21.19576 ], [ 92.1374, 21.1957 ], [ 92.13739, 21.19565 ], [ 92.13739, 21.19562 ], [ 92.1374, 21.19556 ], [ 92.1374, 21.19555 ], [ 92.1374, 21.19554 ], [ 92.1374, 21.19554 ], [ 92.1374, 21.19554 ], [ 92.13739, 21.19551 ], [ 92.13739, 21.19544 ], [ 92.13739, 21.19542 ], [ 92.13739, 21.19542 ], [ 92.13738, 21.1954 ], [ 92.13738, 21.1954 ], [ 92.13738, 21.19539 ], [ 92.13738, 21.19537 ], [ 92.13738, 21.19535 ], [ 92.13738, 21.19533 ], [ 92.13738, 21.19532 ], [ 92.13738, 21.1953 ], [ 92.13737, 21.19526 ], [ 92.13737, 21.19521 ], [ 92.13737, 21.1952 ], [ 92.13737, 21.19519 ], [ 92.13736, 21.19518 ], [ 92.13736, 21.19515 ], [ 92.13736, 21.19513 ], [ 92.13736, 21.19509 ], [ 92.13735, 21.19507 ], [ 92.13735, 21.19501 ], [ 92.13735, 21.19501 ], [ 92.13735, 21.19499 ], [ 92.13735, 21.19497 ], [ 92.13734, 21.19492 ], [ 92.13734, 21.19492 ], [ 92.13733, 21.19488 ], [ 92.13732, 21.19481 ], [ 92.13732, 21.1948 ], [ 92.13732, 21.19479 ], [ 92.13732, 21.19476 ], [ 92.13732, 21.19474 ], [ 92.13734, 21.19472 ], [ 92.13735, 21.19471 ], [ 92.13735, 21.19471 ], [ 92.13736, 21.1947 ], [ 92.13737, 21.19469 ], [ 92.13738, 21.19468 ], [ 92.13742, 21.19464 ], [ 92.13742, 21.19464 ], [ 92.13742, 21.19464 ], [ 92.13742, 21.19464 ], [ 92.13745, 21.19452 ], [ 92.13745, 21.1945 ], [ 92.13747, 21.19443 ], [ 92.13747, 21.19442 ], [ 92.13747, 21.19437 ], [ 92.13747, 21.19435 ], [ 92.13746, 21.19428 ], [ 92.13746, 21.19428 ], [ 92.13746, 21.19426 ], [ 92.13746, 21.19425 ], [ 92.13746, 21.19423 ], [ 92.13746, 21.19421 ], [ 92.13746, 21.19414 ], [ 92.13746, 21.19413 ], [ 92.13746, 21.19406 ], [ 92.13746, 21.19406 ], [ 92.13746, 21.19403 ], [ 92.13746, 21.19401 ], [ 92.13746, 21.19399 ], [ 92.13746, 21.19394 ], [ 92.13745, 21.1939 ], [ 92.13745, 21.19388 ], [ 92.13745, 21.19386 ], [ 92.13745, 21.19384 ], [ 92.13742, 21.19379 ], [ 92.13742, 21.19378 ], [ 92.13739, 21.19373 ], [ 92.13734, 21.19364 ], [ 92.13733, 21.19362 ], [ 92.1373, 21.19354 ], [ 92.13729, 21.19351 ], [ 92.13728, 21.19349 ], [ 92.13727, 21.19342 ], [ 92.13727, 21.19334 ], [ 92.13728, 21.19324 ], [ 92.13728, 21.19316 ], [ 92.13728, 21.19309 ], [ 92.13728, 21.19309 ], [ 92.13727, 21.19308 ], [ 92.13727, 21.19307 ], [ 92.13727, 21.19306 ], [ 92.13727, 21.19306 ], [ 92.13726, 21.19304 ], [ 92.13726, 21.19302 ], [ 92.13724, 21.19301 ], [ 92.13723, 21.193 ], [ 92.13721, 21.19298 ], [ 92.13717, 21.19296 ], [ 92.13714, 21.19293 ], [ 92.13713, 21.19293 ], [ 92.13711, 21.19287 ], [ 92.1371, 21.19285 ], [ 92.13709, 21.19284 ], [ 92.13708, 21.19282 ], [ 92.13707, 21.19279 ], [ 92.13705, 21.19275 ], [ 92.13705, 21.19274 ], [ 92.13702, 21.19269 ], [ 92.13702, 21.19268 ], [ 92.13702, 21.19266 ], [ 92.13703, 21.19263 ], [ 92.13703, 21.19259 ], [ 92.13703, 21.19256 ], [ 92.13703, 21.19255 ], [ 92.13704, 21.19253 ], [ 92.13704, 21.19249 ], [ 92.13704, 21.19248 ], [ 92.13706, 21.19241 ], [ 92.13707, 21.19238 ], [ 92.13708, 21.19234 ], [ 92.13708, 21.19232 ], [ 92.13709, 21.19228 ], [ 92.1371, 21.19224 ], [ 92.13711, 21.19222 ], [ 92.13712, 21.19217 ], [ 92.13713, 21.19212 ], [ 92.13714, 21.19208 ], [ 92.13714, 21.19207 ], [ 92.13715, 21.19206 ], [ 92.13715, 21.19204 ], [ 92.13716, 21.192 ], [ 92.13716, 21.19195 ], [ 92.13716, 21.19195 ], [ 92.13717, 21.19191 ], [ 92.13717, 21.19188 ], [ 92.13717, 21.19188 ], [ 92.13717, 21.19187 ], [ 92.13717, 21.19186 ], [ 92.13715, 21.19178 ], [ 92.13715, 21.19176 ], [ 92.13715, 21.19176 ], [ 92.13715, 21.19176 ], [ 92.13717, 21.19177 ], [ 92.13722, 21.19178 ], [ 92.13722, 21.19178 ], [ 92.13737, 21.19175 ], [ 92.13768, 21.19154 ], [ 92.13769, 21.19147 ], [ 92.1377, 21.19142 ], [ 92.13767, 21.19134 ], [ 92.13758, 21.1912 ], [ 92.13748, 21.19109 ], [ 92.13739, 21.19097 ], [ 92.13732, 21.19082 ], [ 92.13725, 21.19068 ], [ 92.13728, 21.19059 ], [ 92.1373, 21.19049 ], [ 92.13737, 21.1904 ], [ 92.13745, 21.19023 ], [ 92.13746, 21.19012 ], [ 92.13741, 21.18991 ], [ 92.13734, 21.18974 ], [ 92.13732, 21.18964 ], [ 92.13732, 21.18938 ], [ 92.13733, 21.18938 ], [ 92.13746, 21.18927 ], [ 92.13757, 21.18912 ], [ 92.13773, 21.18891 ], [ 92.13785, 21.18867 ], [ 92.13789, 21.18852 ], [ 92.13795, 21.18837 ], [ 92.13806, 21.18821 ], [ 92.13801, 21.18799 ], [ 92.13794, 21.18768 ], [ 92.13789, 21.18745 ], [ 92.13754, 21.18737 ], [ 92.13707, 21.18742 ], [ 92.13652, 21.18757 ], [ 92.13644, 21.18759 ], [ 92.13635, 21.1876 ], [ 92.13635, 21.1876 ], [ 92.13599, 21.1876 ], [ 92.13594, 21.18768 ], [ 92.13605, 21.18782 ], [ 92.13621, 21.18792 ], [ 92.13625, 21.18796 ], [ 92.13623, 21.18806 ], [ 92.13613, 21.18818 ], [ 92.1361, 21.18811 ], [ 92.13586, 21.18788 ], [ 92.13571, 21.18779 ], [ 92.13553, 21.18786 ], [ 92.13539, 21.18786 ], [ 92.1351, 21.18752 ], [ 92.1348, 21.18746 ], [ 92.13479, 21.18746 ], [ 92.13458, 21.18762 ], [ 92.13457, 21.1877 ], [ 92.13459, 21.18782 ], [ 92.13459, 21.18792 ], [ 92.13457, 21.18825 ], [ 92.13472, 21.18836 ], [ 92.13468, 21.18847 ], [ 92.13441, 21.18865 ], [ 92.13445, 21.18905 ], [ 92.13389, 21.18958 ], [ 92.13388, 21.1896 ], [ 92.13372, 21.18982 ], [ 92.13372, 21.19016 ], [ 92.13353, 21.19064 ], [ 92.13337, 21.19091 ], [ 92.13339, 21.19109 ], [ 92.13332, 21.1912 ], [ 92.13326, 21.19128 ], [ 92.13323, 21.19141 ], [ 92.13333, 21.19153 ], [ 92.13322, 21.19165 ], [ 92.13311, 21.19157 ], [ 92.13303, 21.19157 ], [ 92.1328, 21.19165 ], [ 92.13213, 21.19198 ], [ 92.13196, 21.19226 ], [ 92.132, 21.19234 ], [ 92.13213, 21.19268 ], [ 92.13206, 21.19278 ], [ 92.13176, 21.19274 ], [ 92.1315, 21.19301 ], [ 92.13162, 21.1934 ], [ 92.13164, 21.19346 ], [ 92.13168, 21.19365 ], [ 92.13173, 21.19384 ], [ 92.13148, 21.19392 ], [ 92.13146, 21.19415 ], [ 92.13133, 21.19443 ], [ 92.13125, 21.1946 ], [ 92.13079, 21.19481 ], [ 92.13084, 21.19506 ], [ 92.13107, 21.19498 ], [ 92.131, 21.19531 ], [ 92.13062, 21.19534 ], [ 92.13029, 21.19549 ], [ 92.13013, 21.19573 ], [ 92.13016, 21.19592 ], [ 92.13017, 21.19597 ], [ 92.1302, 21.19614 ], [ 92.13031, 21.19633 ], [ 92.13004, 21.19696 ], [ 92.1302, 21.19712 ], [ 92.13018, 21.19722 ], [ 92.12999, 21.19727 ], [ 92.12996, 21.1974 ], [ 92.12999, 21.19774 ], [ 92.1299, 21.19789 ], [ 92.12973, 21.19837 ], [ 92.12978, 21.19854 ], [ 92.12984, 21.19878 ], [ 92.13037, 21.19888 ], [ 92.13062, 21.19897 ], [ 92.13079, 21.19909 ], [ 92.13079, 21.1991 ], [ 92.1313, 21.19917 ], [ 92.13151, 21.1992 ], [ 92.13204, 21.19999 ], [ 92.13224, 21.20029 ], [ 92.13343, 21.20027 ], [ 92.13371, 21.20032 ], [ 92.13419, 21.20025 ], [ 92.13505, 21.20052 ], [ 92.13515, 21.20047 ], [ 92.13523, 21.20046 ], [ 92.13532, 21.20043 ], [ 92.13543, 21.20026 ] ] ] ] } }
]
}
