osm_id,osm_type,name,operator_type,lon,lat,adm1_pcode,adm2_pcode,district,assigned_by,medical_college
2343347180,node,Amtali Upazila Health Complex,"",90.2302355210932,22.1306404202609,BD10,BD1004,Barguna,within,FALSE
2343347181,node,Barguna General Hospital,"",90.1279306210041,22.15637663486,BD10,BD1004,Barguna,within,FALSE
2343347182,node,Betagi Upazila Health Complex,"",90.1601988527463,22.413582374538,BD10,BD1004,Barguna,within,FALSE
2343347187,node,Patharghata Upazila Health Complex,"",89.9659096899455,22.0326458300597,BD10,BD1004,Barguna,within,FALSE
6945182285,node,"","",90.3333885859645,23.0058909872179,BD10,BD1006,Barishal,within,FALSE
586940254,way,"","",90.3705127736369,22.7082414750803,BD10,BD1006,Barishal,within,FALSE
6338178085,node,"","",90.3701677903567,22.703446858827,BD10,BD1006,Barishal,within,FALSE
2343395370,node,Agailjhara Upazila Health Complex,"",90.1825250576774,22.9636165232861,BD10,BD1006,Barishal,within,FALSE
530746015,way,Bakerganj Upazila Health Complex,"",90.3465741118108,22.5388491211853,BD10,BD1006,Barishal,within,FALSE
5511800740,node,Barisal Heart Foundation,"",90.3589847389616,22.6975802809768,BD10,BD1006,Barishal,within,FALSE
529858847,way,C R P Barisal,"",90.3499813522695,22.6800830161926,BD10,BD1006,Barishal,within,FALSE
2343395395,node,Gournadi Upazila Health Complex,"",90.2267734598064,22.9629212444179,BD10,BD1006,Barishal,within,FALSE
2343353777,node,Mehendiganj Upazila Health Complex,"",90.5278746396709,22.8266258829414,BD10,BD1006,Barishal,within,FALSE
438185893,way,Nirupon Hospital,"",90.3539137713607,22.6940079557538,BD10,BD1006,Barishal,within,FALSE
5901149597,node,Police Line Hospiotal,"",90.3650365568719,22.6950619381684,BD10,BD1006,Barishal,within,FALSE
13564032601,node,Popular diagnostic center,"",90.3619415391251,22.6927682303649,BD10,BD1006,Barishal,within,FALSE
10047992154,node,SBMCH CCU,"",90.3621674314156,22.6869901654123,BD10,BD1006,Barishal,within,FALSE
2343353784,node,Wazipur Upazila Health Complex,"",90.2517147347086,22.827401125166,BD10,BD1006,Barishal,within,FALSE
2344153962,node,Zanjira Upazila Health Complex,"",90.6232170280699,22.9109194980342,BD10,BD1006,Barishal,within,FALSE
3388662566,node,__চক্ষু হাসপাতাল,"",90.3399393785708,22.6731350471045,BD10,BD1006,Barishal,within,FALSE
3733265504,node,অ্যাপোলো হাসপাতাল ও ডায়াগনস্টিক সেন্টার,"",90.3698465958271,22.7007190522582,BD10,BD1006,Barishal,within,FALSE
3733247146,node,আম্বিয়া হাসপাতাল,"",90.3607675697666,22.7071358182327,BD10,BD1006,Barishal,within,FALSE
3877633938,node,ইসলামিয়া হাসপাতাল,"",90.3703660223667,22.6885157556089,BD10,BD1006,Barishal,within,FALSE
2343353773,node,বরিশাল জেনারেল হাসপাতাল,"",90.3706233467942,22.7088498336126,BD10,BD1006,Barishal,within,FALSE
3733265506,node,মেডিনোভা,"",90.3723579816559,22.7033783786781,BD10,BD1006,Barishal,within,FALSE
444854449,way,3 No. West Illisa Comminuty Clinic,"",90.5920635685682,22.7244799456459,BD10,BD1009,Bhola,within,FALSE
2343344186,node,Bhola General Hospital,"",90.6551901330015,22.6763676957014,BD10,BD1009,Bhola,within,FALSE
2343344187,node,Burhanuddin Upazila Health Complex,"",90.7192272865139,22.4965289339718,BD10,BD1009,Bhola,within,FALSE
2343344188,node,Charfasson Upazila Health Complex,government,90.762889542154,22.1839999511396,BD10,BD1009,Bhola,within,FALSE
2682106391,node,Daulatkhan Health Complex,"",90.7463455931273,22.6046686444981,BD10,BD1009,Bhola,within,FALSE
1039829763,way,Khayehat Govt. Hospital,"",90.6757272590893,22.542864262353,BD10,BD1009,Bhola,within,FALSE
2343344194,node,Lalmohan Upazila Health Complex,"",90.7344689392446,22.3463170986563,BD10,BD1009,Bhola,within,FALSE
2343344195,node,Manpura Upazila Health Complex,"",90.9666386885145,22.2580013435066,BD10,BD1009,Bhola,within,FALSE
6019713825,node,Masque beside Khayer hat Hospital,"",90.6751119890071,22.54231223021,BD10,BD1009,Bhola,within,FALSE
1284674492,way,Mirzapur Community Clinic,"",90.1967082059427,22.6208500343031,BD10,BD1042,Jhalokati,within,FALSE
9692896257,node,Nalchithi Upazila Health Complex,"",90.2698803305424,22.6341366500281,BD10,BD1042,Jhalokati,within,FALSE
2343351888,node,Rajapur Upazila Health Complex,"",90.1333413909597,22.5689835299272,BD10,BD1042,Jhalokati,within,FALSE
835799588,way,ঝালকাঠি সদর হাসপাতাল,"",90.2063099417475,22.6438684167982,BD10,BD1042,Jhalokati,within,FALSE
621299474,way,"","",90.3445903296509,22.3548020992389,BD10,BD1078,Patuakhali,within,FALSE
5980803672,node,ACI Hospital,"",90.3343533430198,21.8842567234083,BD10,BD1078,Patuakhali,within,FALSE
5715698667,node,Bauphal Upazila Helath Complex,"",90.5615002368131,22.4146933958036,BD10,BD1078,Patuakhali,within,FALSE
5715611848,node,Dashmina Upazila Health Complex,"",90.5646545984344,22.2824474993883,BD10,BD1078,Patuakhali,within,FALSE
2343344191,node,Galachipa Upazila Health Complex,"",90.4194580748828,22.1659772667549,BD10,BD1078,Patuakhali,within,FALSE
511254802,way,Green View Hospital,"",90.3394620710946,22.3576937301052,BD10,BD1078,Patuakhali,within,FALSE
5975842917,node,Kajir Aola Health Complex,"",90.4256557379082,21.9646636499996,BD10,BD1078,Patuakhali,within,FALSE
2343347184,node,Kalapara Upazila Health Complex,"",90.21777632494,21.9877671926309,BD10,BD1078,Patuakhali,within,FALSE
367282248,way,Luthran Health Care,"",90.3850667160362,22.4586091621053,BD10,BD1078,Patuakhali,within,FALSE
2343347186,node,Mirzaganj Upazila Health Complex,"",90.2168277449579,22.3598626732799,BD10,BD1078,Patuakhali,within,FALSE
5922392742,node,Patuakhali General Hospital,"",90.3345062289337,22.3620186664142,BD10,BD1078,Patuakhali,within,FALSE
5723734480,node,Patuakhli Medical College Hospital,"",90.3271959520809,22.3634759440999,BD10,BD1078,Patuakhali,within,TRUE
5975842918,node,SEP Bangladesh Hospital,"",90.4434281386642,21.9796775664211,BD10,BD1078,Patuakhali,within,FALSE
511242371,way,বি এন এস বি চক্ষু হাসপাতাল,"",90.3465278110739,22.3550032230055,BD10,BD1078,Patuakhali,within,FALSE
2343347183,node,Bhandaria Upazila Health Complex,"",90.058786373888,22.4898149457108,BD10,BD1079,Pirojpur,within,FALSE
2343347185,node,Mathbaria Upazila Health Complex,"",89.9534842728621,22.2860999975152,BD10,BD1079,Pirojpur,within,FALSE
2343351884,node,Pirozpur General Hospital,"",89.9764491788149,22.5782999314855,BD10,BD1079,Pirojpur,within,FALSE
13922404510,node,নাজিরপুর সরকারী হাসপাতাল,"",89.9683235942405,22.7086822793682,BD10,BD1079,Pirojpur,within,FALSE
12535027048,node,"","",92.2263825767425,22.1891153428274,BD20,BD2003,Bandarban,within,FALSE
5340024222,node,"","",92.1707118198827,21.2046550315849,BD20,BD2003,Bandarban,within,FALSE
5342493667,node,"","",92.1712425619916,21.2045269561044,BD20,BD2003,Bandarban,within,FALSE
2831083551,node,Alikadam Upazila Health Complex,"",92.3119345669587,21.652360643277,BD20,BD2003,Bandarban,within,FALSE
258470389,way,Bandarban Sadar Hospital,"",92.2265425780381,22.1894231263119,BD20,BD2003,Bandarban,within,FALSE
11175164128,node,Dochhori Union Health Complex,"",92.2711805802626,21.4400905379694,BD20,BD2003,Bandarban,within,FALSE
4939109975,node,Kutupalong Hospital,"",92.1680480510541,21.213627439837,BD20,BD2003,Bandarban,within,FALSE
258476710,way,Rowangchhari Upazila Health Complex,"",92.3370692677754,22.1781072217515,BD20,BD2003,Bandarban,within,FALSE
9592063264,node,Ruma Health Complex,"",92.4081617490568,22.0478321622294,BD20,BD2003,Bandarban,within,FALSE
1231918450,way,Thanchi Upazila Health Complex,"",92.4385019219058,21.8235355765199,BD20,BD2003,Bandarban,within,FALSE
11425781538,node,Thanchi Upazila Health Complex,"",92.4383494247933,21.8238194296709,BD20,BD2003,Bandarban,within,FALSE
7466289937,node,"","",91.2337121913416,23.8191640857293,BD20,BD2012,Brahmanbaria,within,FALSE
4682641902,node,"","",91.0123000280616,24.0410538498521,BD20,BD2012,Brahmanbaria,within,FALSE
680036106,way,AFCCL HOSPITAL,"",90.9888808931649,24.0140660913806,BD20,BD2012,Brahmanbaria,within,FALSE
2333164527,node,Akhaura Upazila Health Complex,"",91.2032729746908,23.8645378421785,BD20,BD2012,Brahmanbaria,within,FALSE
7074302188,node,Ashuganj Upozila Hospital,"",91.0070996438757,24.0296205986473,BD20,BD2012,Brahmanbaria,within,FALSE
2333164528,node,Bancharampur Upazila Health Complex,"",90.8021662184158,23.7720762300811,BD20,BD2012,Brahmanbaria,within,FALSE
2333151683,node,Brahmanbaria General Hospital,"",91.1110049845568,23.9764610599783,BD20,BD2012,Brahmanbaria,within,FALSE
2405793400,node,Nabinagar Upazila Health Complex,"",90.9676657231104,23.8862863663428,BD20,BD2012,Brahmanbaria,within,FALSE
2332919089,node,Nasirnagar Upazila Health Complex,"",91.1962985606982,24.1940442860696,BD20,BD2012,Brahmanbaria,within,FALSE
4710195981,node,Sarail Upazila Health Complex,"",91.1182934684613,24.0711404398363,BD20,BD2012,Brahmanbaria,within,FALSE
6583188418,node,ghdgn,"",91.0961473906295,23.9596091598289,BD20,BD2012,Brahmanbaria,within,FALSE
14191327101,node,ব্রাহ্মণবাড়িয়া চক্ষু হাসপাতাল,"",91.109180495693,23.9738280527344,BD20,BD2012,Brahmanbaria,within,FALSE
6176376832,node,Chandpur Sadar Hospital,"",90.6531701781557,23.2233560284744,BD20,BD2013,Chandpur,within,FALSE
2343417351,node,Faridganj Upazila Health Complex,"",90.7418618616626,23.133374453888,BD20,BD2013,Chandpur,within,FALSE
2343417354,node,Haimchar Upazila Health Complex,"",90.6620769561059,23.0950907816953,BD20,BD2013,Chandpur,within,FALSE
14004178596,node,Hajiganj General Hospital & Digital Diagnostic Center,"",90.8444396765191,23.2503610955759,BD20,BD2013,Chandpur,within,FALSE
2382261918,node,Hajiganj Upazila Health Complex,"",90.8738415488331,23.2502562379672,BD20,BD2013,Chandpur,within,FALSE
2333164537,node,Kachua Upazila Health Complex,"",90.8894730438805,23.3410846362312,BD20,BD2013,Chandpur,within,FALSE
2382262625,node,Kachua Upazila Health Complex,"",90.8907655333498,23.3409068560649,BD20,BD2013,Chandpur,within,FALSE
2382259745,node,Matlab Upazila Health Complex,"",90.7040841211455,23.3478543641483,BD20,BD2013,Chandpur,within,FALSE
2382262545,node,Shahrasti Upazila Health Complex,"",90.9492876460312,23.2280199708573,BD20,BD2013,Chandpur,within,FALSE
4684480190,node,"","",91.8060305516859,22.401536070935,BD20,BD2015,Chattogram,within,FALSE
553907429,way,"","",91.7903974879917,22.6860951457914,BD20,BD2015,Chattogram,within,FALSE
541129375,way,"","",91.8995465439275,22.3562083311343,BD20,BD2015,Chattogram,within,FALSE
5826768588,node,"","",91.8073257233643,22.401549230523,BD20,BD2015,Chattogram,within,FALSE
5897044288,node,"","",91.7847484804332,22.2845151472632,BD20,BD2015,Chattogram,within,FALSE
11217361512,node,"","",91.7703872628118,22.3362774226731,BD20,BD2015,Chattogram,within,FALSE
4372209895,node,"","",91.8249134707933,22.3582561977176,BD20,BD2015,Chattogram,within,FALSE
544571544,way,"","",91.8860157590177,22.3528505826325,BD20,BD2015,Chattogram,within,FALSE
4634235837,node,"","",91.8070097256146,22.3227282438312,BD20,BD2015,Chattogram,within,FALSE
5105441222,node,"","",91.7881053488351,22.2841803740504,BD20,BD2015,Chattogram,within,FALSE
541103144,way,"","",91.9159854052539,22.3748682497077,BD20,BD2015,Chattogram,within,FALSE
1066410382,way,"","",91.8889466391756,22.2241040050636,BD20,BD2015,Chattogram,within,FALSE
6056491685,node,"","",91.8312668695797,22.3609438549702,BD20,BD2015,Chattogram,within,FALSE
11760023132,node,"AIG Hospitals Bangladesh, Enayet Bazar Rd, Chattogram","",91.82895379958,22.3406202543454,BD20,BD2015,Chattogram,within,FALSE
10171827184,node,Adhunagar Government Hospital,"",92.086614089867,21.9891375499808,BD20,BD2015,Chattogram,within,FALSE
2408686614,node,Agrabad Eye Hospital,"",91.8027233879698,22.3288888588447,BD20,BD2015,Chattogram,within,FALSE
11219276572,node,"Al Amin Hospital (Pvt.) Limited, Zakir Hossain Rd, Chattogram","",91.7840195901332,22.3627002827802,BD20,BD2015,Chattogram,within,FALSE
11545827656,node,"Al Nur Hospital, Chittagong - Khagrachhari Rd, Bibir Hat, Chattogram","",91.7906450654967,22.6878890407086,BD20,BD2015,Chattogram,within,FALSE
11187723390,node,"Alhajj Mostofa-Hakim Maternity Hospital, Mostafahakim maternity hospital, Mostafa Hakim Road, Chattogram","",91.7716072488187,22.3735849384223,BD20,BD2015,Chattogram,within,FALSE
11361987503,node,Alpha Hospital & Diagonstic Center,"",92.0496439457206,22.0762506696631,BD20,BD2015,Chattogram,within,FALSE
1066410394,way,Anwara Upazila Health Complex,"",91.8891004712283,22.2245857549485,BD20,BD2015,Chattogram,within,FALSE
2210381424,node,"Appolo Diagnostic Center , OS","",91.9086185924643,22.4412772722707,BD20,BD2015,Chattogram,within,FALSE
1225205884,way,Ash-Shefa Hospital Pvt Limited,"",92.0749652735754,22.1014654041563,BD20,BD2015,Chattogram,within,FALSE
11765160020,node,"Asian Specialized Hospital LTD, O.R. Nizam Rd, Chattogram","",91.8237918883296,22.3585708543628,BD20,BD2015,Chattogram,within,FALSE
13760191457,node,Asporia treatment healthcare,"",91.8298423651354,22.3620220191754,BD20,BD2015,Chattogram,within,FALSE
530156250,way,BGC Trust Medical College বিজিসি ট্রাস্ট মেডিকেল কলেজ,"",92.0195607308507,22.2462642902213,BD20,BD2015,Chattogram,within,TRUE
11147894495,node,"BHBA HOSPITAL, Bhatiari Station Road, Bhatiari, Chattogram","",91.7479455552551,22.4298228986699,BD20,BD2015,Chattogram,within,FALSE
11734830904,node,"BN DY SICK BAY Hospital, Dockyard Rd , Chattogram","",91.7899498704475,22.2862467646398,BD20,BD2015,Chattogram,within,FALSE
7260625103,node,BSBA,private,91.7478987842353,22.4298441887039,BD20,BD2015,Chattogram,within,FALSE
11147897816,node,"BSBA Hospital, Bhatiari Rail Station Rd, Chattogram","",91.7454503464993,22.4281456798448,BD20,BD2015,Chattogram,within,FALSE
11993717810,node,Bahaddar Hat Eye Hospital,"",91.8470763962504,22.3684293974184,BD20,BD2015,Chattogram,within,FALSE
2208720878,node,Banghabondhu Memorial Hospital,"",91.7976923182279,22.3615286603547,BD20,BD2015,Chattogram,within,FALSE
11774809597,node,"Bangkok Hospital Office Chattogram, Level 05, YAKUB TRADE CENTER, Chattogram","",91.8250510178243,22.3647268593295,BD20,BD2015,Chattogram,within,FALSE
2585719362,node,Bangladesh Diabetic Foot Saving Centre,"",91.8329766940081,22.3439670644636,BD20,BD2015,Chattogram,within,FALSE
11383102269,node,"Bangladesh Railway Hospital, Port Colony Rd, Chattogram","",91.7955130234028,22.3136426798863,BD20,BD2015,Chattogram,within,FALSE
11612832080,node,"Bara Uthan Union Health and Family Welfare Centre, Chittagong-Anwara-Banshkhali Rd, Chattogram","",91.8726641673443,22.2496871661108,BD20,BD2015,Chattogram,within,FALSE
11056148199,node,"Barabkund Union shasto O Poribarkollan kendro, Dhaka - Chittagong Hwy, Barabkunda, Chittagong","",91.680869375109,22.5744324375422,BD20,BD2015,Chattogram,within,FALSE
10961014028,node,"Baraiyarhat General Hospital,Dhaka-Chittagong Hwy, Baraiyarhat, Chittagong","",91.5332518226448,22.8926763695961,BD20,BD2015,Chattogram,within,FALSE
10961016897,node,"Bariarhat Eye Hospital, Old Dhaka-Chittagong Hwy, Baraiyarhat, Chittagong","",91.5341549727117,22.8941175540278,BD20,BD2015,Chattogram,within,FALSE
1848622267,node,Bell View Diagonistics,"",91.8240607797834,22.3593298356951,BD20,BD2015,Chattogram,within,FALSE
6533811093,node,Belle Vue Hospital ( under construction),"",91.8305029429245,22.3635278280806,BD20,BD2015,Chattogram,within,FALSE
2580474812,node,Bellevue Diagnostic Center,"",91.834014373621,22.3446544643428,BD20,BD2015,Chattogram,within,FALSE
11368079047,node,"Bumrungrad International Hospital Referral Office-Chattagram, Agrabad C/A, Chattogram","",91.8142572220126,22.3271064471349,BD20,BD2015,Chattogram,within,FALSE
11290754051,node,"CGD Railway Hospital Port, Port Colony Rd, Chattogram","",91.7917885247276,22.3167836304625,BD20,BD2015,Chattogram,within,FALSE
11158764172,node,"CMH Bhatiari, Bhatiari, Bhatiari Union, Chattogram","",91.7552281718274,22.4229133606078,BD20,BD2015,Chattogram,within,FALSE
11395436409,node,"CMH Chittagong Hospital, CEPZ, Chattogram","",91.7796066857504,22.2833912178666,BD20,BD2015,Chattogram,within,FALSE
212430510,way,CSCR,"",91.8276020021752,22.3599853424328,BD20,BD2015,Chattogram,within,FALSE
2216636912,node,CSCR storke unit,"",91.830525490244,22.3631376504878,BD20,BD2015,Chattogram,within,FALSE
6336673602,node,"Cantonment Board General Hospital, Tiger Rd, Chattogram","",91.8165061704531,22.4088861618279,BD20,BD2015,Chattogram,within,FALSE
9845671541,node,Centre Point Hospital (Pvt) Limited,"",91.8341367494073,22.3436572693223,BD20,BD2015,Chattogram,within,FALSE
1963093210,node,"Centre Point Hospital , OS","",91.8339689437058,22.3437811538512,BD20,BD2015,Chattogram,within,FALSE
11734810295,node,"Charu homeopathic, M. A Aziz Rd, Chattogram","",91.7849075689554,22.2855797327852,BD20,BD2015,Chattogram,within,FALSE
6134171853,node,"Chattogram Port Hospital, Port Colony Rd, Chattogram","",91.796205368605,22.3136295202983,BD20,BD2015,Chattogram,within,FALSE
2216658624,node,Checkup Diagnostic Centre,"",91.8289752572521,22.3614482779032,BD20,BD2015,Chattogram,within,FALSE
11774694349,node,"Chevron Specialized Hospital, O.R. Nizam Rd, Chattogram","",91.8301803234713,22.3634248983096,BD20,BD2015,Chattogram,within,FALSE
13760191458,node,Childcare hospital,"",91.8298758927481,22.3620753280796,BD20,BD2015,Chattogram,within,FALSE
11436487446,node,"Chittagong Diabetic General Hospital, Zakir Hossain Road, Khulsi, Chattogram","",91.8024664826375,22.3612727608507,BD20,BD2015,Chattogram,within,FALSE
11768081519,node,"Chittagong Health Point Hospital, O.R. Nizam Rd, Chattogram","",91.8265096366146,22.3595060232998,BD20,BD2015,Chattogram,within,FALSE
250921114,way,Chittagong Kidney Center,"",91.8020753201323,22.3613292548781,BD20,BD2015,Chattogram,within,FALSE
252855893,way,Chittagong Ma O Shishu Haspatal,"",91.806297569656,22.3226963087801,BD20,BD2015,Chattogram,within,FALSE
252855506,way,Chittagong Maa-O-Shishu Hospital,"",91.8062309763372,22.3227248072509,BD20,BD2015,Chattogram,within,FALSE
2209597822,node,Chittagong Medical College,"",91.8303822435188,22.360605058444,BD20,BD2015,Chattogram,within,TRUE
1329007641,node,Chittagong Medical College,"",91.8315437238416,22.3601024795297,BD20,BD2015,Chattogram,within,TRUE
842543448,node,Chittagong Medical College Hospital,"",91.8306569184858,22.3593345295609,BD20,BD2015,Chattogram,within,TRUE
1848616382,node,Chittagong Metropolitan Hospital,"",91.8234565283836,22.3589377302647,BD20,BD2015,Chattogram,within,FALSE
11382900428,node,"Chittagong Port Hospital Colony, Port Hospital, Chattogram","",91.7966020840821,22.3137599427117,BD20,BD2015,Chattogram,within,FALSE
2209597873,node,Chittagong Shishu Hospital,"",91.8312056816866,22.3610906220948,BD20,BD2015,Chattogram,within,FALSE
11777236737,node,"Chittagong Union Hospital Private Limited, Mirzapul Rd, Chattogram","",91.8332026701177,22.3679666325442,BD20,BD2015,Chattogram,within,FALSE
2208720882,node,Chittagong diabetic and general Hospital,"",91.8024560890775,22.3617824643827,BD20,BD2015,Chattogram,within,FALSE
11586111226,node,"Chottogram Daiabetic General Hospital, Oxyzen, Rangamati-Khagrachari Highway, Chattogram","",91.8210642493989,22.3948161315228,BD20,BD2015,Chattogram,within,FALSE
11393320918,node,"City Corporation Bandartila Matrisadan Hospital, Ward No 39, Chattogram","",91.7840474180517,22.2866633452275,BD20,BD2015,Chattogram,within,FALSE
11411562922,node,"City General Hospital and Diagnostic Center, Kazi Goli, Chattogram","",91.7860018264147,22.2763728827014,BD20,BD2015,Chattogram,within,FALSE
211027244,way,Cosmic diagnostic Center,"",91.9086674304801,22.4414993088857,BD20,BD2015,Chattogram,within,FALSE
13760191456,node,Cstc hospital,"",91.829780674328,22.3619761701651,BD20,BD2015,Chattogram,within,FALSE
11768108948,node,"DR. MD. SHAFIQUL ISLAM CHEMBER Hospital, O.R. Nizam Rd, Chattogram","",91.8259594484903,22.3590859223128,BD20,BD2015,Chattogram,within,FALSE
7432208299,node,Delta Health Care Chattogram Ltd,"",91.8341209914294,22.3646753944441,BD20,BD2015,Chattogram,within,FALSE
5175493391,node,Desh medical Services,"",91.8287312600507,22.3538961831439,BD20,BD2015,Chattogram,within,FALSE
11485025008,node,"Diabetic Hospital Oxygen Branch, Oxygen Mor, Hathazari Rd, Chattogram","",91.8202601734274,22.3948725417311,BD20,BD2015,Chattogram,within,FALSE
2216631278,node,Doctor's hospital(OS),"",91.8339335720744,22.3651893727466,BD20,BD2015,Chattogram,within,FALSE
11729756836,node,"Dr lalit kumar dutta house Hospital, Strand Road, Chattogram","",91.8311253830541,22.3307369846754,BD20,BD2015,Chattogram,within,FALSE
10536355176,node,"Dr. Dipnagkar Medcal Hall, Kumira, Chattogram","",91.6990029520727,22.5368595507385,BD20,BD2015,Chattogram,within,FALSE
2342005239,node,Ekushe Hospital,"",91.8334819551314,22.3661027487354,BD20,BD2015,Chattogram,within,FALSE
5031604362,node,"Ekushey Hospital,Mirzapul(OS)","",91.8334145646299,22.3660704784082,BD20,BD2015,Chattogram,within,FALSE
11994195184,node,Epic Health Care,"",91.8304573453713,22.3608949884747,BD20,BD2015,Chattogram,within,FALSE
11740194200,node,"Eye Hospital KIDS CORNER, Foys Lake Approach Rd, Chattogram","",91.7957446992065,22.3602637473467,BD20,BD2015,Chattogram,within,FALSE
5019275482,node,Eye infarmary and training complex,"",91.7959433503117,22.3604418627892,BD20,BD2015,Chattogram,within,FALSE
11572069949,node,"Fatehabad Clinic & Diagnostic Centre, Chittagong - Rangamati-Khagrachhari Rd, Chattogram","",91.8191129423401,22.4446239985698,BD20,BD2015,Chattogram,within,FALSE
11774809470,node,"Fortes Cardiac Hospital, Nizam Road, Panchlaish, Muradpur, Chattogram","",91.8301050539809,22.3635367967169,BD20,BD2015,Chattogram,within,FALSE
11524116604,node,"Gani Hospital Limited, Goni shopping complex, Sarkarhat, Chattogram","",91.7968634318231,22.5585727870905,BD20,BD2015,Chattogram,within,FALSE
1962572816,node,General Hospital,"",91.8381285469746,22.3412044729966,BD20,BD2015,Chattogram,within,FALSE
11568960176,node,"Green Health Hospital And Diagnostic Center, Hathazari, Rangamati-Khagrachhari Rd, Chattogram","",91.8147847789984,22.473949847022,BD20,BD2015,Chattogram,within,FALSE
11586184621,node,"Hathazari Digital Diagonstic Center ,Hathazari, Kacari Rd, Hathazari, Chattogram","",91.8106522492767,22.503227750988,BD20,BD2015,Chattogram,within,FALSE
6120473665,node,Hathazari Upazila Health Complex,"",91.8039860378638,22.5088810932215,BD20,BD2015,Chattogram,within,FALSE
11548869421,node,"Hazem Child Care Centre, Childrens hospital, Chittagong - Khagrachhari Rd, Chattogram","",91.7903947818679,22.6860748615857,BD20,BD2015,Chattogram,within,FALSE
2214704493,node,Health Home Private Clinic,"",91.8337378546353,22.3604531783585,BD20,BD2015,Chattogram,within,FALSE
2208720880,node,Holy Crescent Hospital,"",91.8093556526748,22.362018079681,BD20,BD2015,Chattogram,within,FALSE
2208595895,node,Holy Health Hospital,"",91.8304007675248,22.3618529561884,BD20,BD2015,Chattogram,within,FALSE
10978274717,node,Hope Mother & Child Hospital,"",91.5737917355338,22.7739785623754,BD20,BD2015,Chattogram,within,FALSE
10201212028,node,Hospital and Diagnostics মিঠাছড়া জেনারেল হাসপাতাল,"",91.5555515407618,22.8038052295422,BD20,BD2015,Chattogram,within,FALSE
11385027263,node,"ICDDR, B Tuberculosis Diagnosis and Treatment Centre, Shop-06, Shardar Plaza, Bandartila, Chattogram","",91.783733851054,22.2874898846995,BD20,BD2015,Chattogram,within,FALSE
2208720877,node,Imperial Hospital,"",91.7953143722976,22.3591807216377,BD20,BD2015,Chattogram,within,FALSE
11280711647,node,"Islami Bank Hospital, Sheikh Mujib Rd, Chattogram","",91.8119538750206,22.3224711708609,BD20,BD2015,Chattogram,within,FALSE
2211572833,node,"Jemison redcrescent maternity hospital,Anderkilla","",91.837450618646,22.3424372833153,BD20,BD2015,Chattogram,within,FALSE
2211572832,node,"Jemison redcrescent maternity hospital,Anderkilla","",91.8374507862841,22.3424372833153,BD20,BD2015,Chattogram,within,FALSE
11266008573,node,KR Dental Care,"",91.7919410753654,22.329010983174,BD20,BD2015,Chattogram,within,FALSE
11734402699,node,Karnaphuli EPZ Hospital,"",91.7915975849733,22.2603613521642,BD20,BD2015,Chattogram,within,FALSE
11734367599,node,"Karnaphuli EPZ Hospital, M. A Aziz Rd, Chattogram","",91.7880501959123,22.2717018995199,BD20,BD2015,Chattogram,within,FALSE
2580477465,node,Lab one diagnostic center,"",91.8335530336703,22.3446668695595,BD20,BD2015,Chattogram,within,FALSE
2208720876,node,Lions Charitable Eye Hospital,"",91.8160555593385,22.361220541594,BD20,BD2015,Chattogram,within,FALSE
11436618008,node,"Lios eye hospital gate, Zakir Hossain Rd, Chattogram","",91.816022618459,22.3616927780188,BD20,BD2015,Chattogram,within,FALSE
10175276615,node,Lohagara Diabetic General Hospital,"",92.0952603582666,22.0113016489044,BD20,BD2015,Chattogram,within,FALSE
11330662008,node,"MEDISAVE PATHOLOGY LAB Hospital, Dhaka Trunk Rd, Chattogram","",91.8038077547833,22.3426435619525,BD20,BD2015,Chattogram,within,FALSE
2571053072,node,Ma Moni Hospital,"",91.8349367182462,22.3596797801526,BD20,BD2015,Chattogram,within,FALSE
10177746981,node,Ma-Moni Hospital,"",92.1023006540182,22.0198628409868,BD20,BD2015,Chattogram,within,FALSE
11997576500,node,Ma-Moni Hospital,"",91.8329880933964,22.3595542192431,BD20,BD2015,Chattogram,within,FALSE
11118498436,node,Mamata Clinic,"",91.8162451579883,22.353410451855,BD20,BD2015,Chattogram,within,FALSE
514716815,way,Mamata Maternal Hospital,"",91.816212410734,22.3533863538833,BD20,BD2015,Chattogram,within,FALSE
2209597842,node,Marie Stopes Clinic,"",91.8265209521839,22.3591835714848,BD20,BD2015,Chattogram,within,FALSE
11505720398,node,"Maruf Work House Hospital, Medical Gate, Hathazari Pourosova, Chattogram","",91.8065201386502,22.508224874022,BD20,BD2015,Chattogram,within,FALSE
6055027885,node,Max Hospital,"",91.825338181827,22.3551429912409,BD20,BD2015,Chattogram,within,FALSE
5719903277,node,Medical Center,"",91.8005780398525,22.2675090200954,BD20,BD2015,Chattogram,within,FALSE
11734703670,node,"Medical Squadron, BAF ZHR, BAF Rd, Chattogram","",91.8144038214991,22.2618586953471,BD20,BD2015,Chattogram,within,FALSE
2209597818,node,Medical Square,"",91.8689779739667,22.3942638479227,BD20,BD2015,Chattogram,within,FALSE
11715812516,node,"Medicare Hospital, Bongobondhu Avenue, Oxygen - Kuwaish Rd, Chattogram","",91.8244641169641,22.3960243828653,BD20,BD2015,Chattogram,within,FALSE
4641633020,node,Memon-2,"",91.8334684602673,22.3331231448709,BD20,BD2015,Chattogram,within,FALSE
2339088931,node,Menon Hospital,"",91.8320130266002,22.3313996579404,BD20,BD2015,Chattogram,within,FALSE
2209597869,node,Metro diagnostic center,"",91.8254632398224,22.3583033878325,BD20,BD2015,Chattogram,within,FALSE
1848622264,node,Metropolitan Clinic,"",91.823758695993,22.3593392234267,BD20,BD2015,Chattogram,within,FALSE
11779809634,node,"Middle Bakalia Mother And Childwellfare Center., Sathish Babu Ln, Chattogram","",91.8532647553635,22.349496270711,BD20,BD2015,Chattogram,within,FALSE
11353414812,node,"Midpoint Hospital and Maternity Center Ltd., Midpoint Hospital, Pathantuli Rd, Chattogram","",91.8167759839163,22.3333896893918,BD20,BD2015,Chattogram,within,FALSE
2214704495,node,Mirror Hospital Limited.,"",91.8332579906786,22.3602061636719,BD20,BD2015,Chattogram,within,FALSE
10199013937,node,Mirsarai Sheba Adhunik Hospital,"",91.5701385668546,22.7790078719175,BD20,BD2015,Chattogram,within,FALSE
527709163,way,Mithachara General Hospital মিঠাছড়া জেনারেল হাসপাতাল,"",91.558358346768,22.8031619184736,BD20,BD2015,Chattogram,within,FALSE
2209597836,node,"Modern Diagnostic Center,OS","",91.8430812459218,22.3674083977928,BD20,BD2015,Chattogram,within,FALSE
2214704496,node,"Mohila O Sishu Hospital,OS","",91.8338828615602,22.3602834448192,BD20,BD2015,Chattogram,within,FALSE
5897044085,node,"Momota Clinic & Hospital, M. A Aziz Rd, Chattogram","",91.7837237927702,22.2832984301985,BD20,BD2015,Chattogram,within,FALSE
10963292533,node,Mostan Nagar Hospital,"",91.5469089603996,22.8406505671504,BD20,BD2015,Chattogram,within,FALSE
10970475800,node,Mostan Nagar Hospital,"",91.5469434938406,22.8409528185788,BD20,BD2015,Chattogram,within,FALSE
11266005071,node,"Mother And Child Care Hospital, Plot No 2 and 3, 2nd - 5th Floor M.K Plaza, Chattogram","",91.7922181810843,22.3291755199332,BD20,BD2015,Chattogram,within,FALSE
6134476643,node,Mother and Child Care Hospital,"",91.792021960731,22.3291159246017,BD20,BD2015,Chattogram,within,FALSE
11563559274,node,"Mother and Child Hospital, Hospital, Ramgor Road, Bus Stand, Hathazari, Pourasaba, Chattogram","",91.8072164233469,22.4985088233204,BD20,BD2015,Chattogram,within,FALSE
11148043362,node,"Muktijoddha Memorial Hospital, Bhatiary, Dhaka - Chittagong Hwy, Chattogram","",91.7479223373832,22.4237218789879,BD20,BD2015,Chattogram,within,FALSE
5153037006,node,Navy Hospital Gate নেভি হাসপাতালের গেট,"",91.7849172919631,22.2830265212596,BD20,BD2015,Chattogram,within,FALSE
2340250459,node,Nawabi,"",91.8114566605243,22.3277276299791,BD20,BD2015,Chattogram,within,FALSE
2828258270,node,Nazirhat Upazila Health Complex,"",91.7954381730074,22.6365842495738,BD20,BD2015,Chattogram,within,FALSE
2324541010,node,Niramoy Clinic,"",91.8346560921279,22.3624484904089,BD20,BD2015,Chattogram,within,FALSE
11158769791,node,"OPC Bhatiary,Hospital, Chattogram, Bhatiari, Chattogram","",91.7549893714059,22.4228265240909,BD20,BD2015,Chattogram,within,FALSE
11586158744,node,"One Diagnostic Centre, Chattogram-Hathazari Raujan Highway, Hathazari, Chattogram","",91.809165970206,22.5014698982545,BD20,BD2015,Chattogram,within,FALSE
2577035693,node,Orin Dental Care,"",91.852436874787,22.3602516774062,BD20,BD2015,Chattogram,within,FALSE
516032709,way,Parkview Hospital,"",91.8357771009636,22.3632130457069,BD20,BD2015,Chattogram,within,FALSE
11997576501,node,Patient Cure Hospital,"",91.833261678716,22.3598413832458,BD20,BD2015,Chattogram,within,FALSE
2412031667,node,Patiya Upazila Health Complex,"",91.9705668918868,22.2996375255117,BD20,BD2015,Chattogram,within,FALSE
5035017557,node,People's Hospital,"",91.8365025415781,22.3596953704925,BD20,BD2015,Chattogram,within,FALSE
2210381459,node,"Pioneer hospital And diagnostic center Ltd. , OS","",91.9079268339954,22.4413764301852,BD20,BD2015,Chattogram,within,FALSE
2210227362,node,Pioneer hospital and diagnostic center Ltd.,"",91.9079264987192,22.4413748376236,BD20,BD2015,Chattogram,within,FALSE
9855627399,node,Police Line Hospital,private,91.8197570915989,22.3523649770721,BD20,BD2015,Chattogram,within,FALSE
2333045235,node,Police Lines Hospital,private,91.8202100496464,22.3524868499443,BD20,BD2015,Chattogram,within,FALSE
11389682964,node,Pomra Family Planning center,"",92.0073930349368,22.4627317592717,BD20,BD2015,Chattogram,within,FALSE
2209597865,node,Popular Diagnostic Center,"",91.8317714601508,22.3609103273575,BD20,BD2015,Chattogram,within,FALSE
11542269489,node,"Popular Diagnostic Centre, Hospital, Chittagong - Khagrachhari Rd, Bibir Hat, Chattogram","",91.7897533986371,22.688354990706,BD20,BD2015,Chattogram,within,FALSE
9601138199,node,Premier Hospital,"",91.8277581210923,22.3600100271377,BD20,BD2015,Chattogram,within,FALSE
250943035,way,Premiere Hospital & Sheba Diagnostic,"",91.8277404622061,22.3600222647163,BD20,BD2015,Chattogram,within,FALSE
11383026889,node,"Radiology unit port hospital, Port Hospital, Port Colony Rd, Chattogram","",91.7957482196059,22.3142903495445,BD20,BD2015,Chattogram,within,FALSE
11760043229,node,"Railway Bokkho Badhy Hospital, Bangladesh Railway Hospital, C.R.B. Rd, Chattogram","",91.8232183985145,22.3421529691597,BD20,BD2015,Chattogram,within,FALSE
11254347225,node,"Royal Community Eye Hospital & Phaco Centre., Rd No 5, Chattogram","",91.7889966804186,22.3291789565135,BD20,BD2015,Chattogram,within,FALSE
1848622265,node,Royal Hospital,"",91.8242979876432,22.3593153350026,BD20,BD2015,Chattogram,within,FALSE
11436616576,node,"SAHIC Sub-Center and Integrated Pre-School for Hearing Impaired Children,Zakir Hossain Rd,Chattogram","",91.8019703577886,22.3612459387606,BD20,BD2015,Chattogram,within,FALSE
11993741635,node,Safe Ideal Health Care ltd,"",91.8495851836893,22.3653686616555,BD20,BD2015,Chattogram,within,FALSE
9811246432,node,Safe Maternity Hospital,"",91.8491599697413,22.3691272746766,BD20,BD2015,Chattogram,within,FALSE
3795800904,node,Sah Somie nagoi community clinic,"",91.8521736830274,22.3184272378558,BD20,BD2015,Chattogram,within,FALSE
11361987509,node,Satkania Upazila Health Complex,"",92.0543240651766,22.0848886399786,BD20,BD2015,Chattogram,within,FALSE
11768109961,node,"Saul Heart Center, Heart hospital, O.R. Nizam Rd, Chattogram","",91.8261973269023,22.3591963957966,BD20,BD2015,Chattogram,within,FALSE
2580458163,node,Sensive Diagnostics Center,"",91.8339181493726,22.3461642965615,BD20,BD2015,Chattogram,within,FALSE
11475745396,node,"Shajinaz Hospital Limited, Arefin Nagar, Bayezid Link Road, Bayazid Bostami Rd, Chattogram","",91.8065471283784,22.3862626507913,BD20,BD2015,Chattogram,within,FALSE
10203138778,node,Sitakund General Hospital,"",91.6603574331198,22.6168194704336,BD20,BD2015,Chattogram,within,FALSE
10156171339,node,Sitakund Upazila Health Complex,"",91.6646558407053,22.6095162343794,BD20,BD2015,Chattogram,within,FALSE
11779816370,node,"Smiling Sun Clinic (Patiya Rural), Chittagong-Coxs Bazar Hwy, Chattogram","",91.8644180510023,22.3003332234751,BD20,BD2015,Chattogram,within,FALSE
11270919362,node,"South Point Hospital, Agrabad Access Rd, Westseite der Zila-Polizeilinie, Chotopool, Chattogram","",91.7939881875775,22.3297886561504,BD20,BD2015,Chattogram,within,FALSE
1321637745,way,Southern Medical College Hospital,"",91.8040782276911,22.3731948446486,BD20,BD2015,Chattogram,within,TRUE
11247450210,node,Surgicare Hospital Ltd.,"",91.7918280873106,22.36009552255,BD20,BD2015,Chattogram,within,FALSE
2216627192,node,Surgiscope Hospital unit 2,"",91.8374697293853,22.3597998928251,BD20,BD2015,Chattogram,within,FALSE
2214704498,node,Surgiscope hospital unit 1 OS,"",91.8334487627948,22.360462649909,BD20,BD2015,Chattogram,within,FALSE
2208720875,node,Surjer Hasi Clinic,"",91.8136015895464,22.3614314302778,BD20,BD2015,Chattogram,within,FALSE
251106002,way,TB Hospital,"",91.7564724844387,22.3920344712261,BD20,BD2015,Chattogram,within,FALSE
11612657104,node,"The Lab-Aid Diagnosis Centre, Anowara, Chittagong-Anwara-Banshkhali Rd, Chattogram","",91.8723448168335,22.2338491409693,BD20,BD2015,Chattogram,within,FALSE
2446029248,node,The fair lab,"",91.8661392748189,22.4179163213929,BD20,BD2015,Chattogram,within,FALSE
11994128019,node,Treatment Eye Hospital,"",91.8305137555796,22.3610450245415,BD20,BD2015,Chattogram,within,FALSE
2208594272,node,Treatment Hospital,"",91.8297432910399,22.3618982184656,BD20,BD2015,Chattogram,within,FALSE
11113336792,node,"Tulatoly Eye Care, Tulatoli Road, Chattogram","",91.7546275246459,22.4096591409386,BD20,BD2015,Chattogram,within,FALSE
5659936057,node,Turna Medical Hall,"",91.8192664988062,22.24261736606,BD20,BD2015,Chattogram,within,FALSE
2208720892,node,USTC Medical College Hospital,"",91.7981770436884,22.3617210250325,BD20,BD2015,Chattogram,within,TRUE
2210381444,node,Ultra Assay Center,"",91.9659779675374,22.4589348409531,BD20,BD2015,Chattogram,within,FALSE
10181665026,node,Wahedpur Union Healthcare Center,"",91.610861540509,22.7066108596369,BD20,BD2015,Chattogram,within,FALSE
11774810745,node,"Yashoda Hospitals Information Center Chittagong, Sugandha Residential Area, Chattogram","",91.8315010599544,22.3643223486824,BD20,BD2015,Chattogram,within,FALSE
11765182850,node,"Yashoda Hospitals Medical Information Centre, Yasmeen Palace, Jubilee Rd, Chattogram","",91.828539063011,22.3393227357341,BD20,BD2015,Chattogram,within,FALSE
2209597857,node,labaid diagnostic center,"",91.825142464388,22.3588272567808,BD20,BD2015,Chattogram,within,FALSE
10169372155,node,popular diagonstic center,"",92.0653344493662,21.9732493172393,BD20,BD2015,Chattogram,within,FALSE
4635158151,node,চট্টগ্রাম বন্দর হাসপাতাল,"",91.7964791215626,22.3134447831524,BD20,BD2015,Chattogram,within,FALSE
10963285677,node,মস্তাননগর স্বাস্থ্য কমপ্লেক্স,"",91.5468365407562,22.8407642257574,BD20,BD2015,Chattogram,within,FALSE
2209597874,node,লাইফ সেভ ব্লাড ব্যাংক,"",91.8282625440252,22.3603934992078,BD20,BD2015,Chattogram,within,FALSE
10047119749,node,"","",91.0562880882781,23.1624116295949,BD20,BD2019,Cumilla,within,FALSE
6157980346,node,Bagmara Hospital,"",91.14363757763,23.3385321790768,BD20,BD2019,Cumilla,within,FALSE
2382262817,node,Barura Upazila Health Complex,"",91.0589788468349,23.3765250830485,BD20,BD2019,Cumilla,within,FALSE
10260401001,node,Batisa Union Health and Family Welfare Centre,"",91.3128819490244,23.1977994380603,BD20,BD2019,Cumilla,within,FALSE
10241429256,node,Bhazonkora Community Health Center,"",91.3417170370458,23.099331773244,BD20,BD2019,Cumilla,within,FALSE
2333164530,node,Brahmanpara Upazila Health Complex,"",91.0941091632347,23.613762028063,BD20,BD2019,Cumilla,within,FALSE
2333164531,node,Burichang Upazila Health Complex,"",91.1271727537691,23.5572320423089,BD20,BD2019,Cumilla,within,FALSE
2492654592,node,CD PATH,"",91.1793855564747,23.4619903205669,BD20,BD2019,Cumilla,within,FALSE
2815348434,node,Chandina General Hospital,"",91.0067377971157,23.485956947768,BD20,BD2019,Cumilla,within,FALSE
2333164532,node,Chandina Upazila Health Complex,"",90.997132638993,23.4875326617456,BD20,BD2019,Cumilla,within,FALSE
10266597779,node,Chauddagram Medinova Diagnostic Centre,"",91.313575383874,23.2303923847315,BD20,BD2019,Cumilla,within,FALSE
10294741822,node,"City health Centre, komolapur, comilla","",91.2285151599169,23.387431866915,BD20,BD2019,Cumilla,within,FALSE
2333164533,node,Comilla General Hospital,"",91.1816814435729,23.455350344511,BD20,BD2019,Cumilla,within,FALSE
6120545702,node,Comilla General Hospital,"",91.1809714963741,23.4555422900936,BD20,BD2019,Cumilla,within,FALSE
2333164534,node,Comilla Medical College Hospital,"",91.2022663919387,23.451597431184,BD20,BD2019,Cumilla,within,TRUE
6180203268,node,Comilla Meghna General Hospital কুমিল্লা মেঘনা জেনারেল হাসপাতালে,"",91.1751602390849,23.46511509407,BD20,BD2019,Cumilla,within,FALSE
4365113104,node,DOYAMOY PHARMACY,"",91.0027707261627,23.7441572840766,BD20,BD2019,Cumilla,within,FALSE
2382257863,node,Daudkandi Upazila Health Complex,"",90.783070818063,23.5295845861481,BD20,BD2019,Cumilla,within,FALSE
2333164535,node,Debidwar Upazila Health Complex,"",90.987241238877,23.6041874638869,BD20,BD2019,Cumilla,within,FALSE
3889036052,node,Eastern Medical College & Hospital,"",91.073136048933,23.4789691227304,BD20,BD2019,Cumilla,within,TRUE
8117999632,node,Fair Hospital,"",91.0627068659094,23.3746982472518,BD20,BD2019,Cumilla,within,FALSE
10268879481,node,Family Welfare Center. Wazirpur Union,"",91.3086349225055,23.2440314175754,BD20,BD2019,Cumilla,within,FALSE
10241366020,node,Gangra Community Clinic,"",91.3349785736276,23.111108850117,BD20,BD2019,Cumilla,within,FALSE
8117989472,node,Gausia Medical Center,"",90.9823765499131,23.3447743500082,BD20,BD2019,Cumilla,within,FALSE
12196648723,node,Gomoti Hospital,"",91.1779088327736,23.4592155753404,BD20,BD2019,Cumilla,within,FALSE
2333164536,node,Homna Upazila Health Complex,"",90.7823231522999,23.6815144601571,BD20,BD2019,Cumilla,within,FALSE
252543158,way,Kamolpur Community Clinic,"",91.2667013716099,23.3784455027941,BD20,BD2019,Cumilla,within,FALSE
5348955670,node,LMRF Hospital,"",91.1993927402547,23.450717750446,BD20,BD2019,Cumilla,within,FALSE
660867780,way,Laksham Upazila Health Complex,"",91.117509939204,23.23399366943,BD20,BD2019,Cumilla,within,FALSE
2382263483,node,Laksham Upazila Health Complex,"",91.1177263488926,23.2339428750967,BD20,BD2019,Cumilla,within,FALSE
548308782,way,Madrasha Building,"",91.2491791496296,23.4432229879043,BD20,BD2019,Cumilla,within,FALSE
495144644,way,Maynamoti Cantonment General Hospital,"",91.1168357094639,23.4822030286128,BD20,BD2019,Cumilla,within,FALSE
10278399141,node,Meah Bazar Medical Cente,"",91.2699758248695,23.3366076941082,BD20,BD2019,Cumilla,within,FALSE
6180167165,node,Medicare General Hospit,"",91.1754016378963,23.4650339572473,BD20,BD2019,Cumilla,within,FALSE
2509564908,node,Midland Hospital,"",91.1806022735394,23.4585047899513,BD20,BD2019,Cumilla,within,FALSE
262527490,way,Moinamoti medical college & hospital,"",91.1764505422745,23.4642638279837,BD20,BD2019,Cumilla,within,TRUE
957593891,way,Monohorgonj Upazila Health Complex,government,91.0581343453131,23.1533520914594,BD20,BD2019,Cumilla,within,FALSE
9610301355,node,Monohorgonj Upazila Health Complex,government,91.0581441769169,23.1537677919473,BD20,BD2019,Cumilla,within,FALSE
2333164538,node,Muradnagar Upazila Health Complex,"",90.9315644470469,23.6403548731664,BD20,BD2019,Cumilla,within,FALSE
10305045054,node,Nargis-Nasrin-Delowara Future Hospital,"",91.1453605616463,23.4508698819886,BD20,BD2019,Cumilla,within,FALSE
5216272719,node,New hospital,"",91.1870836639873,23.4500890238889,BD20,BD2019,Cumilla,within,FALSE
4365113694,node,SRI KISNA PHARMACY,"",91.0029586484318,23.7440832718715,BD20,BD2019,Cumilla,within,FALSE
10278372098,node,The Apollo Hospital Consultancy & Diagnostic Center.,"",91.2714190209579,23.3347760806267,BD20,BD2019,Cumilla,within,FALSE
10262777719,node,Upazila Animal Resources Department and Veterinary Hospital,"",91.3128154805323,23.2215643966711,BD20,BD2019,Cumilla,within,FALSE
4365087444,node,pharmacy,"",90.992737755702,23.7425941429538,BD20,BD2019,Cumilla,within,FALSE
10286789528,node,vatpara Hospital,"",91.2493841709812,23.3689658636715,BD20,BD2019,Cumilla,within,FALSE
1355134420,way,কুমিল্লা মেডিকেল কলেজ হাসপাতাল,"",91.2024900345297,23.4521944,BD20,BD2019,Cumilla,within,FALSE
12247544795,node,নগর স্বাস্থ্য কেন্দ্র ৩,"",91.1760766325589,23.4804626940569,BD20,BD2019,Cumilla,within,FALSE
2382265286,node,নাঙলকোট উপজেলা স্বাস্থ্য কমপ্লেক্স,"",91.1989326575895,23.17157942001,BD20,BD2019,Cumilla,within,FALSE
12541281035,node,ময়নামতি মেডিকেল কলেজ ও হাসপাতাল,"",91.2052387824421,23.4556453875026,BD20,BD2019,Cumilla,within,FALSE
1355134416,way,ময়নামতি মেডিকেল কলেজ ও হাসপাতাল,"",91.2048393808383,23.45491615,BD20,BD2019,Cumilla,within,FALSE
795823948,way,মুরাদনগর উপজেলা স্বাস্থ্য কমপ্লেক্সে,government,90.9316412685997,23.6401013205954,BD20,BD2019,Cumilla,within,FALSE
682677861,way,"","",92.195479802572,21.0851716304892,BD20,BD2022,Cox's Bazar,within,FALSE
540061901,node,"","",92.0832258731472,21.3247503535218,BD20,BD2022,Cox's Bazar,within,FALSE
5121614522,node,"","",92.0999763522682,21.4449117248557,BD20,BD2022,Cox's Bazar,within,FALSE
6842512785,node,"","",92.1476645198216,21.2061597508426,BD20,BD2022,Cox's Bazar,within,FALSE
6842502686,node,"","",92.1566836990934,21.2133467298997,BD20,BD2022,Cox's Bazar,within,FALSE
5340279422,node,"","",92.153806359372,21.1988085703024,BD20,BD2022,Cox's Bazar,within,FALSE
6861843185,node,"","",92.1413871448969,21.1792342280022,BD20,BD2022,Cox's Bazar,within,FALSE
4310966038,node,"","",92.3208549235921,20.6317760895564,BD20,BD2022,Cox's Bazar,within,FALSE
6842445585,node,"","",92.1651046619357,21.2100524743145,BD20,BD2022,Cox's Bazar,within,FALSE
5121901801,node,"","",92.297411327149,20.8757070739023,BD20,BD2022,Cox's Bazar,within,FALSE
6846852285,node,"","",92.1521322418512,21.2158256777633,BD20,BD2022,Cox's Bazar,within,FALSE
5340054621,node,"","",92.1557261504749,21.1771136903184,BD20,BD2022,Cox's Bazar,within,FALSE
6846852386,node,"","",92.1615657385968,21.2194414631543,BD20,BD2022,Cox's Bazar,within,FALSE
6842502685,node,"","",92.1450814687207,21.2087128785493,BD20,BD2022,Cox's Bazar,within,FALSE
5703630421,node,"","",92.1585120436326,21.2374429413239,BD20,BD2022,Cox's Bazar,within,FALSE
12211453694,node,"","",92.1455847181872,21.1610222802439,BD20,BD2022,Cox's Bazar,within,FALSE
6842499685,node,"","",92.1461619798587,21.2151148923742,BD20,BD2022,Cox's Bazar,within,FALSE
11246145299,node,Al Raji Chokkho and Doctors Chamber,"",92.0760710805983,21.7611108916305,BD20,BD2022,Cox's Bazar,within,FALSE
11246216706,node,Asian Hospital (Pvt) Ltd,"",92.0767743222746,21.7597745648075,BD20,BD2022,Cox's Bazar,within,FALSE
10169373237,node,Aziznagar general hospital,"",92.06064309816,21.9031656264155,BD20,BD2022,Cox's Bazar,within,FALSE
5637344847,node,Balukhali MSF hospital,"",92.162662342989,21.1902350568223,BD20,BD2022,Cox's Bazar,within,FALSE
5443097937,node,CWW OTP Center,"",92.1535748512064,21.1820037764488,BD20,BD2022,Cox's Bazar,within,FALSE
1801791952,node,Central Hospital Cox's Bazar,"",91.9770313508903,21.4423115746723,BD20,BD2022,Cox's Bazar,within,FALSE
529392729,way,Central hospital chakaria,"",92.0763905352558,21.7595917554993,BD20,BD2022,Cox's Bazar,within,FALSE
10310416931,node,Chakaria DIGITAL Hospital pvt ltd,"",92.073899161848,21.7633224567828,BD20,BD2022,Cox's Bazar,within,FALSE
10315954847,node,Chakaria Unique Hospital,"",92.0762489445836,21.7670624619788,BD20,BD2022,Cox's Bazar,within,FALSE
1132394635,way,Chakaria Unique Hospital,"",92.0762802689305,21.7670835424653,BD20,BD2022,Cox's Bazar,within,FALSE
2412065020,node,Chakaria Upazila Health Complex,"",92.0748609852371,21.7619197452867,BD20,BD2022,Cox's Bazar,within,FALSE
1802427248,node,Chevron Clinical Laboratory,"",91.9762977667246,21.4414700315936,BD20,BD2022,Cox's Bazar,within,FALSE
1801803164,node,Chevron Hospital,"",91.9768441829925,21.4412852944477,BD20,BD2022,Cox's Bazar,within,FALSE
2831102978,node,Christian Memorial Hospital,"",92.0772638254199,21.681722869189,BD20,BD2022,Cox's Bazar,within,FALSE
1801776695,node,Community Eye Hospital,"",91.9772679720169,21.4436296289463,BD20,BD2022,Cox's Bazar,within,FALSE
3872451348,node,Cox's Bazar Medical College Hospital,"",92.0154213894344,21.4239317373934,BD20,BD2022,Cox's Bazar,within,TRUE
531404249,way,Cox's Bazar Sadar Hospital,"",91.9768903268646,21.4408041732055,BD20,BD2022,Cox's Bazar,within,FALSE
1801801222,node,Dental Care,"",91.9767395768409,21.4423020193026,BD20,BD2022,Cox's Bazar,within,FALSE
1801796034,node,Dental Care,"",91.9769885193651,21.4423626204626,BD20,BD2022,Cox's Bazar,within,FALSE
1802420571,node,Digital Hospital,"",91.976908975104,21.4414403596564,BD20,BD2022,Cox's Bazar,within,FALSE
10155892678,node,Digital Hospital Coxbazar pvt ltd ডিজিটাল হাসপাতাল,"",92.0785144891924,21.8701374913316,BD20,BD2022,Cox's Bazar,within,FALSE
531394127,way,Fouad Al-Khateeb Hospital,"",91.976003767558,21.4417530046448,BD20,BD2022,Cox's Bazar,within,FALSE
4776615612,node,Harbang Helth Subcenter,"",92.056234971462,21.846520892407,BD20,BD2022,Cox's Bazar,within,FALSE
2831134999,node,Inani Health Sub Center,"",92.0491454739388,21.2361111407287,BD20,BD2022,Cox's Bazar,within,FALSE
1802422899,node,Jela Sadar Hospital,"",91.9769159320837,21.4415556946441,BD20,BD2022,Cox's Bazar,within,FALSE
587190563,way,MSF-F IPD - Hospital on the hill,"",92.14939895,21.1944896,BD20,BD2022,Cox's Bazar,within,FALSE
586021055,way,Ma-O-Shishu Hospital,"",92.0355826460944,21.415822246073,BD20,BD2022,Cox's Bazar,within,FALSE
11246217666,node,Mah-Shishu and General Hospital,"",92.0763387985857,21.7615042543464,BD20,BD2022,Cox's Bazar,within,FALSE
531407400,way,National Hospital,"",91.9768312748616,21.4426986090513,BD20,BD2022,Cox's Bazar,within,FALSE
10539974079,node,"Ottar Lakkharchar Union Parishad Community Hospital, Chakaria Upazila, Chittagong Division","",92.0804664668034,21.7795350691771,BD20,BD2022,Cox's Bazar,within,FALSE
1802430846,node,Seaside Hospital,"",91.9761225849483,21.4416510807022,BD20,BD2022,Cox's Bazar,within,FALSE
1376927984,way,"","",91.3988203,23.0129259,BD20,BD2030,Feni,within,FALSE
13668720363,node,Al Chemi Hospital,"",91.3935540790321,23.0086547521513,BD20,BD2030,Feni,within,FALSE
10236595613,node,Bokho Bidhi Clinic,"",91.3772860622578,23.0101348286137,BD20,BD2030,Feni,within,FALSE
2333176629,node,Chagalnaiya Upazila Health Complex,"",91.5166758547479,23.0382597179792,BD20,BD2030,Feni,within,FALSE
2813443337,node,Feni Diabetic Hospital,"",91.397573788337,23.0129350548259,BD20,BD2030,Feni,within,FALSE
2333176631,node,Feni General Hospital,"",91.4053963671118,23.0300436926695,BD20,BD2030,Feni,within,FALSE
972289231,way,Feni diabetic hospital,"",91.3976873958238,23.01290295,BD20,BD2030,Feni,within,FALSE
972288122,way,Feni general hospital,"",91.4058805094606,23.0299812055813,BD20,BD2030,Feni,within,FALSE
972300624,way,National Heart foundation Feni,"",91.3986665186231,23.01286425,BD20,BD2030,Feni,within,FALSE
1376927983,way,National Heart foundation Feni,"",91.3989396,23.01292315,BD20,BD2030,Feni,within,FALSE
13668683753,node,New Upasham General Hospital Ltd.,"",91.3844386755119,23.0094796990616,BD20,BD2030,Feni,within,FALSE
2333176632,node,Parshuram Upazila Health Complex,"",91.4447133603278,23.2107103349756,BD20,BD2030,Feni,within,FALSE
1065856280,way,Sonagazi Upazila Health Complex,"",91.3965955418174,22.8504650213953,BD20,BD2030,Feni,within,FALSE
5580233204,node,জাতীয় হাসপাতাল,"",91.3044742295891,22.938316083833,BD20,BD2030,Feni,within,FALSE
2334074205,node,দাগনভূঁইয়া উপজেলা স্বাস্থ্য কমপ্লেক্স,"",91.310437786059,22.9383619328434,BD20,BD2030,Feni,within,FALSE
2382267549,node,Dighinala Upazila Health Complex,"",92.0658015728301,23.2495548403097,BD20,BD2046,Khagrachhari,within,FALSE
2382266618,node,Khagrachari General Hospital,"",91.9927820366008,23.1080102281518,BD20,BD2046,Khagrachhari,within,FALSE
2828406228,node,Manikchari Upazila Health Complex,"",91.8411781348063,22.8501898435141,BD20,BD2046,Khagrachhari,within,FALSE
2382266322,node,Matiranga Upazila Health Complex,"",91.875399349988,23.0395168358171,BD20,BD2046,Khagrachhari,within,FALSE
2382267550,node,Panchari Upazila Health Complex,"",91.8999106332573,23.2972125815546,BD20,BD2046,Khagrachhari,within,FALSE
4312345867,node,"","",90.8607435678391,23.1080432528503,BD20,BD2051,Lakshmipur,within,FALSE
9692137608,node,Janasheba General Hospital,"",90.7654156801325,23.0321031262792,BD20,BD2051,Lakshmipur,within,FALSE
2343344193,node,Lakshmipur Upazila Health Complex,"",90.8326513678959,22.9344194208667,BD20,BD2051,Lakshmipur,within,FALSE
4964197106,node,Nobi Nagar General Hospital,"",90.9414340542147,22.9011618730929,BD20,BD2051,Lakshmipur,within,FALSE
9692137607,node,Raipur Modern Hospital,"",90.7657900997472,23.0323857640542,BD20,BD2051,Lakshmipur,within,FALSE
2343395429,node,Raipur Upazila Health Complex,"",90.7652992554974,23.0318732944942,BD20,BD2051,Lakshmipur,within,FALSE
4316679406,node,Ramgonj Adunik Hospital,"",90.8601958942857,23.1030896318937,BD20,BD2051,Lakshmipur,within,FALSE
13056480460,node,তেওয়ারীগঞ্জ হাসপাতাল,"",90.8907322571942,22.875318118676,BD20,BD2051,Lakshmipur,within,FALSE
421053087,way,"","",91.1928478415304,22.8922250041102,BD20,BD2075,Noakhali,within,FALSE
2343341315,node,Begumganj Upazila Health Complex,"",91.0952914306774,23.0025371363011,BD20,BD2075,Noakhali,within,FALSE
10183614709,node,Begumganj Upazila Health Complex,public,91.11085494849,22.9443847493687,BD20,BD2075,Noakhali,within,FALSE
2343344189,node,Chatkhil Upazila Health Complex,"",90.9693019544289,23.0601568532867,BD20,BD2075,Noakhali,within,FALSE
4315672008,node,Good Heal,"",91.0899082371832,22.872079938023,BD20,BD2075,Noakhali,within,FALSE
604872659,way,Maa O Shishu Hospital Pvt.,"",91.0895045229231,22.8714663827107,BD20,BD2075,Noakhali,within,FALSE
8813733736,node,Maa O Shishu Hospital Pvt.,"",91.0894674328953,22.8715570749031,BD20,BD2075,Noakhali,within,FALSE
6658506641,node,Monu Miya Hospital,"",91.1505678189928,23.0247587350805,BD20,BD2075,Noakhali,within,FALSE
8813723871,node,Popular Diagnostic center,private,91.0971361199278,22.8754339565779,BD20,BD2075,Noakhali,within,FALSE
4348318005,node,Prime Hospital,"",91.0917099272704,22.8718281456517,BD20,BD2075,Noakhali,within,FALSE
2334074206,node,Senbagh Upazila Health Complex,"",91.232752044333,22.9956181266884,BD20,BD2075,Noakhali,within,FALSE
2343344192,node,হাতিয়া উপজেলা স্বাস্থ্য কমপ্লেক্স,"",91.141606558672,22.2881155937714,BD20,BD2075,Noakhali,within,FALSE
7461803432,node,BRAC TB Diagnostic Center Rangamati,"",92.1733985551259,22.6577766344626,BD20,BD2084,Rangamati,within,FALSE
173331025,way,Rangamati Govt: Hospital,"",92.1692527418297,22.657829314724,BD20,BD2084,Rangamati,within,FALSE
12153811061,node,উগলছড়ি হেলথ কমপ্লেক্স,"",92.2212185700163,23.1390074280968,BD20,BD2084,Rangamati,within,FALSE
12153537948,node,বাঘাইছড়ি উপজেলা স্বাস্থ্য কমপ্লেক্স,"",92.1880335257049,23.1634293602783,BD20,BD2084,Rangamati,within,FALSE
7389677452,node,লগ গেইট সরকারি হাসপাতাল,"",92.2095286649363,22.5028238270741,BD20,BD2084,Rangamati,within,FALSE
4532130990,node,"","",90.368031662333,23.8276493377689,BD30,BD3026,Dhaka,within,FALSE
4678674890,node,"","",90.381316978863,23.7523136302357,BD30,BD3026,Dhaka,within,FALSE
5685674279,node,"","",90.3790001370068,23.8293525404938,BD30,BD3026,Dhaka,within,FALSE
7539436885,node,"","",90.4191118184626,23.7023916854865,BD30,BD3026,Dhaka,within,FALSE
5299015622,node,"","",90.3950204685423,23.7403506427503,BD30,BD3026,Dhaka,within,FALSE
14219792419,node,"","",90.4244888931675,23.7215394727341,BD30,BD3026,Dhaka,within,FALSE
4976689771,node,"","",90.3548319250343,23.7713554702272,BD30,BD3026,Dhaka,within,FALSE
5298993124,node,"","",90.3949574366304,23.740357851187,BD30,BD3026,Dhaka,within,FALSE
9838027497,node,"","",90.4364974782061,23.7491438459126,BD30,BD3026,Dhaka,within,FALSE
3734289774,node,"","",90.4285858836197,23.7374289627611,BD30,BD3026,Dhaka,within,FALSE
490365836,way,"","",90.115914874488,23.6187129668105,BD30,BD3026,Dhaka,within,FALSE
8508787317,node,"","",90.4247476425185,23.7103833272483,BD30,BD3026,Dhaka,within,FALSE
1271733441,node,"","",90.4143859338154,23.7059819898918,BD30,BD3026,Dhaka,within,FALSE
1214509196,way,"","",90.4027476234559,23.7464736649281,BD30,BD3026,Dhaka,within,FALSE
11097917006,node,"","",90.4785128575108,23.7409806265929,BD30,BD3026,Dhaka,within,FALSE
5298993126,node,"","",90.3951339595113,23.7403638861574,BD30,BD3026,Dhaka,within,FALSE
4357401918,node,"","",90.3800945621042,23.755227682693,BD30,BD3026,Dhaka,within,FALSE
3283392703,node,"","",90.4108259718995,23.7735857270236,BD30,BD3026,Dhaka,within,FALSE
5209803627,node,"","",90.3722828798035,23.7463590424022,BD30,BD3026,Dhaka,within,FALSE
3734921272,node,"","",90.3940638419331,23.8682155698339,BD30,BD3026,Dhaka,within,FALSE
4381094290,node,"","",90.412377629815,23.748175568458,BD30,BD3026,Dhaka,within,FALSE
4430828491,node,"","",90.4010656647491,23.7474960475677,BD30,BD3026,Dhaka,within,FALSE
5298993125,node,"","",90.3949065584782,23.7403353876865,BD30,BD3026,Dhaka,within,FALSE
4965399321,node,"","",90.4031824305765,23.7629679511786,BD30,BD3026,Dhaka,within,FALSE
3712960338,node,"","",90.3992965802653,23.7451484441268,BD30,BD3026,Dhaka,within,FALSE
4524681189,node,"","",90.3654003314697,23.7625161665975,BD30,BD3026,Dhaka,within,FALSE
6906320136,node,"","",90.4160212431245,23.7177971206052,BD30,BD3026,Dhaka,within,FALSE
4381071794,node,"","",90.4123788871004,23.7482182323451,BD30,BD3026,Dhaka,within,FALSE
6771369985,node,"","",90.3710735388136,23.744612756695,BD30,BD3026,Dhaka,within,FALSE
13875345301,node,A Block,"",90.3949412595573,23.7383414167406,BD30,BD3026,Dhaka,within,FALSE
11947045499,node,AALOK HEALTHCARE,"",90.3674566637752,23.8090462904085,BD30,BD3026,Dhaka,within,FALSE
7326575926,node,AIMS Hospital,"",90.4258622680024,23.7733798674817,BD30,BD3026,Dhaka,within,FALSE
1530853738,way,AMZ HOSPITAL LTD,"",90.4259870963315,23.78430207405,BD30,BD3026,Dhaka,within,FALSE
13952233846,node,AMZ Hospital Ltd,"",90.4259854819791,23.7843015711358,BD30,BD3026,Dhaka,within,FALSE
369712205,way,Aalok Diagnostic Center,"",90.3683502625199,23.8087427397851,BD30,BD3026,Dhaka,within,FALSE
11951698340,node,Abeer General Hospital,"",90.3988159619373,23.7480290527905,BD30,BD3026,Dhaka,within,FALSE
12033287068,node,Ad-Din Medical College Hospital ~ MaghBazar,"",90.405595077586,23.7484000358249,BD30,BD3026,Dhaka,within,TRUE
871761335,node,Ad-Din Women's Medical college & Hospital,"",90.4050677720574,23.748503133234,BD30,BD3026,Dhaka,within,TRUE
13006805480,node,"Ad-din Berrister Rafiq-ul- Haque hospital,Jurain","",90.4328300602916,23.6948661613602,BD30,BD3026,Dhaka,within,FALSE
12033297988,node,Ad-din Hospital,"",90.4052351586637,23.7488456177977,BD30,BD3026,Dhaka,within,FALSE
9808273615,node,Advance Hospital Ltd.,"",90.4366339355898,23.7625462576299,BD30,BD3026,Dhaka,within,FALSE
6908693911,node,Ahammed Pharma,"",90.3647401727757,23.7590271994015,BD30,BD3026,Dhaka,within,FALSE
11801270751,node,"Ahmed Specialized Hospital, Mazed Sardar Road, Nimtoli Ln, Dhaka","",90.4009726256239,23.7236799593476,BD30,BD3026,Dhaka,within,FALSE
11117416963,node,Aichi Hospital,"",90.4784943335047,23.7410043473788,BD30,BD3026,Dhaka,within,FALSE
6900268931,node,Aitam Metarnity and General Hospital,"",90.3580594606703,23.7695238567457,BD30,BD3026,Dhaka,within,FALSE
4322832184,node,Akumunnessa Eye Clinic(আকুমুন্নেসা আই ক্লিনিক),"",90.3660544551933,23.8182451776844,BD30,BD3026,Dhaka,within,FALSE
12057076841,node,Al -Falah Genarel Hospital & Diagnostic Center,"",90.4289497420364,23.7219420555436,BD30,BD3026,Dhaka,within,FALSE
11726749096,node,"Al Baraka Diagnostic Complex ltd, Hospital, Rahman Plaza, Shahid Faruk Sarak, Jatrabari, Dhaka","",90.4331552781347,23.7098185546124,BD30,BD3026,Dhaka,within,FALSE
11716250560,node,"Al Bayt Hospital, Hospital, Dhaka - Mawa Hwy, Dhaka","",90.4345380407012,23.705327363254,BD30,BD3026,Dhaka,within,FALSE
3003715875,node,Al Fateh Diagnostics,"",90.3903863657347,23.7586583956619,BD30,BD3026,Dhaka,within,FALSE
12311708966,node,"Al Haz Abdul Ahad Daibetes Center, Hospital","",90.2716298851918,23.9430115666218,BD30,BD3026,Dhaka,within,FALSE
6902633044,node,Al Markajul Islami Hospital,"",90.366682092103,23.7708737622518,BD30,BD3026,Dhaka,within,FALSE
12022698666,node,Al Noor Eye Hospital ( Permanent Building ),"",90.3580385897314,23.7520447387819,BD30,BD3026,Dhaka,within,FALSE
296574308,way,Al RAzi Hospital Building,"",90.3902480502509,23.7590491180784,BD30,BD3026,Dhaka,within,FALSE
3003562592,node,Al Razi Hospital (Ext),"",90.3900862936012,23.7592082485101,BD30,BD3026,Dhaka,within,FALSE
296574025,way,Al Razi Hospital Complex,"",90.3901587882117,23.7591429534844,BD30,BD3026,Dhaka,within,FALSE
4859599670,node,Al Sami Hospital,"",90.4261228613721,23.7803830314022,BD30,BD3026,Dhaka,within,FALSE
243376192,way,Al arafat hospital,"",90.4013064334287,23.7121009049371,BD30,BD3026,Dhaka,within,FALSE
3529068545,node,Al-Ahsan Diagnostic Hospital,"",90.3727431301068,23.7184023778334,BD30,BD3026,Dhaka,within,FALSE
11671510289,node,"Al-Baraka Model Hospital, Keraniganj","",90.3971869390555,23.7023187629289,BD30,BD3026,Dhaka,within,FALSE
11722235514,node,"Al-Hakim eye hospital and Phaco Center, Hospital, Haque Plaza, Dhaka","",90.4345124758966,23.7070105332303,BD30,BD3026,Dhaka,within,FALSE
3732390817,node,Al-Helal Hospital,"",90.3706419546192,23.8027631319706,BD30,BD3026,Dhaka,within,FALSE
12057091932,node,Al-Karim General Hospital limited,"",90.430620590615,23.7131854812982,BD30,BD3026,Dhaka,within,FALSE
1240697232,way,Al-Noor Eye Hospital,"",90.3657221310326,23.7537973947355,BD30,BD3026,Dhaka,within,FALSE
12014805277,node,"Al-Noor Eye Hospital, Hospita","",90.3657716497803,23.7538136556276,BD30,BD3026,Dhaka,within,FALSE
3528885127,node,Aleya Islam General Hospital,"",90.3719976436385,23.7171693998766,BD30,BD3026,Dhaka,within,FALSE
368246944,way,Ali Asgar Hospital,"",90.4235646835123,23.7078884956782,BD30,BD3026,Dhaka,within,FALSE
7283917085,node,Alok Healthcare,"",90.3533418741072,23.7943395707383,BD30,BD3026,Dhaka,within,FALSE
4432181527,node,Alok health Care(আলোক হেলথ কেয়ার),"",90.3640548683722,23.8234675224566,BD30,BD3026,Dhaka,within,FALSE
2332686512,node,Aminbazar union Health Center,"",90.3279929872537,23.7878588508426,BD30,BD3026,Dhaka,within,FALSE
4518419989,node,Anwar Khan Modern Medical College Hospital,"",90.3819717731388,23.7452959656227,BD30,BD3026,Dhaka,within,TRUE
4432181532,node,Anwara Nursing Home(আনোয়ারা নার্সিং হোম),"",90.3627321202325,23.8264831635804,BD30,BD3026,Dhaka,within,FALSE
12478162258,node,"Apel Physiotherapy And Paralysis Center, Hospital","",90.2626302357544,23.8547458514341,BD30,BD3026,Dhaka,within,FALSE
11928192988,node,"Apollo Hospital Information Center, Health consultant","",90.3806899286865,23.7522204234724,BD30,BD3026,Dhaka,within,FALSE
12055114747,node,Apollo Hospitals Information Centre,"",90.4276080507955,23.7398913982755,BD30,BD3026,Dhaka,within,FALSE
12301415617,node,"Apon general hospital, Hospital","",90.2801103595466,23.9363312736115,BD30,BD3026,Dhaka,within,FALSE
103973022,way,Arafat General Hospital,"",90.399097099731,23.7243328257857,BD30,BD3026,Dhaka,within,FALSE
5727930573,node,Ark Hospital,"",90.4137185666847,23.8683489259134,BD30,BD3026,Dhaka,within,FALSE
3744956568,node,Aroggo niketon homio center,"",90.4247765600844,23.7035506512383,BD30,BD3026,Dhaka,within,FALSE
12301472256,node,"Asad Hospital LTD, Hospital","",90.272866635005,23.9364403221718,BD30,BD3026,Dhaka,within,FALSE
4527964655,node,Asgar Ali Hospital,private,90.4236154988568,23.7078376594354,BD30,BD3026,Dhaka,within,FALSE
11760464566,node,"Asgar Ali Hospital Parking Area, Hospital, Distillery Road, Dhaka","",90.4229144364754,23.7085835649988,BD30,BD3026,Dhaka,within,FALSE
12500528342,node,"Ashiq spelalista Hospital, Hospital","",90.3670523207662,23.7729341178709,BD30,BD3026,Dhaka,within,FALSE
4608145192,node,Ashiyan Medical College Hospital,"",90.4535586744777,23.8351198766104,BD30,BD3026,Dhaka,within,TRUE
7430172581,node,Ashkona Medical Center,"",90.4154492620519,23.8548228811242,BD30,BD3026,Dhaka,within,FALSE
12301478614,node,"Ashraf Aleya Hospital, Hospital","",90.2816325969819,23.9368261411749,BD30,BD3026,Dhaka,within,FALSE
12299223678,node,Ashulia Women and Children Hospital Ambulance,"",90.3002060562241,23.9367607623302,BD30,BD3026,Dhaka,within,FALSE
11716225063,node,"Asia Digital Eye Hospital, South Jatrabari, West Side of Dholaipar Flyover Toll Plaza, Dhaka","",90.4348528649845,23.7038554172377,BD30,BD3026,Dhaka,within,FALSE
4432181536,node,Asia Health Care and Diagonistic Centre(এসিয়া হেলথ কেয়ার অ্যান্ড ডায়াগনিস্টিক সেন্টার),"",90.363525886463,23.824303198203,BD30,BD3026,Dhaka,within,FALSE
3307824662,node,Ati Bazar Central Hospital,"",90.3333248835004,23.7303011599404,BD30,BD3026,Dhaka,within,FALSE
12055114749,node,"Atish diponkor sarak, Hospital","",90.4288234267556,23.737425945276,BD30,BD3026,Dhaka,within,FALSE
12033301617,node,Aurora Specialized Hospital Ltd.,"",90.4105066213886,23.7393206744884,BD30,BD3026,Dhaka,within,FALSE
4410495892,node,Ayesha Memorial Hospital,"",90.3951923813764,23.7749899472623,BD30,BD3026,Dhaka,within,FALSE
11818520411,node,"Azimpur Maternity Hospital, Azimpur Rd, Dhaka","",90.3878289632575,23.7246435429364,BD30,BD3026,Dhaka,within,FALSE
5202601996,node,B.I.H.S General Hospital,"",90.3527244631194,23.7822730667488,BD30,BD3026,Dhaka,within,FALSE
13260925170,node,"B.M. Hospital, Hospital","",90.354099346697,23.79759258736,BD30,BD3026,Dhaka,within,FALSE
11962958198,node,BANGKOK HOSPITAL,"",90.4041558209921,23.7907199296719,BD30,BD3026,Dhaka,within,FALSE
13720465401,node,BMU Surgery OPD,"",90.3941413745375,23.7386956359687,BD30,BD3026,Dhaka,within,FALSE
12039836012,node,BNK Hospital Limited,"",90.4160756416761,23.7435195888832,BD30,BD3026,Dhaka,within,FALSE
4331663674,node,BRAC Metarnity Centre(ব্রাক মেটারনিটি সেন্টার),"",90.3732097506564,23.8173442907313,BD30,BD3026,Dhaka,within,FALSE
13954370219,node,BRB Hospital,private,90.3857449706715,23.7518687188152,BD30,BD3026,Dhaka,within,FALSE
11828200183,node,"BSMMU Outdoor 1 (Medicine), Hospital, BSMMU, Shahbagh Rd, Dhaka","",90.3938151508659,23.7387403953317,BD30,BD3026,Dhaka,within,FALSE
7312606213,node,Badda General Hospital,"",90.425670992972,23.784484464263,BD30,BD3026,Dhaka,within,FALSE
12009447140,node,Bangladesh ENT Hospital,"",90.3762005813468,23.7555415849668,BD30,BD3026,Dhaka,within,FALSE
6968431040,node,Bangladesh ENT Hospital,"",90.3759964820046,23.7554873540533,BD30,BD3026,Dhaka,within,FALSE
6771640277,node,Bangladesh Eye Care Hospital,"",90.3744733225598,23.7389628510419,BD30,BD3026,Dhaka,within,FALSE
364419618,node,Bangladesh Eye Hospital,"",90.3673205416677,23.7517931978676,BD30,BD3026,Dhaka,within,FALSE
6968431016,node,Bangladesh Eye Hospital,"",90.3673684861539,23.7517111390356,BD30,BD3026,Dhaka,within,FALSE
9611393565,node,Bangladesh Eye Hospital,"",90.3544082198289,23.8014946985634,BD30,BD3026,Dhaka,within,FALSE
9811264415,node,Bangladesh Eye Hospital,"",90.4139697723228,23.7445819951104,BD30,BD3026,Dhaka,within,FALSE
6900268944,node,Bangladesh Eye care and Faco Center,"",90.3588455993689,23.7691217768505,BD30,BD3026,Dhaka,within,FALSE
3320955408,node,Bangladesh Eye trust Hospital,"",90.3602518312644,23.7437863848612,BD30,BD3026,Dhaka,within,FALSE
3741032771,node,"Bangladesh Humiopathik Porishod, Dhaka Jila","",90.4242968637658,23.7110369480577,BD30,BD3026,Dhaka,within,FALSE
12518126187,node,"Bangladesh Institute of Dermatology STD And AIDS, Hospital","",90.3518565170458,23.7840521256974,BD30,BD3026,Dhaka,within,FALSE
755566271,way,Bangladesh Korea Friendship Hospital,"",90.254288351024,23.9940522020781,BD30,BD3026,Dhaka,within,FALSE
1787174815,node,Bangladesh Medical College Hospital,"",90.3697474379126,23.7501948527515,BD30,BD3026,Dhaka,within,TRUE
12012276822,node,Bangladesh Medical College Hospital,"",90.3698920257423,23.750410183844,BD30,BD3026,Dhaka,within,TRUE
583922313,way,Bangladesh Probin Hospital,"",90.3766960062652,23.778297404345,BD30,BD3026,Dhaka,within,FALSE
14081458202,node,Bangladesh Specialized Hospital,"",90.3628398276882,23.7764691855344,BD30,BD3026,Dhaka,within,FALSE
12500465956,node,"Bangladesh Spine And Orthopaedic Hospital -BSOH, General hospital","",90.3604469619702,23.7780668600983,BD30,BD3026,Dhaka,within,FALSE
12500525024,node,"Bangladesh Trauma Specialized Hospital, Hospital","",90.3676275707809,23.7695991262362,BD30,BD3026,Dhaka,within,FALSE
11700102115,node,"Bardem Hospital Keraniganj Branch, Aganagar Brijghat, Keraniganj","",90.4009236753094,23.7071302268076,BD30,BD3026,Dhaka,within,FALSE
11878628181,node,Belvue Hospital,"",90.4266177289355,23.7449848293769,BD30,BD3026,Dhaka,within,FALSE
11726754389,node,"Best One Hijama Center, Hospital, Samiullah Plaza, Sahid Faruq Sarak, Dhaka","",90.4332147896473,23.7100309520388,BD30,BD3026,Dhaka,within,FALSE
13270094284,node,"Birulia sub health centre, Hospital","",90.3202569935388,23.8579718783275,BD30,BD3026,Dhaka,within,FALSE
4432181553,node,Brac Maternity Centre(ব্র্যাক মেটার্নিটি সেন্টার),"",90.3700975500081,23.8277310613249,BD30,BD3026,Dhaka,within,FALSE
11928209106,node,Brain and Mind Hospital,"",90.3892702315082,23.7607195894713,BD30,BD3026,Dhaka,within,FALSE
3307823182,node,Bresba Medical Services LTD.,"",90.3340593896755,23.7299524727684,BD30,BD3026,Dhaka,within,FALSE
11821795271,node,"Burn & Plastic Surgery Unit, Hospital, Secretariate Road, Dhaka Medical College Hospital, Dhaka","",90.3994901184096,23.7246553614199,BD30,BD3026,Dhaka,within,TRUE
13260947910,node,"Bushra Clinic, Hospital","",90.3554909940809,23.7993510268268,BD30,BD3026,Dhaka,within,FALSE
621454326,node,C R P,"",90.2659139301416,23.8562495648634,BD30,BD3026,Dhaka,within,FALSE
1240697230,way,CIty Hospital,"",90.365513981619,23.7539373725185,BD30,BD3026,Dhaka,within,FALSE
7049881463,node,CPC,"",90.3571634352211,23.840308945227,BD30,BD3026,Dhaka,within,FALSE
3006177812,node,Cabin Block,"",90.3953692395334,23.739673636431,BD30,BD3026,Dhaka,within,FALSE
6900269026,node,Care Medical College Hospital Ltd,"",90.3686891388178,23.7688983991309,BD30,BD3026,Dhaka,within,TRUE
6902633048,node,Center For Kidney Disease & Urology Hospital,"",90.3648573517821,23.7770791366283,BD30,BD3026,Dhaka,within,FALSE
12520485761,node,"Chayanica Hospital And Diagnostic Center Ltd., Hospital","",90.2263606510751,23.9095853749561,BD30,BD3026,Dhaka,within,FALSE
11801317395,node,"Chowdhury General Hospital, Nazimuddin Rd, Dhaka","",90.4003720622615,23.7232824894991,BD30,BD3026,Dhaka,within,FALSE
4432181559,node,Chowdury Doctors Chamber(চৌধুরী ডক্টরস চেম্বার),"",90.3640020623823,23.8231798555397,BD30,BD3026,Dhaka,within,FALSE
12079837859,node,City Dental College & General Hospital,"",90.4184540905206,23.8355133231453,BD30,BD3026,Dhaka,within,FALSE
11949518560,node,Combind Care,"",90.3879194878118,23.7907490986949,BD30,BD3026,Dhaka,within,FALSE
13264812895,node,"Combined Care Hospital LTD, Hospital","",90.387634922199,23.7911555371798,BD30,BD3026,Dhaka,within,FALSE
299229532,way,Comfort Hospital;Comfort Diagnostic Center,"",90.38622985,23.74920085,BD30,BD3026,Dhaka,within,FALSE
12299240837,node,"Cwch Help Desk, Hospital","",90.2999075766521,23.9367169249765,BD30,BD3026,Dhaka,within,FALSE
13875153001,node,"D Block, BMU","",90.3946779839786,23.7391724824403,BD30,BD3026,Dhaka,within,FALSE
6900268970,node,DPRC Hospital & Diagnostic Lab,"",90.3638346757759,23.7745900466619,BD30,BD3026,Dhaka,within,FALSE
11947042146,node,DR. AZMAL HOSPITAL LTD.,"",90.3672253232476,23.8089825879444,BD30,BD3026,Dhaka,within,FALSE
3744967700,node,Delta Dygonestic & Health Service,"",90.4194306660594,23.702464440406,BD30,BD3026,Dhaka,within,FALSE
11939966029,node,Delta Health Care,"",90.3657760921889,23.8164662863738,BD30,BD3026,Dhaka,within,FALSE
6900268980,node,Dhaka Central International Medical College & Hospital,"",90.3615434825434,23.7736171591605,BD30,BD3026,Dhaka,within,TRUE
13849726001,node,Dhaka Central International Medical College & Hospital (Building 02),"",90.3617968674764,23.7739209193315,BD30,BD3026,Dhaka,within,TRUE
6900268973,node,Dhaka Central International Nursing College & Institute,"",90.3621911522016,23.7736634272661,BD30,BD3026,Dhaka,within,FALSE
12309263250,node,Dhaka EPZ Hospital,"",90.2759218387118,23.946839330344,BD30,BD3026,Dhaka,within,FALSE
12311790514,node,"Dhaka EPZ Hospital, Hospital","",90.2731816269263,23.9519353598355,BD30,BD3026,Dhaka,within,FALSE
6902633029,node,Dhaka General Hospital,"",90.3673493754146,23.767567352907,BD30,BD3026,Dhaka,within,FALSE
11821823342,node,"Dhaka Medical College Hospital, Government hospital, Secretariat Rd, Dhaka","",90.3976560741762,23.7260306640926,BD30,BD3026,Dhaka,within,TRUE
11765666261,node,"Dhaka Mohanagar General Hospital, Babubazar Bridge, Dhaka","",90.4051396887866,23.7140758908723,BD30,BD3026,Dhaka,within,FALSE
6900268989,node,Dhaka Shushu (Children) Hospital,"",90.3684335745901,23.7731470182115,BD30,BD3026,Dhaka,within,FALSE
12500524042,node,"Dhaka Trauma Center And Specialised Orthopedic Hospital, Hospital","",90.3662740610565,23.7737592324193,BD30,BD3026,Dhaka,within,FALSE
12520487313,node,"Dhamrai Diabetes Hospital, Hospital","",90.2198615748115,23.9054602213093,BD30,BD3026,Dhaka,within,FALSE
2332686513,node,Dhamrai Upazilla Health Complex,"",90.227524981245,23.9137070920227,BD30,BD3026,Dhaka,within,FALSE
234110229,way,Diabetic Hospital,"",90.3990332859587,23.7219635551252,BD30,BD3026,Dhaka,within,FALSE
11949327413,node,DigiLab,"",90.3675654608784,23.81160679419,BD30,BD3026,Dhaka,within,FALSE
11671507266,node,"Din Hospital, Zia Nagar Rd, Keraniganj","",90.3972148507932,23.7000121469946,BD30,BD3026,Dhaka,within,FALSE
12518124444,node,"Doctors Diagnostic Centre, Hospital","",90.2319495364732,23.9121361557299,BD30,BD3026,Dhaka,within,FALSE
4407994596,node,Dr Ainul Islam Khan Chamber(ড আইনুল ইসলাম চেম্বার),"",90.3688927352459,23.8230189229988,BD30,BD3026,Dhaka,within,FALSE
12162761950,node,Dr Fazlul Haque Colorectal Hospital Ltd.,"",90.3728103529702,23.7436027373626,BD30,BD3026,Dhaka,within,FALSE
4407994598,node,Dr Nighat Rahman Chamber(ড নিঘাত রহমান),"",90.3689303699912,23.8228711500458,BD30,BD3026,Dhaka,within,FALSE
4407994599,node,Dr Sayeda Dil Afroz Chamber(ড সায়েদা দিল আফরোজ),"",90.3688619736613,23.8230875707858,BD30,BD3026,Dhaka,within,FALSE
4331663684,node,Dr. Priyanka Aziz Chamber(ডাঃ প্রিয়াংকা আজিজ চেম্বার),"",90.3740053609056,23.8155045468037,BD30,BD3026,Dhaka,within,FALSE
2895202033,node,East West Medical College and Hospital,"",90.3766463309576,23.8941806942087,BD30,BD3026,Dhaka,within,TRUE
3732862292,node,Eden Multicare Hospital,"",90.3702312413637,23.7472930378728,BD30,BD3026,Dhaka,within,FALSE
12440466828,node,Ekuria General Hospital,"",90.4178505934921,23.6823425921906,BD30,BD3026,Dhaka,within,FALSE
337766881,way,Enam Medical College and hospital,"",90.252991683682,23.8374085552719,BD30,BD3026,Dhaka,within,TRUE
1240697231,way,Euro Bangla Heart Hospital,"",90.367329474474,23.7535895235368,BD30,BD3026,Dhaka,within,FALSE
12056962174,node,EverCare Hospital Dhaka,"",90.4313552644282,23.8101879894398,BD30,BD3026,Dhaka,within,FALSE
974287986,way,Evercare Hospital Dhaka,"",90.4312046541278,23.8102469561286,BD30,BD3026,Dhaka,within,FALSE
12387673202,node,Eye care hospital,"",90.3930213846354,23.82204494585,BD30,BD3026,Dhaka,within,FALSE
3740064551,node,Eye hospital,"",90.3674581725178,23.8166525322624,BD30,BD3026,Dhaka,within,FALSE
4381975631,node,Family Dentist,"",90.4160347379886,23.7438829443857,BD30,BD3026,Dhaka,within,FALSE
12309239272,node,"Famous Clinic, Hospital","",90.2749972309727,23.9499143991613,BD30,BD3026,Dhaka,within,FALSE
9807712324,node,Famous Specialized Hospital,"",90.4434470817653,23.7620244841574,BD30,BD3026,Dhaka,within,FALSE
440313767,way,Farazy Hospital,"",90.4361693357169,23.7625431563258,BD30,BD3026,Dhaka,within,FALSE
8860305337,node,Farazy Hospital Ltd,"",90.4362530619096,23.7625548909902,BD30,BD3026,Dhaka,within,FALSE
11957626014,node,Fatema Ma o Shishu General Hospital,"",90.3673675641445,23.7849605563633,BD30,BD3026,Dhaka,within,FALSE
3015256422,node,Free Friday Clinic,"",90.4072650879743,23.7302624355478,BD30,BD3026,Dhaka,within,FALSE
12055149772,node,"Friends Care Hospital Ltd, Hospital","",90.4287922460758,23.7306095301582,BD30,BD3026,Dhaka,within,FALSE
13798510101,node,GUK EYE HOSPITAL,"",90.3883369904088,23.8736899584346,BD30,BD3026,Dhaka,within,FALSE
11204043265,node,General Medical Hospital,"",90.3880143709557,23.738561693156,BD30,BD3026,Dhaka,within,FALSE
11730079486,node,"Genome Hospital, Jurain Railgate, Haji Khorshed Ali Sarkar Road., Dhaka","",90.4353273645231,23.6936731650815,BD30,BD3026,Dhaka,within,FALSE
12475462626,node,"Goni General Hospital, Private hospital","",90.2628055851687,23.9236251465908,BD30,BD3026,Dhaka,within,FALSE
526081453,way,Gonosastho Medical College & Hospital গণস্বাস্থ্য মেডিকেল কলেজ ও হাসপাতাল,"",90.244666760884,23.9180949764245,BD30,BD3026,Dhaka,within,TRUE
364425541,node,Gonoshastha Nagar Hospital,"",90.382584825537,23.7434832952424,BD30,BD3026,Dhaka,within,FALSE
3781657800,node,Government Outdoor Dispensary (GOD),"",90.380530169612,23.8191075917019,BD30,BD3026,Dhaka,within,FALSE
13266871699,node,"Government Outdoor Dispensary mirpur 10 (GPD), Hospital","",90.3700149882619,23.8075606818901,BD30,BD3026,Dhaka,within,FALSE
3528909645,node,Government Remeta Employee Hospital,"",90.3742505315735,23.7406531456359,BD30,BD3026,Dhaka,within,FALSE
4533184589,node,Green Life College,"",90.3854887358914,23.7461411967387,BD30,BD3026,Dhaka,within,FALSE
4561237386,node,Green Life Medical College,"",90.3857643328678,23.7465543407461,BD30,BD3026,Dhaka,within,TRUE
11834742028,node,"Green Life Medical College Hospital, Bir Uttam Shafiullah Sarak, Green Rd, Dhaka","",90.3858870439303,23.7465085755548,BD30,BD3026,Dhaka,within,TRUE
11994731835,node,Green Specialized Hospital (Pvt. Ltd.),"",90.3774780672095,23.7869414515403,BD30,BD3026,Dhaka,within,FALSE
12002693645,node,"Haji Shakhawat Anwara Eye Hospital, Private hospita","",90.4086130656427,23.7364385570822,BD30,BD3026,Dhaka,within,FALSE
12301408866,node,"Happy Physiotherapy Center, Hospital","",90.2718309670489,23.9369342677258,BD30,BD3026,Dhaka,within,FALSE
299284344,way,Harun Eye Foundation Hospital,"",90.3827182612768,23.7431616397081,BD30,BD3026,Dhaka,within,FALSE
6053993717,node,Hasnabad Specialized Hospital and Lab Limited,"",90.4237308338445,23.683595435258,BD30,BD3026,Dhaka,within,FALSE
440389886,way,Health Building,"",90.4089064739715,23.7799946978282,BD30,BD3026,Dhaka,within,FALSE
4388870973,node,Health Care,"",90.4165135961169,23.7194238803731,BD30,BD3026,Dhaka,within,FALSE
12033300797,node,"Health Fair Bangladesh, Hospital","",90.4082093931858,23.749345598322,BD30,BD3026,Dhaka,within,FALSE
12495720204,node,"Hemayetpur Eye Hospital, Hospital","",90.2746616195697,23.7933791722727,BD30,BD3026,Dhaka,within,FALSE
12551067292,node,"Hemayetpur General Hospital, Hospital","",90.2579255573221,23.7920881915459,BD30,BD3026,Dhaka,within,FALSE
11951688104,node,Holy Family Red Crescent Medical College Hospital,"",90.4031951710694,23.7467688336484,BD30,BD3026,Dhaka,within,TRUE
877863211,node,Holy Family Red Crescent Medical College and Hospital,"",90.4027317356429,23.7465979266426,BD30,BD3026,Dhaka,within,TRUE
12299248695,node,"Holy Lab Health Care, Hospital department","",90.2973153892767,23.9370066873693,BD30,BD3026,Dhaka,within,FALSE
13264860476,node,"Homeopathic Charitable Hospital, Hospital","",90.3819768860998,23.7993963729229,BD30,BD3026,Dhaka,within,FALSE
6968431018,node,IBN SINA HOSPITAL,"",90.3689751293541,23.7515284973654,BD30,BD3026,Dhaka,within,FALSE
14162005001,node,IBN SINA TRUST (supply chain management),"",90.372693676878,23.7457586466779,BD30,BD3026,Dhaka,within,FALSE
262513599,way,IBN Sina Diagonistic and Imaging Centre,"",90.3723976,23.74529205,BD30,BD3026,Dhaka,within,FALSE
12057038789,node,"ICDDRB, Kamalapur Field office","",90.4314843457371,23.7155491779931,BD30,BD3026,Dhaka,within,FALSE
12866318801,node,Ibn Sina Cancer Diagnostic Center,"",90.3710049748457,23.7462348225972,BD30,BD3026,Dhaka,within,FALSE
4486444918,node,"Ibn Sina Diagnostic & Consultation Center, Building-1","",90.4257154170589,23.7831713553119,BD30,BD3026,Dhaka,within,FALSE
5209803187,node,Ibn Sina Hospital (head office),"",90.3723767571191,23.7452370408434,BD30,BD3026,Dhaka,within,FALSE
12475452258,node,"Ibrahim General Hospital, Specialized hospital","",90.264594283306,23.8604645725123,BD30,BD3026,Dhaka,within,FALSE
5252017826,node,Impulse Hospital,"",90.3988244276595,23.767839345665,BD30,BD3026,Dhaka,within,FALSE
4929887711,node,Institute Of Cardio-Vascular Diseaqses,"",90.3694313563439,23.770367160024,BD30,BD3026,Dhaka,within,FALSE
3006174850,node,Institute of Nuclear Medicine,"",90.3942606490196,23.739121520469,BD30,BD3026,Dhaka,within,FALSE
11939914491,node,Islami Bank Hospital,"",90.365134373682,23.818785558982,BD30,BD3026,Dhaka,within,FALSE
12478220446,node,"Islamia Digital Lab And Hospital, Hospital","",90.2568355746334,23.8437241516751,BD30,BD3026,Dhaka,within,FALSE
12500524041,node,"Islamia Mental Hospital, Hospital","",90.3667622230973,23.7722724504344,BD30,BD3026,Dhaka,within,FALSE
12056911932,node,Ispahani Islamia Eye Institute and Hospital,"",90.3850060220877,23.7584612532993,BD30,BD3026,Dhaka,within,FALSE
7449015061,node,Jahan Ara Clinic,"",90.4039788790161,23.8554417170356,BD30,BD3026,Dhaka,within,FALSE
11652420138,node,"Jahanara general hospital, Molla tower, Abdullahpur south, Kalakandi","",90.3639398686607,23.6605235762206,BD30,BD3026,Dhaka,within,FALSE
12495708816,node,"Jamal Clinic Hamayetpur, Hospital","",90.2689559742604,23.7930925950032,BD30,BD3026,Dhaka,within,FALSE
262511010,way,Japan Bangladesh Friendship Hospital,"",90.3750641363044,23.739495311441,BD30,BD3026,Dhaka,within,FALSE
3315890963,node,Japan Bangladesh Friendship Hospital,"",90.3750453874514,23.7395452256744,BD30,BD3026,Dhaka,within,FALSE
11671464772,node,"Jhilmil Hospital, Shuvadda High School Rd, Keraniganj","",90.3989301234586,23.6941830362516,BD30,BD3026,Dhaka,within,FALSE
9794329512,node,Joypara Hospital,"",90.1157910268188,23.6188124600012,BD30,BD3026,Dhaka,within,FALSE
7434014211,node,KC Hospital,"",90.4229602854857,23.860704294943,BD30,BD3026,Dhaka,within,FALSE
12484184528,node,"Kanchonpuri Hospital, Hospital","",90.3270699720762,23.7889072592916,BD30,BD3026,Dhaka,within,FALSE
4432181714,node,Khandakar Chamber(খন্দকার চেম্বার),"",90.3588366307325,23.8278870485429,BD30,BD3026,Dhaka,within,FALSE
12045964910,node,Khidmah Eye Hospital,"",90.4209317810987,23.749081652191,BD30,BD3026,Dhaka,within,FALSE
2343354456,node,Lab Aid Hospital,"",90.4128238823399,23.7940858505293,BD30,BD3026,Dhaka,within,FALSE
11775055028,node,"LabAid Limited (Diagnostic), Hospital, Doyagonj New Rd, Dhaka","",90.4245386816723,23.7103860932763,BD30,BD3026,Dhaka,within,FALSE
14109866201,node,Labaid Cancer Hospital,"",90.3853460758994,23.7456511906792,BD30,BD3026,Dhaka,within,FALSE
12478305396,node,"Labaid Ltd Diagnostic savar branch, Hospital","",90.2570516600973,23.8425256233403,BD30,BD3026,Dhaka,within,FALSE
438548318,way,Labaid Specialized Hospital,"",90.3830362096338,23.741993956777,BD30,BD3026,Dhaka,within,FALSE
11834760356,node,"Labid hospital Dhanmondi, Hospital, Green Square Road, Dhaka","",90.3846380565383,23.7421347308408,BD30,BD3026,Dhaka,within,FALSE
12514058862,node,"Lalmatia Shishu Hospital, Hospital","",90.3592267245062,23.7805644996059,BD30,BD3026,Dhaka,within,FALSE
3314098942,node,Life & Care Hospital,"",90.3578647490596,23.7302738349361,BD30,BD3026,Dhaka,within,FALSE
2993160472,node,Life Care,"",90.4101086486259,23.7805549442363,BD30,BD3026,Dhaka,within,FALSE
12486381476,node,"Life Care Specialized Hospital, Hospital","",90.2604823730662,23.8555321577708,BD30,BD3026,Dhaka,within,FALSE
263804514,way,Lions Eye Hospital,"",90.3794119565106,23.779480677616,BD30,BD3026,Dhaka,within,FALSE
9623365111,node,Lubana General Hospital & Uttara Cardiac Center,"",90.3906770501368,23.8703293181762,BD30,BD3026,Dhaka,within,FALSE
2877319781,node,MARKS HOSPITAL,"",90.3865055445654,23.7989705722417,BD30,BD3026,Dhaka,within,FALSE
12500514538,node,"MONONIRAMOY Psychiatric Hospital, Hospital","",90.3602134421478,23.7781844581998,BD30,BD3026,Dhaka,within,FALSE
13958012476,node,Ma o Shishu Hospital,"",90.3761803809601,23.8226943757079,BD30,BD3026,Dhaka,within,FALSE
12107967099,node,Maa Moni Medical & Diagnostic Centre,"",90.3001353967804,23.9109766870639,BD30,BD3026,Dhaka,within,FALSE
4092034085,node,Malancha Govt. Hospital,"",90.3472973484526,23.7062421641664,BD30,BD3026,Dhaka,within,FALSE
12033292250,node,"Malibag Dental Clinic, Hospital","",90.4136199955034,23.7437935932979,BD30,BD3026,Dhaka,within,FALSE
3301113417,node,Manobic Heath Center,"",90.3808214407474,23.7155563864299,BD30,BD3026,Dhaka,within,FALSE
3529312405,node,Marie Stopes,"",90.3680176645547,23.7177121281071,BD30,BD3026,Dhaka,within,FALSE
326624837,way,Marie Stopes,"",90.3701986215792,23.7433946985259,BD30,BD3026,Dhaka,within,FALSE
478317268,way,Maula Buksh Sardar Datobbo Chokkhu Haspatal,"",90.4153174109738,23.7035210212106,BD30,BD3026,Dhaka,within,FALSE
6053977478,node,Maula Buksh Sardar Datobbo Chokkhu Hospital,"",90.4152937777481,23.7034276887187,BD30,BD3026,Dhaka,within,FALSE
323785711,way,Md Khayrul Islam,"",90.4230668199166,23.7010909398425,BD30,BD3026,Dhaka,within,FALSE
11716297664,node,"Medi Bangla General Hospital, Hospital, New Road, Dhaka","",90.4323284872057,23.7056675847038,BD30,BD3026,Dhaka,within,FALSE
13720464602,node,Medicine and Dental OPD PG Hospital,"",90.3936410587371,23.7386869187894,BD30,BD3026,Dhaka,within,FALSE
11986069245,node,Medihome Hospital,"",90.3660514377082,23.7911099396266,BD30,BD3026,Dhaka,within,FALSE
4206412116,node,Medinova Hospital,"",90.3674516346333,23.8065468907012,BD30,BD3026,Dhaka,within,FALSE
262527470,way,Medinova Medical Services,"",90.3749525079527,23.7415328263739,BD30,BD3026,Dhaka,within,FALSE
11749914986,node,"Meghna General Hospital, General hospital, Islampur Rd, Dhaka","",90.4038417510802,23.7113790973453,BD30,BD3026,Dhaka,within,FALSE
3671354272,node,Meherun Homeo Pharmacy,"",90.3866516411377,23.7370731509714,BD30,BD3026,Dhaka,within,FALSE
11951716571,node,Memory Medical Centre,"",90.3999754306033,23.7477467502916,BD30,BD3026,Dhaka,within,FALSE
12082606288,node,"Millennium Orthopaedic Hospital, Hospital","",90.4004706334428,23.8615333489859,BD30,BD3026,Dhaka,within,FALSE
11036812995,node,Millennium Specialized Hospital Ltd,private,90.4175197597739,23.7025306574411,BD30,BD3026,Dhaka,within,FALSE
8356460312,node,Mirpur Eye Hospital,"",90.3681970372825,23.8093238990416,BD30,BD3026,Dhaka,within,FALSE
12216061701,node,Mirpur general hospital,"",90.3672989163575,23.8207663703399,BD30,BD3026,Dhaka,within,FALSE
11765665645,node,"Mitford Hospital Kheya Ghat, Mitford Rd, Dhaka","",90.4016153499592,23.7100337180669,BD30,BD3026,Dhaka,within,FALSE
4361747694,node,Modern Physiotherapy,"",90.3814158853204,23.7394981193785,BD30,BD3026,Dhaka,within,FALSE
11828173441,node,"Module General Hospital, Poribagh Rd Number 2, Dhaka","",90.3931103166281,23.7415009751419,BD30,BD3026,Dhaka,within,FALSE
11978997959,node,Mohammadpur Swasthoseba Kendra,"",90.3615786865367,23.7632520976962,BD30,BD3026,Dhaka,within,FALSE
12518193294,node,"Momtaz Diabetic Hospital And Diagnostic Centre, Private hospital","",90.2121661495079,23.9101140215893,BD30,BD3026,Dhaka,within,FALSE
12478162265,node,"Monami Hospital, Hospital","",90.260695692502,23.836141043874,BD30,BD3026,Dhaka,within,FALSE
11993425026,node,Monira General Hospitl,"",90.3682135496318,23.7792817331442,BD30,BD3026,Dhaka,within,FALSE
6902633030,node,Mononiramoy,"",90.366880324113,23.7681232407255,BD30,BD3026,Dhaka,within,FALSE
11878628182,node,Monowara Hospital,"",90.4266089279371,23.7449621982383,BD30,BD3026,Dhaka,within,FALSE
838150961,way,Monowara Hospital,"",90.4077525020224,23.7432650304838,BD30,BD3026,Dhaka,within,FALSE
12057077123,node,Monowara Orthopedic and General Hospital,"",90.4288919907236,23.7198336716193,BD30,BD3026,Dhaka,within,FALSE
4531545620,node,Mother Care Hospital,"",90.3744591571435,23.7567969426052,BD30,BD3026,Dhaka,within,FALSE
1530967946,way,Mother Care Hospital (Pvt) Ltd.,"",90.3745772129543,23.7568279,BD30,BD3026,Dhaka,within,FALSE
12056985340,node,Mugda Medical College & Hospital,"",90.4300267327752,23.7324752579856,BD30,BD3026,Dhaka,within,TRUE
337765421,way,Mukto hospital,"",90.2503863331613,23.838074497479,BD30,BD3026,Dhaka,within,FALSE
11834727902,node,"Mukul Dental Clinic, Hospital, Green Square Road, Dhaka","",90.3844797223874,23.7425855934125,BD30,BD3026,Dhaka,within,FALSE
10765482520,node,NHN Gulshan Shasthoseba Kendra,"",90.4197358511539,23.790078462622,BD30,BD3026,Dhaka,within,FALSE
6908693915,node,Nagar Sastho Kendro,"",90.3632971443254,23.7607538714553,BD30,BD3026,Dhaka,within,FALSE
326136440,way,Nagor Health Care,"",90.4078416790936,23.7534694946833,BD30,BD3026,Dhaka,within,FALSE
4077212339,node,Nagor Health Care 2,"",90.4047962822136,23.7514277468893,BD30,BD3026,Dhaka,within,FALSE
4077212341,node,Nari Maitree,"",90.4048591464874,23.751226245937,BD30,BD3026,Dhaka,within,FALSE
6900269015,node,National Center For Prevention Of Rheumatic Heart Diseases,"",90.3707509193605,23.7683617896898,BD30,BD3026,Dhaka,within,FALSE
11939542170,node,National Center for Hearing and Speech for Children (SAHIC),"",90.3996035255595,23.7773469384347,BD30,BD3026,Dhaka,within,FALSE
9579204110,node,National Heart Foundation Research ন্যাশনাল হার্ট ফাউন্ডেশন হসপিটাল,"",90.3534826900805,23.788794690332,BD30,BD3026,Dhaka,within,FALSE
13258020399,node,"National Heart Foundation, Heart Hospital","",90.3536691874261,23.7885152376802,BD30,BD3026,Dhaka,within,FALSE
395065676,node,National Hospital,"",90.4119160384072,23.7106525539782,BD30,BD3026,Dhaka,within,FALSE
6900268991,node,National Institute Of Traumtology & Orthopedic Rehabilitation,"",90.3695730943265,23.773668456408,BD30,BD3026,Dhaka,within,FALSE
2993197559,node,National Institute of Diseases of the Chest & Hospital,"",90.4087338488674,23.7762602246882,BD30,BD3026,Dhaka,within,FALSE
12056962192,node,National Institute of Diseases of the Chest & Hospital,"",90.4092851266391,23.7758364356638,BD30,BD3026,Dhaka,within,FALSE
6900269009,node,National Institute of Kidney Diseases & Urology,government,90.3686504982442,23.7715606592169,BD30,BD3026,Dhaka,within,FALSE
9725597132,node,National Institute of Laboratory Medicine & Referral Centre,"",90.3678032554715,23.7772348723892,BD30,BD3026,Dhaka,within,FALSE
6900269010,node,National Institute of Mental Health and Hospital,"",90.3683021463484,23.7723045531236,BD30,BD3026,Dhaka,within,FALSE
3450283986,node,National Institute of Traumatology & Orthopaedic Rehabilitation (NITOR),"",90.3695890199426,23.7735110442663,BD30,BD3026,Dhaka,within,FALSE
305117870,way,National Institute of Traumatology and Orthopaedic Rehabilitation,"",90.3694709657061,23.7731330623428,BD30,BD3026,Dhaka,within,FALSE
305118924,way,National Institute of Traumatology and Orthopaedic Rehabilitation,"",90.3699047339133,23.7727750293487,BD30,BD3026,Dhaka,within,FALSE
305109465,way,National Institute of Traumatology and Orthopaedic Rehabilitation,"",90.3708432783251,23.7729862952182,BD30,BD3026,Dhaka,within,FALSE
11801306198,node,"National Veterinary Hospital, Bangabazar Chakkar, Dhaka","",90.405278074008,23.7227259311283,BD30,BD3026,Dhaka,within,FALSE
6900269011,node,National medical Institute of Cardiovascular Diseases &Hospital,"",90.3692775484207,23.7704766276795,BD30,BD3026,Dhaka,within,FALSE
12045849168,node,"Naureen Medical Hall, Hospital","",90.4179960195122,23.7488833363619,BD30,BD3026,Dhaka,within,FALSE
3328858519,node,Naz-E-Noor Hospital,"",90.3703426368569,23.7458502608796,BD30,BD3026,Dhaka,within,FALSE
12012260642,node,"Neuro ICU, IBN SINA HOSPITAL","",90.3683413736552,23.7516288287464,BD30,BD3026,Dhaka,within,FALSE
11739205620,node,New Anamika Hospital And Diagnostic Centre,"",90.433985421825,23.7403379860765,BD30,BD3026,Dhaka,within,FALSE
13266859615,node,"Newton maternity clinic, Hospital","",90.352570152282,23.7995460737136,BD30,BD3026,Dhaka,within,FALSE
4388781962,node,Nibedita General Hospital,"",90.4159895595305,23.717941876073,BD30,BD3026,Dhaka,within,FALSE
454045462,way,Noble Care Hospital,"",90.3686481517311,23.7824619110273,BD30,BD3026,Dhaka,within,FALSE
3391624665,node,Nogor Shasto kendro,"",90.3673034425852,23.7307961951419,BD30,BD3026,Dhaka,within,FALSE
262506884,way,Northern International Medical College & Hospital,"",90.37201990263,23.7441947092743,BD30,BD3026,Dhaka,within,TRUE
323098339,way,Northern Medical College & Hospital,"",90.3711551181537,23.7446962404506,BD30,BD3026,Dhaka,within,TRUE
11949305051,node,Novo Health Care,"",90.3663084268595,23.814641629872,BD30,BD3026,Dhaka,within,FALSE
12809436001,node,OGSB HOSPITAL ওজিএসবি হাসপাতাল,"",90.3821495533052,23.8081809427249,BD30,BD3026,Dhaka,within,FALSE
4361780506,node,OHCL,"",90.3802693247853,23.7387315943333,BD30,BD3026,Dhaka,within,FALSE
9580169352,node,Oboshorprapto Govt. Employees Hospital,community,90.3733622174752,23.7415662701676,BD30,BD3026,Dhaka,within,FALSE
12057002487,node,Oreo DentalSergery,"",90.4063998241097,23.7802049997788,BD30,BD3026,Dhaka,within,FALSE
11828175038,node,"PG Hospital Dhaka, Bus Stop, Shahbagh Rd, Dhaka","",90.3958607543355,23.7396279550587,BD30,BD3026,Dhaka,within,FALSE
297302859,way,PG Nursing Department,"",90.3960807120888,23.7424123813834,BD30,BD3026,Dhaka,within,FALSE
296797390,way,PG Outdoor,"",90.3952945904389,23.7403597371153,BD30,BD3026,Dhaka,within,FALSE
12293598946,node,"PMK Hospital And Diagnostic Centre, Hospital","",90.3171556893645,23.9139513406812,BD30,BD3026,Dhaka,within,FALSE
11775070385,node,"PROFESSOR DR T.ISLAM SHAMIM EYE HOSPITAL, New Road, Dhaka","",90.4257407304065,23.7100554271961,BD30,BD3026,Dhaka,within,FALSE
6900268919,node,Padakhep,"",90.3548512872307,23.7722230810247,BD30,BD3026,Dhaka,within,FALSE
296578259,way,Padma General Hospital,"",90.3924979,23.7473204,BD30,BD3026,Dhaka,within,FALSE
11834684953,node,"Padma General Hospital, Sonargaon Road, Dhaka","",90.3924747169104,23.7472253959142,BD30,BD3026,Dhaka,within,FALSE
12041458864,node,"Pan Pacific Hospital,Training & Research Institute Ltd","",90.4220056705333,23.7384425863119,BD30,BD3026,Dhaka,within,FALSE
12299243343,node,Physiotherapy Department- AWCH,"",90.2999649926888,23.9372133851015,BD30,BD3026,Dhaka,within,FALSE
11834703012,node,"Platinum Hospital Limited, Panthapath, Dhaka","",90.3887484580356,23.7503908216477,BD30,BD3026,Dhaka,within,FALSE
12478321724,node,"Polash Hospital And Diagnosis, Hospital","",90.2577661335237,23.8403271339569,BD30,BD3026,Dhaka,within,FALSE
1936362153,node,Popular,"",90.4123482931539,23.7410136512914,BD30,BD3026,Dhaka,within,FALSE
4579879715,node,Popular Diagnostic Center Ltd Unit-2,"",90.3681200914114,23.8095356259158,BD30,BD3026,Dhaka,within,FALSE
11824640904,node,"Popular Medical College, Road No. 2, Dhaka","",90.3797505687979,23.7385646268221,BD30,BD3026,Dhaka,within,TRUE
4407994680,node,Popular Medicine Corner (পপুলার মেডিসিন কর্নার),"",90.3662784196461,23.8268841538282,BD30,BD3026,Dhaka,within,FALSE
11699729085,node,"Porichorja Digital Hospital, Chowrasta, Chunkutia, Dhaka","",90.3988881301236,23.6959898392997,BD30,BD3026,Dhaka,within,FALSE
337767823,way,Prime Hospital,"",90.2551910321794,23.8391578165547,BD30,BD3026,Dhaka,within,FALSE
9811265398,node,Proshanti Hospital Limited,"",90.415341051682,23.7436031564578,BD30,BD3026,Dhaka,within,FALSE
3473792183,node,Puspit Nursing Home,"",90.3722884956786,23.7124023600847,BD30,BD3026,Dhaka,within,FALSE
369448879,way,RADDA,"",90.3697557817159,23.8075530124487,BD30,BD3026,Dhaka,within,FALSE
12086867999,node,"RMC Hospital, Hospital","",90.3997856643155,23.8698331933274,BD30,BD3026,Dhaka,within,FALSE
12318202066,node,"RS Dental Surgery, Hospital","",90.2418229993164,24.0282639876186,BD30,BD3026,Dhaka,within,FALSE
4407994683,node,Rabeya Maternity(রাবেয়া ম্যাটারনিটি),"",90.3648012768499,23.8265625402034,BD30,BD3026,Dhaka,within,FALSE
13266865265,node,"Radda MCH-FP Centre (Mirpur-10), Hospital","",90.3700319197063,23.8073457698927,BD30,BD3026,Dhaka,within,FALSE
12014800180,node,Rainbow Heart Limited,"",90.3686963472546,23.7500282205164,BD30,BD3026,Dhaka,within,FALSE
367562027,way,Ram Krishna Mission Medical Center,religious,90.4229995892395,23.7213375945962,BD30,BD3026,Dhaka,within,FALSE
4432181774,node,Regent Hospital Ltd(রিজেন্ট হসপিটাল লিমিটেড),private,90.3638622522373,23.8277467354838,BD30,BD3026,Dhaka,within,FALSE
11834749924,node,"Reliance General & Renal Hospital, Corner, Green Rd, Dhaka","",90.3863443605674,23.7458216785898,BD30,BD3026,Dhaka,within,FALSE
12500528723,node,"Remedy Care Hospital Limited, Hospital","",90.3686406914175,23.7684379811896,BD30,BD3026,Dhaka,within,FALSE
13277413275,node,"Remedy General Hospital, Hospital","",90.3326469551718,23.8941731504958,BD30,BD3026,Dhaka,within,FALSE
12009432533,node,Retina Glaucoma Center & Superspecialty Eye Hospital,"",90.386153169356,23.7517520427231,BD30,BD3026,Dhaka,within,FALSE
3314001918,node,Riverside Hospital,"",90.3675050273565,23.7100253361637,BD30,BD3026,Dhaka,within,FALSE
12055156667,node,"Rowshan Ara Hospital, Hospital","",90.4305423874584,23.7292479738067,BD30,BD3026,Dhaka,within,FALSE
11885477022,node,Royal Aid Hospital Ltd,"",90.4269106764514,23.7470313548558,BD30,BD3026,Dhaka,within,FALSE
11801300141,node,"Royal Care & Surgical Hospital, Hussaini Dalan Rd, Dhaka","",90.3998040206834,23.7235469385442,BD30,BD3026,Dhaka,within,FALSE
11888938176,node,Ruonagar Central Hospital and Diagnoatics Center,"",90.3561060581357,23.8170643351653,BD30,BD3026,Dhaka,within,FALSE
12478323344,node,"Ruposi Bangla Hospital, Hospital","",90.258926272742,23.8367149527843,BD30,BD3026,Dhaka,within,FALSE
337808705,way,SAHIC,"",90.3994445845408,23.7772188629542,BD30,BD3026,Dhaka,within,FALSE
11834701214,node,"SIBL Foundation Hospital, Fattah Plaza, Panthapath, Dhaka","",90.3872004881575,23.7506801649452,BD30,BD3026,Dhaka,within,FALSE
12002696339,node,"SKN Health services, Hospital","",90.4075687643262,23.7374780807137,BD30,BD3026,Dhaka,within,FALSE
11997699250,node,SP Hospital,"",90.3584818247712,23.7666101395646,BD30,BD3026,Dhaka,within,FALSE
438590536,way,SP Hospital and Diagonostic center,"",90.3582906353508,23.7667684737155,BD30,BD3026,Dhaka,within,FALSE
12484239605,node,"SPBK Hospital And Diagnostic Center, Hospital","",90.3273051682793,23.788113325423,BD30,BD3026,Dhaka,within,FALSE
11740567176,node,"Safa Marwa Hospital Jatrabari, Mamtaz Market, North Jatrabari, Jatrabari, Dhaka","",90.4338353857582,23.7108019194927,BD30,BD3026,Dhaka,within,FALSE
523976461,way,Salam Bangladesh Hospital,"",90.2796936744756,23.7296943101507,BD30,BD3026,Dhaka,within,FALSE
12438469002,node,Salman Hospital and Diagnosis center,"",90.4462572824423,23.7043454232972,BD30,BD3026,Dhaka,within,FALSE
2320394258,node,Samorita Hospital,"",90.3853286415408,23.7523916657542,BD30,BD3026,Dhaka,within,FALSE
11824655924,node,Sandhani Eye Hospital,"",90.3864570971651,23.7345563169055,BD30,BD3026,Dhaka,within,FALSE
12486369729,node,"Savar Diabetic, Hospital","",90.2575556639351,23.8394711740048,BD30,BD3026,Dhaka,within,FALSE
12478306688,node,"Savar Sonali Hospital, Hospital","",90.2581886652627,23.8413908812887,BD30,BD3026,Dhaka,within,FALSE
2332686519,node,Savar Upazilla Health Complex,"",90.2478718835606,23.8386648349195,BD30,BD3026,Dhaka,within,FALSE
8406878312,node,Save on Healthcare,"",90.3712721899188,23.8067581984802,BD30,BD3026,Dhaka,within,FALSE
1562019222,way,Sazzad's Amazing Dental,private_non_profit,90.4107248640798,23.7368692,BD30,BD3026,Dhaka,within,FALSE
12518179662,node,"Seba Medical Centre, Hospital","",90.2268289480054,23.9132301617321,BD30,BD3026,Dhaka,within,FALSE
11953711611,node,Shahbagh P.G. Hospital,"",90.3970226537534,23.7380049671472,BD30,BD3026,Dhaka,within,FALSE
13986125001,node,Shaheed Monsur Ali medical college and hospital,"",90.3926638964651,23.8789361916309,BD30,BD3026,Dhaka,within,TRUE
6900269014,node,Shahid Sohrawardy Medical College and Hospital,"",90.3713443581051,23.7691813721821,BD30,BD3026,Dhaka,within,TRUE
6900268976,node,Shamoly Eye Hospital,"",90.3620237655953,23.7736376948233,BD30,BD3026,Dhaka,within,FALSE
13312837594,node,Shefa General Hospital & Diagnostic Centre,"",90.3647960800699,23.7726956527256,BD30,BD3026,Dhaka,within,FALSE
4407994807,node,Shishir Medical Hall(শিশির মেডিক্যাল হল),"",90.3689289450676,23.8228938650034,BD30,BD3026,Dhaka,within,FALSE
4432181793,node,Shishu Niramoy,"",90.3576257810001,23.8228058550201,BD30,BD3026,Dhaka,within,FALSE
6052263600,node,"Shodesh General Hospital, Dhaka - Mawa Hwy, Kalakandi","",90.362538079174,23.660226186296,BD30,BD3026,Dhaka,within,FALSE
223102062,way,Shomrita Pvt Hospital,"",90.3854038131068,23.7524922485923,BD30,BD3026,Dhaka,within,FALSE
3320927147,node,Sikder Medical College Hospital,"",90.3587458547212,23.740943997676,BD30,BD3026,Dhaka,within,TRUE
12478349197,node,"Sima General Haspatal, Hospital","",90.2589419469009,23.8363584704423,BD30,BD3026,Dhaka,within,FALSE
11765658450,node,"Sir Salimullah Medical College Mitford Hospital, Government hospital, Mitford Rd, Dhaka","",90.4013160321969,23.711217158976,BD30,BD3026,Dhaka,within,TRUE
3788786313,node,Songkramok Badhi Hospital,"",90.4052250165609,23.774043630394,BD30,BD3026,Dhaka,within,FALSE
6902628635,node,Sopna Pharmacy,"",90.3669854331788,23.7582143224318,BD30,BD3026,Dhaka,within,FALSE
13251980765,node,"Sorkari Bohi:Bivagio Dispensary, Government hospital","",90.3470997869948,23.7882070351005,BD30,BD3026,Dhaka,within,FALSE
11939928410,node,Square Hospital,"",90.365826467427,23.8162365384079,BD30,BD3026,Dhaka,within,FALSE
11957790373,node,Square hospital Consultation and Diagnostic centre,"",90.4015598617602,23.7911091852553,BD30,BD3026,Dhaka,within,FALSE
12522678780,node,"Sreerampur Square Hospital, Private hospital","",90.1262676514144,23.9195442493927,BD30,BD3026,Dhaka,within,FALSE
5636427978,node,Sristy Madokasokti Punorbason Kendra,"",90.4493989873898,23.7115781675456,BD30,BD3026,Dhaka,within,FALSE
7433554576,node,Suborna Phermacy,"",90.4158602267646,23.7197591565001,BD30,BD3026,Dhaka,within,FALSE
13260951322,node,"SuperCare Hospital And Trauma Center, Hospital","",90.3548048514871,23.7992471750464,BD30,BD3026,Dhaka,within,FALSE
12223966401,node,Surovi maternity general hospital,"",90.3920901551928,23.8285384900576,BD30,BD3026,Dhaka,within,FALSE
12039846875,node,"Surya Hasi Vaccination Centre, Hospital","",90.4097430300095,23.7467383235208,BD30,BD3026,Dhaka,within,FALSE
5494022722,node,Swapna Pharmacy,"",90.3669771350947,23.758175346582,BD30,BD3026,Dhaka,within,FALSE
12031141752,node,"T&T Colony Clinic, Government hospital","",90.4191968947799,23.7348890784615,BD30,BD3026,Dhaka,within,FALSE
3283392704,node,TB Hospital,"",90.4099112548062,23.7739207516935,BD30,BD3026,Dhaka,within,FALSE
12495693994,node,"TB Medicine Savar, Hospital","",90.2725630424721,23.7926544729243,BD30,BD3026,Dhaka,within,FALSE
12108097213,node,"TOWHID MEDICIN CORNER, Hospital","",90.3099805287909,23.9138613190411,BD30,BD3026,Dhaka,within,FALSE
5238876402,node,Tetuljhora Health & Family Welfare Center তেতুলঝোড়া স্বাস্থ্য ও পরিবার কল্যাণ কেন্দ্র,"",90.2711934394935,23.7942631277814,BD30,BD3026,Dhaka,within,FALSE
12039837605,node,"The Barakah General Hospital Limited,","",90.4192602619679,23.7408309258022,BD30,BD3026,Dhaka,within,FALSE
6900268992,node,The ENT And Head-Neck Cancer Hospital And Institute,"",90.3686926592172,23.7760049957366,BD30,BD3026,Dhaka,within,FALSE
8435759426,node,Tooth Fairy,private,90.4302237913188,23.8128941706984,BD30,BD3026,Dhaka,within,FALSE
6900268939,node,Uk Physiotherapy and Rehabilitation Center,"",90.3562825810166,23.7689861576572,BD30,BD3026,Dhaka,within,FALSE
11834658965,node,"Unico Hospitals PLC, Green Rd, Dhaka","",90.3849570717732,23.7442874550329,BD30,BD3026,Dhaka,within,FALSE
9811606429,node,Unihealth Specialised Hospital,"",90.3870928645208,23.7503397758574,BD30,BD3026,Dhaka,within,FALSE
8244931863,node,Unique Pain & Paralysis Centre,private,90.3657784391218,23.8182924516183,BD30,BD3026,Dhaka,within,FALSE
12057002486,node,United Hospital Limited,"",90.4155844621502,23.8048568475643,BD30,BD3026,Dhaka,within,FALSE
444013582,way,Universal Medical College Hospital,"",90.395389398705,23.7766325069177,BD30,BD3026,Dhaka,within,TRUE
11936872273,node,Universal Medical College Hospital Ltd.,"",90.3957477662806,23.7762028924705,BD30,BD3026,Dhaka,within,TRUE
3734280310,node,University Dental College and Hospital,"",90.4091273792214,23.7477632626409,BD30,BD3026,Dhaka,within,FALSE
3301866477,node,Upazila Health Complex,"",90.323432393737,23.7291781525533,BD30,BD3026,Dhaka,within,FALSE
12045840463,node,"Urban Health Center, Hospital","",90.4179433811602,23.7485727868494,BD30,BD3026,Dhaka,within,FALSE
3321172255,node,Urban Primary Health Care Center,"",90.3625364866124,23.74546846519,BD30,BD3026,Dhaka,within,FALSE
7448989549,node,Uttara Central Hospital,"",90.4021775242051,23.8575608297959,BD30,BD3026,Dhaka,within,FALSE
2697236496,node,Uttara Community Hospital,"",90.4041090499724,23.869156187008,BD30,BD3026,Dhaka,within,FALSE
266885101,node,Uttara Cresent,"",90.3966707814581,23.8673069715299,BD30,BD3026,Dhaka,within,FALSE
3907717965,node,Uttara Cresent Hospital,"",90.3955095525924,23.8668615571953,BD30,BD3026,Dhaka,within,FALSE
12278512822,node,Uttara General Hospital,"",90.3900632433674,23.8853395465603,BD30,BD3026,Dhaka,within,FALSE
12278513242,node,Uttara Lake View Specialized Hospital (Pvt.) LTD,"",90.3940546218396,23.8784370492969,BD30,BD3026,Dhaka,within,FALSE
11282273768,node,Vet-RX,private,90.3908268347465,23.7381222299726,BD30,BD3026,Dhaka,within,FALSE
11067361245,node,Vision Eye Hospital,"",90.3855869717966,23.7471252321713,BD30,BD3026,Dhaka,within,FALSE
1465988777,way,Yamagata-Dhaka Friendship Hospital,"",90.4441238665129,23.7613725397285,BD30,BD3026,Dhaka,within,FALSE
24820900,way,Z.H. Sikder W.M.C. General and Cardiac Hospital,"",90.4201106622564,23.79145590268,BD30,BD3026,Dhaka,within,FALSE
13260875280,node,"Zakia memorial Hospital LTD, Hospital","",90.3551562208681,23.7992344345536,BD30,BD3026,Dhaka,within,FALSE
12823844802,node,Zara health care hospital diagnostic center জারা হেলথ কেয়ার হাসপাতাল ও ডায়াগনস্টিক সেন্টার,"",90.3687709461929,23.8248105548021,BD30,BD3026,Dhaka,within,FALSE
12056962193,node,jaitiyo jolatonko protiroth o niyotnron kendro,"",90.4057841733216,23.7757492638708,BD30,BD3026,Dhaka,within,FALSE
375518677,way,jaitiyo jolatonko protiroth o niyotnron kendro,"",90.4057948876802,23.7757423068911,BD30,BD3026,Dhaka,within,FALSE
5206107453,node,popular hospital,"",90.3824482843343,23.739211290652,BD30,BD3026,Dhaka,within,FALSE
3734803537,node,radda,"",90.3696926202658,23.8075587540523,BD30,BD3026,Dhaka,within,FALSE
4322833433,node,shishu Hospital(শিশু হাসপাতাল),"",90.3730251811485,23.8212391934979,BD30,BD3026,Dhaka,within,FALSE
976597757,way,আআহসানিয়া মিশন ক্যান্সার হাসপাতাল,"",90.3773327444541,23.803647632303,BD30,BD3026,Dhaka,within,FALSE
6988106648,node,আইসিডিডিআরবি যক্ষ্মা নির্ণয় ও চিকিৎসা কেন্দ্র,"",90.4173442427214,23.7579477779109,BD30,BD3026,Dhaka,within,FALSE
1496128734,node,আমেরিকান সুপারস্পেসটিটি হাসপাতাল,"",90.4035460375362,23.8704896639839,BD30,BD3026,Dhaka,within,FALSE
3731446676,node,আল-বারাকাহ জেনারেল হাসপাতাল,"",90.4186837546676,23.7410272299745,BD30,BD3026,Dhaka,within,FALSE
23780888,way,ইউনাইটেড হাসপাতাল,"",90.4156210812734,23.8048296482886,BD30,BD3026,Dhaka,within,FALSE
367202089,way,ইউনানি ও আয়ুর্বেদিক মেডিক্যাল কলেজ ও হাসপাতাল,"",90.3780524267655,23.8045501118177,BD30,BD3026,Dhaka,within,FALSE
14208132501,node,"ইবনে সিনা ডায়াগনস্টিক ও পরামর্শ কেন্দ্র, মালিবাগ","",90.4132649380849,23.7511782176318,BD30,BD3026,Dhaka,within,FALSE
369787789,way,ইবনে সিনা মেডিকেল কলেজ হাসপাতাল,private_non_profit,90.3620900515061,23.7781578875667,BD30,BD3026,Dhaka,within,FALSE
1787175313,node,ইবনে সিনা হাসপাতাল,"",90.3689189706029,23.7515945467624,BD30,BD3026,Dhaka,within,FALSE
4389406404,node,ইসলামি ব্যাংক হাসপাতাল ভবন ৫,"",90.4205868657831,23.7396680205559,BD30,BD3026,Dhaka,within,FALSE
3797620952,node,ইসলামী ব্যাংক কেন্দ্রীয় হাসপাতাল,"",90.409823580099,23.7375743887812,BD30,BD3026,Dhaka,within,FALSE
4322832764,node,ইসলামী ব্যাংক হাসপাতাল,"",90.3654855754249,23.8195103421494,BD30,BD3026,Dhaka,within,FALSE
7458985654,node,উত্তরখান জেনারেল হাসপাতাল,"",90.426101487519,23.8686910752009,BD30,BD3026,Dhaka,within,FALSE
266877864,node,উত্তরা আধুনিক মেডিকেল কলেজ ও হাসপাতাল,"",90.3967329751797,23.8747992195006,BD30,BD3026,Dhaka,within,FALSE
4976689766,node,ওয়েলকেয়ার হসপিটাল লিমিটেড,"",90.3552317418157,23.7699695225375,BD30,BD3026,Dhaka,within,FALSE
6517499159,node,কমলাপুর রেলওয়ে হাসপাতাল,"",90.4235876709383,23.7364009223369,BD30,BD3026,Dhaka,within,FALSE
235430646,way,কুর্মিটোলা জেনারেল হাসপাতাল,"",90.4097810661976,23.8192622378154,BD30,BD3026,Dhaka,within,FALSE
4509927854,node,কুড়ারঘাট ৩২ শয্যা বিশিষ্ট হাসপাতাল,"",90.3770352512648,23.7177406265778,BD30,BD3026,Dhaka,within,FALSE
5216177321,node,কুয়েত বাংলাদেশ মৈত্রী সরকারি হাসপাতাল,"",90.4035773858541,23.870967935379,BD30,BD3026,Dhaka,within,FALSE
6902628613,node,কেয়ার মেডিকেল কলেজ,"",90.3716451846101,23.762012833312,BD30,BD3026,Dhaka,within,FALSE
4519162093,node,কেয়ার মেডিকেল কলেজ হাসপাতাল,"",90.3715862598307,23.7619343786982,BD30,BD3026,Dhaka,within,FALSE
5033788421,node,জাতীয় চক্ষুবিজ্ঞান ইনস্টিটিউট এবং হাসপাতাল,"",90.3695601861957,23.7745886217383,BD30,BD3026,Dhaka,within,FALSE
295582366,way,জাতীয় বক্ষব্যাধি ইনস্টিটিউট ও হাসপাতাল,"",90.4094175542099,23.7757436060861,BD30,BD3026,Dhaka,within,FALSE
4515439399,node,জাতীয় মানসিক স্বাস্থ্য ইনস্টিটিউট এন্ড হসপিটাল,"",90.3681049201667,23.77235853258,BD30,BD3026,Dhaka,within,FALSE
263804515,way,জাতীয় চক্ষুবিজ্ঞান ইনিস্টিটিউট এবং হাসপাতাল,"",90.3694685797919,23.7746425173757,BD30,BD3026,Dhaka,within,FALSE
3559086357,node,জেনারেল মেডিক্যাল হসপিটাল,"",90.3877203337924,23.7383956476541,BD30,BD3026,Dhaka,within,FALSE
543532379,way,ডেল্টা হাসপাতাল,"",90.3535490912547,23.7881705738217,BD30,BD3026,Dhaka,within,FALSE
1049690948,way,ঢাকা মেডিক্যাল কলেজ হাসপাতাল,government,90.397645081194,23.7261807839784,BD30,BD3026,Dhaka,within,FALSE
297679911,way,ঢাকা শিশু হাসপাতাল,"",90.3684298555945,23.7730122372085,BD30,BD3026,Dhaka,within,FALSE
3810938213,node,তারা মেডিকেল সেন্টার,"",90.3713549193031,23.8151864535783,BD30,BD3026,Dhaka,within,FALSE
4839320530,node,দীন মোহাম্মদ চক্ষু হাসপাতাল ও গবেষনা কেন্দ্র,"",90.3761020939845,23.7554383199197,BD30,BD3026,Dhaka,within,FALSE
7787635920,node,দেশবাংলা হসপিটাল অ্যান্ড ডায়াগনোষ্টিক সেন্টার,"",90.448860450111,23.7025741595186,BD30,BD3026,Dhaka,within,FALSE
6460041744,node,দোহার জেনারেল হাসপাতাল,"",90.1203358623576,23.6147160562822,BD30,BD3026,Dhaka,within,FALSE
1242266125,way,নবজাতক-শিশু ও জেনারেল হাসপাতাল,"",90.367502694878,23.7554158145097,BD30,BD3026,Dhaka,within,FALSE
6900268998,node,ন্যাশনাল ইনস্টিটিউট অব নিউরো সায়েন্সেস ও হাসপাতাল,"",90.3710227444804,23.7761555347176,BD30,BD3026,Dhaka,within,FALSE
14150090401,node,পপুলার ডায়াগনস্টিক সেন্টার,"",90.3686923239411,23.7689901809707,BD30,BD3026,Dhaka,within,FALSE
354463524,node,পিজি হাসপাতাল,"",90.3955526355748,23.7391178324316,BD30,BD3026,Dhaka,within,FALSE
6517470807,node,প্যান প্যাসিফিক হাসপাতাল,"",90.4220442272879,23.7382134250792,BD30,BD3026,Dhaka,within,FALSE
4389421503,node,প্যান প্যাসিফিক হাসপাতাল,"",90.4222602289327,23.7380451164634,BD30,BD3026,Dhaka,within,FALSE
3732776471,node,প্রাইম ব্যাংক চক্ষু হাসপাতাল,"",90.3723241187671,23.7442513290302,BD30,BD3026,Dhaka,within,FALSE
4322833430,node,ফিজিওথেরাপি সেন্টার,"",90.3663788348462,23.8177022818158,BD30,BD3026,Dhaka,within,FALSE
3797662116,node,বারডেম জেনারেল হাসপাতাল ২,"",90.4061084691554,23.7317088167594,BD30,BD3026,Dhaka,within,FALSE
975973673,way,বারডেম হাসপাতাল,"",90.3964427035461,23.7391344285999,BD30,BD3026,Dhaka,within,FALSE
4388841143,node,বার্ডেম হাসপাতাল,"",90.4163755461717,23.7160001243839,BD30,BD3026,Dhaka,within,FALSE
14208122401,node,বেটার লাইফ হসপিটাল,"",90.4183167949466,23.759044382303,BD30,BD3026,Dhaka,within,FALSE
7449003277,node,মক্কা চক্ষু হাসপাতাল,"",90.4030895590894,23.8560462198924,BD30,BD3026,Dhaka,within,FALSE
591516932,way,মমতাজ উদ্দিন জেনারেল হাসপাতাল,"",90.2654152328678,23.9278086382837,BD30,BD3026,Dhaka,within,FALSE
499441489,way,মুগদা মেডিকেল কলেজ ও হাসপাতাল,"",90.4300417287924,23.7323690173629,BD30,BD3026,Dhaka,within,FALSE
1100986259,way,মুগদা মেডিক্যাল কলেজ হাসপাতাল,"",90.4301267745106,23.7325046784657,BD30,BD3026,Dhaka,within,FALSE
3529323293,node,মেডিসিন্স সান্স ফ্রন্টিয়ার্স,"",90.3677163351355,23.7162140305528,BD30,BD3026,Dhaka,within,FALSE
3502993813,node,মেরী স্টোপস স্বাস্থ্য কেন্দ্র,"",90.362535396965,23.7141573629712,BD30,BD3026,Dhaka,within,FALSE
438552972,way,ল্যাব এইড কার্ডিয়াক হাসপাতাল,private,90.3833052011262,23.7416083473215,BD30,BD3026,Dhaka,within,FALSE
6988056352,node,ল্যাব এইড হসপিটাল লিমিটেড,"",90.4152782712272,23.7537553175816,BD30,BD3026,Dhaka,within,FALSE
5342132622,node,শহীদ সোহরাওয়ার্দী মেডিক্যাল কলেজ হাসপাতাল,"",90.369521377984,23.7687482792451,BD30,BD3026,Dhaka,within,FALSE
502997496,way,সম্মিলিত সামরিক হাসপাতাল,"",90.3980868901556,23.8143340559351,BD30,BD3026,Dhaka,within,FALSE
6661642890,node,সেন্ট্রাল বাসাবো জেনারেল হাসপাতাল,"",90.4345622644014,23.7408208675184,BD30,BD3026,Dhaka,within,FALSE
344865244,way,সেন্ট্রাল হসপিটাল লিমিটেড,"",90.3841798389977,23.7433305350571,BD30,BD3026,Dhaka,within,FALSE
12056943177,node,স্কয়ার হাসপাতাল,private,90.3817095872076,23.7530277683861,BD30,BD3026,Dhaka,within,FALSE
263802748,way,স্কয়ার হাসপাতাল,"",90.3816339103745,23.7531034569717,BD30,BD3026,Dhaka,within,FALSE
1234793154,way,স্যার সলিমুল্লাহ মেডিকেল কলেজ মিটফোর্ড হাসপাতাল,"",90.4010546056367,23.711223822589,BD30,BD3026,Dhaka,within,FALSE
6796983601,node,হিকমাহ চক্ষু হাসপাতাল,"",90.4223595544853,23.7487360663232,BD30,BD3026,Dhaka,within,FALSE
6900268988,node,২৫০ শয্যা বিশিষ্ট যক্ষা হাসপাতাল,"",90.368174573782,23.7741899784234,BD30,BD3026,Dhaka,within,FALSE
2365517019,node,"","",89.838158421469,23.6062638289411,BD30,BD3029,Faridpur,within,FALSE
9603054382,node,Aftab DIgital Diagonestcis Center,"",89.8368972803175,23.6051590941028,BD30,BD3029,Faridpur,within,FALSE
2344153964,node,Bhanga Upazila Health Complex,"",89.9800208753952,23.3821522737441,BD30,BD3029,Faridpur,within,FALSE
2344154848,node,Boalmari Upazila Health Complex,"",89.6848320385723,23.3927364381574,BD30,BD3029,Faridpur,within,FALSE
9603054379,node,Clasic Dental,"",89.8367286364256,23.6048572617695,BD30,BD3029,Faridpur,within,FALSE
9603063264,node,Faridpur Al Madina Hospital,"",89.8331284413745,23.5891140359529,BD30,BD3029,Faridpur,within,FALSE
2365517022,node,Faridpur Medical College Hospital,"",89.8359139992562,23.5893521658221,BD30,BD3029,Faridpur,within,TRUE
9692137610,node,Faridpur Medical College Hospital,"",89.8352580315138,23.5881290785109,BD30,BD3029,Faridpur,within,TRUE
9603054383,node,Janani D Lab,"",89.8371980230033,23.6052962220387,BD30,BD3029,Faridpur,within,FALSE
9603063262,node,Ma Moni Digital Diagonestics Center,"",89.8332341371736,23.5890280376263,BD30,BD3029,Faridpur,within,FALSE
2344158202,node,Madhukhali Upazila Health Complex,"",89.6295834781754,23.5447203754418,BD30,BD3029,Faridpur,within,FALSE
9603054380,node,Monika Hospital,"",89.8368057499349,23.6049200422243,BD30,BD3029,Faridpur,within,FALSE
234396330,way,Porichorza Hospital,"",89.8283459585612,23.6017650519602,BD30,BD3029,Faridpur,within,FALSE
9603063269,node,Provati Private Hospital,"",89.8328375893344,23.5895034591743,BD30,BD3029,Faridpur,within,FALSE
9603054366,node,Samorita Hospital,"",89.836423283693,23.6047644741014,BD30,BD3029,Faridpur,within,FALSE
11919623035,node,"Sheba Diagonistics Centre, Hospital","",89.9827280624822,23.3816184303309,BD30,BD3029,Faridpur,within,FALSE
9603054378,node,Shefa Diagonestics Center,"",89.8366716394841,23.604988019459,BD30,BD3029,Faridpur,within,FALSE
9603054374,node,kollann Diagonestics Center,"",89.8365441507368,23.6047007716373,BD30,BD3029,Faridpur,within,FALSE
5683686826,node,"","",90.4030016329251,23.893547525243,BD30,BD3033,Gazipur,within,FALSE
12155198812,node,"A.K Memorial Hospital, Hospital,","",90.4131680432843,24.2182982449115,BD30,BD3033,Gazipur,within,FALSE
5209683724,node,ABC Eye Hospital এবিসি চক্ষু হাসপাতাল,"",90.3836295459485,24.0145572289971,BD30,BD3033,Gazipur,within,FALSE
12106031245,node,"Al Ihsan Hospital, Hospital","",90.3935810443103,23.9177530366845,BD30,BD3033,Gazipur,within,FALSE
12167891691,node,"Al-Baraka Hospital, Hospital","",90.3946189753803,24.2776240982881,BD30,BD3033,Gazipur,within,FALSE
12167864228,node,"Anowara Hoapital And Diagnostic Centre, Hospital","",90.3942408677281,24.2763883543032,BD30,BD3033,Gazipur,within,FALSE
5209557021,node,"Apex Medical and Diagnostic Centre, Hospital,","",90.382320795587,23.9914820171984,BD30,BD3033,Gazipur,within,FALSE
12104192582,node,Apollo Medicine And Dental Corner,"",90.3978970538924,23.9070320796114,BD30,BD3033,Gazipur,within,FALSE
12110092065,node,"Asia General Hospital, Hospital","",90.3979799509148,23.9106426682224,BD30,BD3033,Gazipur,within,FALSE
12165437773,node,"Aysha clinic And diagnostic center, Hospital","",90.4117548544092,24.2226502966772,BD30,BD3033,Gazipur,within,FALSE
12369478182,node,"BASC Dental Clinic, Hospital","",90.223726973279,24.0583126914005,BD30,BD3033,Gazipur,within,FALSE
12119932190,node,"BGMEA HEALTH CENTRE And SCHOOL, Hospital","",90.3799725215939,23.9567268747846,BD30,BD3033,Gazipur,within,FALSE
12339165072,node,"Central Hospital, Hospital","",90.3187424674543,24.0114049628516,BD30,BD3033,Gazipur,within,FALSE
12121796922,node,"City Digital Diagnostic And Consultation Center, Hospital","",90.3826163414929,23.9460544489309,BD30,BD3033,Gazipur,within,FALSE
12330743649,node,City Medical College And Hospital,"",90.3682462390542,23.989064173409,BD30,BD3033,Gazipur,within,TRUE
12105975856,node,"Dhaka Imperial Hospital, Hospital","",90.3954194471333,23.9137235205529,BD30,BD3033,Gazipur,within,FALSE
12135508516,node,"Fachi Medical Hall, Hospital","",90.3826554849807,24.0025889609127,BD30,BD3033,Gazipur,within,FALSE
12165446770,node,"Fatema Device Circumcision Centre, Medical Center","",90.4034402579181,24.2402976394378,BD30,BD3033,Gazipur,within,FALSE
12141885361,node,"Galaxy Hospital (pvt) Ltd. Monipur, Hospital","",90.3857509218227,24.0096186954663,BD30,BD3033,Gazipur,within,FALSE
12127205474,node,"Gazipur Metropolitan Hospital And Diagnostic Centre, Hospital","",90.3791836168672,23.9896553490398,BD30,BD3033,Gazipur,within,FALSE
12155270303,node,"Hazi And Sons Surgical House, Hospital","",90.4113885652405,24.2206442557907,BD30,BD3033,Gazipur,within,FALSE
12153570238,node,"Hazi Hi-Care Hospital, Hospital","",90.4270404283125,24.1761181612094,BD30,BD3033,Gazipur,within,FALSE
12127046609,node,Hazrat Shahjalal (RA) Homeo Complex,"",90.3803518865316,23.9811577756025,BD30,BD3033,Gazipur,within,FALSE
12104164159,node,"Health Care Digital Diagnostic Center, Hospital","",90.3983490899306,23.9055351555237,BD30,BD3033,Gazipur,within,FALSE
12139541360,node,"Health care hospital, Hospital","",90.3846538983353,24.0268514692959,BD30,BD3033,Gazipur,within,FALSE
12328218327,node,"Hi-Tech Surgicare Hospital And Piles Center, Hospital","",90.267174819836,23.9684288498052,BD30,BD3033,Gazipur,within,FALSE
12369471757,node,Jahanara Memorial Shishu Hospital,"",90.2083362903099,24.0754753925196,BD30,BD3033,Gazipur,within,FALSE
12149472965,node,Kahinur Multicare Hospital,"",90.4156692870102,24.1359912246898,BD30,BD3033,Gazipur,within,FALSE
526137163,way,Kaliakair General Hospital কালিয়াকৈর জেনারেল হাসপাতাল,"",90.2093143982136,24.0769812852437,BD30,BD3033,Gazipur,within,FALSE
12351054516,node,Kasimpur homoeopathice medical collage and Hospital,"",90.3094965577017,24.013254848882,BD30,BD3033,Gazipur,within,FALSE
12149449446,node,"Kazi Hospital Complex, Hospital","",90.4303019944754,24.1652466651553,BD30,BD3033,Gazipur,within,FALSE
12336985716,node,"Kodda Primary Health Center, Government hospital","",90.3505305837828,23.9942298565158,BD30,BD3033,Gazipur,within,FALSE
12347935480,node,"Konabari Eye Hospital, Hospital","",90.3196929752742,24.0108685210485,BD30,BD3033,Gazipur,within,FALSE
12339127248,node,"Konabari Popular Hospital, Hospital","",90.319467921174,24.0115933880349,BD30,BD3033,Gazipur,within,FALSE
12382124855,node,Laily Dental Clinic -2,"",90.2094294581218,24.0767753418828,BD30,BD3033,Gazipur,within,FALSE
12139578941,node,"Ma o Shishu Hospital And Diagnostic Center, Hospital","",90.3840443663366,24.0268769502815,BD30,BD3033,Gazipur,within,FALSE
5213518911,node,Mawna City Hospital & Digital Lab মাওনা সিটি হাসপাতাল এন্ড ডিজিটাল ল্যাব,"",90.4117211591585,24.2210128918923,BD30,BD3033,Gazipur,within,FALSE
12165435764,node,"Mawna Hearing Aid Center, Hospital","",90.4130017463253,24.2206552360838,BD30,BD3033,Gazipur,within,FALSE
12155176158,node,"Maysha pharmecy, Hospital","",90.4057669904201,24.2342147246667,BD30,BD3033,Gazipur,within,FALSE
12127231702,node,"Medicare Medical Services, Hospital","",90.3816037237705,23.9925301741903,BD30,BD3033,Gazipur,within,FALSE
12119917636,node,Moonmoon Hospital,"",90.3790911644752,23.9638029612627,BD30,BD3033,Gazipur,within,FALSE
12124106772,node,"Mother and Child General Hospital, Hospital","",90.3802884355245,23.9659517459603,BD30,BD3033,Gazipur,within,FALSE
526136142,way,National Hospital ন্যাশনাল হাসপাতাল,"",90.2089426950838,24.076386463485,BD30,BD3033,Gazipur,within,FALSE
12353862354,node,"New Shafipur General Hospital, Hospital","",90.2737225949571,24.026022499072,BD30,BD3033,Gazipur,within,FALSE
12328531241,node,"New Super Diagnostic Centre, Hospital","",90.2561045888577,23.996464890997,BD30,BD3033,Gazipur,within,FALSE
12165423065,node,"Nova Hospital, Hospital","",90.4112214300912,24.2293705713656,BD30,BD3033,Gazipur,within,FALSE
12118266315,node,"Pacific General Hospital, Hospital","",90.3863606214596,23.9349265504587,BD30,BD3033,Gazipur,within,FALSE
12347941588,node,"Retina Eye Hospital And Phaco Centre, Hospital","",90.3200459372168,24.0106226798284,BD30,BD3033,Gazipur,within,FALSE
420113391,way,Rezaul Haque Welfare Trust Hospital,"",90.6583501286714,24.1581788767614,BD30,BD3033,Gazipur,within,FALSE
12121823203,node,"Rokeya General Hospital, Hospital","",90.381346147886,23.9560113955297,BD30,BD3033,Gazipur,within,FALSE
12121749971,node,"Saki Daigonostic Center, Hospital","",90.3825216259871,23.9461058299973,BD30,BD3033,Gazipur,within,FALSE
12104093358,node,Shaheed Ahsan Ullah Master General Hospital,"",90.4021841459086,23.8934890195588,BD30,BD3033,Gazipur,within,FALSE
12451250001,node,Shaheed Tajuddin Ahmad Medical College Hospital,"",90.4236420694899,24.0097256485508,BD30,BD3033,Gazipur,within,TRUE
12104079493,node,"Sheba Susrusha Hospital, Seba Hospital","",90.403276140254,23.8934271611134,BD30,BD3033,Gazipur,within,FALSE
12369486787,node,Sreefaltoli Hospital,"",90.2092645860863,24.0664322410047,BD30,BD3033,Gazipur,within,FALSE
2332679846,node,Sreepur Upazilla Health Complex,"",90.4785540964744,24.2005370759058,BD30,BD3033,Gazipur,within,FALSE
12118226040,node,Sultan General Hospital,"",90.3839500699259,23.9431420728542,BD30,BD3033,Gazipur,within,FALSE
12149451688,node,"Sunflower Medical Center, Hospital","",90.4288071658634,24.1672886644065,BD30,BD3033,Gazipur,within,FALSE
12318382236,node,"Suvarna Clinic, Hospital","",90.2387652810387,24.0450835336218,BD30,BD3033,Gazipur,within,FALSE
12155242291,node,"Swadesh Hospital and Diagnostic Center, Private hospital","",90.4120031263812,24.220626569975,BD30,BD3033,Gazipur,within,FALSE
12112199670,node,Tairunnessa Memorial Medical College And Hospital,"",90.3889221310694,23.9302529688872,BD30,BD3033,Gazipur,within,TRUE
12351059626,node,"Tajmohol Medical, Hospital","",90.3093159276883,24.0134897936279,BD30,BD3033,Gazipur,within,FALSE
12357896365,node,Tanha Healthcare Hospital,"",90.2760498303732,24.0262524984951,BD30,BD3033,Gazipur,within,FALSE
12157516005,node,"Tania Medical and Diagnostic Center, Hospital","",90.3983255367826,24.2587611281103,BD30,BD3033,Gazipur,within,FALSE
12110125420,node,"Tongi Central Hospital, Hospital","",90.3960260454661,23.9135591514317,BD30,BD3033,Gazipur,within,FALSE
12104110385,node,Tongi Gonosastho Hospital,"",90.3964801769799,23.8843544214803,BD30,BD3033,Gazipur,within,FALSE
12318376143,node,"Walton Medical Center, Hospital","",90.2378205567321,24.0400165893344,BD30,BD3033,Gazipur,within,FALSE
14008236801,node,খাজা বদরুদ্দোজা মডার্ণ হাসপাতাল (BHRF),"",90.2735651828155,24.026767482626,BD30,BD3033,Gazipur,within,FALSE
12438330901,node,গণস্বাস্থ্য হাসপাতাল,"",90.3240475416109,24.0257941760295,BD30,BD3033,Gazipur,within,FALSE
14060875805,node,পপুলার ডায়াগনেস্টিক সেন্টার,"",90.4167029433096,23.9968032684281,BD30,BD3033,Gazipur,within,FALSE
13595634602,node,মৌচাক পপুলার হসপিটাল,"",90.2943220440154,24.0230144854801,BD30,BD3033,Gazipur,within,FALSE
2332686514,node,শহীদ তাজউদ্দীন আহমেদ মেডিকেল কলেজ হাসপাতাল,"",90.4248041365459,23.9925471894537,BD30,BD3033,Gazipur,within,FALSE
13308312569,node,সিটি ডিজিটাল ডায়াগনস্টিক এন্ড কনসালটেশন সেন্টার,"",90.3217153608719,23.9927310884094,BD30,BD3033,Gazipur,within,FALSE
13634210501,node,"সিটি মেডিকেল কলেজ এন্ড হসপিটাল,গাজীপুর","",90.3619801796987,23.9904265679508,BD30,BD3033,Gazipur,within,FALSE
13595606602,node,সুফিয়া হসপিটাল এন্ড ডায়াগনষ্টিক কমপ্লেক্স,"",90.2946314200615,24.0238606386055,BD30,BD3033,Gazipur,within,FALSE
3776240715,node,"","",89.9668574317374,23.2053060190854,BD30,BD3035,Gopalganj,within,FALSE
1086185419,way,"","",89.8208669980275,22.994071833191,BD30,BD3035,Gopalganj,within,FALSE
4567165290,node,"","",89.8198637443263,22.9490173434337,BD30,BD3035,Gopalganj,within,FALSE
9799181179,node,Gobra community clinic,"",89.8100169359352,22.97752997964,BD30,BD3035,Gopalganj,within,FALSE
232240200,way,Gopalganj General Hospital,"",89.8192734840389,22.9985087517264,BD30,BD3035,Gopalganj,within,FALSE
2343417352,node,Gopinathpur Union Health Complex,"",89.7569936870118,23.1021397946261,BD30,BD3035,Gopalganj,within,FALSE
11917683484,node,"Jilerdanga Community Clinic., Hospital","",89.9982402830474,23.3087040869865,BD30,BD3035,Gopalganj,within,FALSE
11917668979,node,"Kanuria kominiti kilinik, Hospital","",89.9913735765105,23.2964032249842,BD30,BD3035,Gopalganj,within,FALSE
2343417355,node,Kashiani Upazila Health Complex,"",89.7186349967856,23.2423633350249,BD30,BD3035,Gopalganj,within,FALSE
2343395420,node,Kotalipara Upazila Health Complex,"",90.0049272815801,22.9872530711403,BD30,BD3035,Gopalganj,within,FALSE
2344153960,node,Muksudpur Upazila Health Complex,"",89.8721498886846,23.3192130657283,BD30,BD3035,Gopalganj,within,FALSE
2343395458,node,Tungipara Upazila Health Complex,"",89.8890716939065,22.8938107763716,BD30,BD3035,Gopalganj,within,FALSE
8034494690,node,কাশিয়ানী ১০০ শয্যা হাসপাতাল,"",89.7228388565033,23.2378002269372,BD30,BD3035,Gopalganj,within,FALSE
7387955487,node,Abedin Hospital (Pvt.),"",90.9747935259311,24.0557714659964,BD30,BD3048,Kishoreganj,within,FALSE
533504783,way,Abedin Hospital (Pvt.),"",90.9747913976584,24.0557715079059,BD30,BD3048,Kishoreganj,within,FALSE
7387968172,node,Al-Shefa Hospital,private,90.977537425754,24.0550342776123,BD30,BD3048,Kishoreganj,within,FALSE
7384874015,node,Anuwara General Hospital,"",90.9863186427946,24.0470908317938,BD30,BD3048,Kishoreganj,within,FALSE
13844566001,node,Deen Eye Hospital দিন চক্ষু হাসপাতাল,"",90.7766189319142,24.4563176405872,BD30,BD3048,Kishoreganj,within,FALSE
13844043201,node,Diabetics Hospital ডায়াবেটিক হাসপাতাল,"",90.7769056768217,24.443737158295,BD30,BD3048,Kishoreganj,within,FALSE
5863662519,node,Hossainpur Upazila Health Complex,"",90.6567039885336,24.4171737336717,BD30,BD3048,Kishoreganj,within,FALSE
656888387,way,Johurul Islam Medical College and Hospital,"",90.9177022993608,24.2002961380991,BD30,BD3048,Kishoreganj,within,TRUE
2332679003,node,Karimganj Upazilla Health Complex,"",90.8718752381677,24.4657898617255,BD30,BD3048,Kishoreganj,within,FALSE
2332679004,node,Katiyadi Upazilla Health Complex,"",90.7978090536891,24.2443694841804,BD30,BD3048,Kishoreganj,within,FALSE
6163500243,node,Kuliarchar Upazila Health Complex,"",90.9288905361155,24.1572884671872,BD30,BD3048,Kishoreganj,within,FALSE
5866203323,node,Mithamoin Upazila Health Complex,"",91.0541000762737,24.4156448745329,BD30,BD3048,Kishoreganj,within,FALSE
13844048101,node,Mother and Child Welfare Centre মা ও শিশু কল্যাণ কেন্দ্র,"",90.776752958546,24.4434319732005,BD30,BD3048,Kishoreganj,within,FALSE
2332679007,node,Nikli Upazilla Health Complex,"",90.933630250903,24.3258925449983,BD30,BD3048,Kishoreganj,within,FALSE
2332679008,node,Pakundia Upazilla Health Complex,"",90.6794940479863,24.3293627367311,BD30,BD3048,Kishoreganj,within,FALSE
13846497403,node,President Abdul Hamid Medical College and Hospital রাষ্ট্রপতি আবদুল হামিদ মেডিকেল কলেজ ও হাসপাতাল,"",90.8555458658621,24.4476585478757,BD30,BD3048,Kishoreganj,within,TRUE
6807632721,node,Shikha Diagnostic Center,"",90.7768709757426,24.4414015409757,BD30,BD3048,Kishoreganj,within,FALSE
6162814797,node,Tarail Upazila Health Complex l,"",90.8872961798073,24.5501972192444,BD30,BD3048,Kishoreganj,within,FALSE
5675833715,node,কটিয়াদি পশু হাসপাতাল,"",90.7985861399323,24.2505961485909,BD30,BD3048,Kishoreganj,within,FALSE
13844211901,node,জরুরি বিভাগ - কিশোরগঞ্জ সদর হাসপাতাল,"",90.7766903457293,24.4430435558074,BD30,BD3048,Kishoreganj,within,FALSE
13066251917,node,হাবিব মেডিকেল হল এন্ড চিকিৎসালয়,pharmacy,90.881236650546,24.116917030552,BD30,BD3048,Kishoreganj,within,FALSE
11900951413,node,"","",90.2100788879797,23.1673448825268,BD30,BD3054,Madaripur,within,FALSE
11900982403,node,"","",90.2131974588744,23.1677994331359,BD30,BD3054,Madaripur,within,FALSE
11909641024,node,"ADMA MEMORIAL HOSPITAL AND DIGITAL DIAGNOSTIC CENTER, Hospital, Bhanga - Barisal Hwy, Tekerhat","",90.0200167189493,23.2227467479327,BD30,BD3054,Madaripur,within,FALSE
11900970617,node,"Animal Hospital Madaripur, Hospital, Madaripur","",90.215433499184,23.1721135986993,BD30,BD3054,Madaripur,within,FALSE
9100046317,node,Chowdhury Clinic চৌধুরি ক্লিনিক,"",90.2100595257833,23.1650996221237,BD30,BD3054,Madaripur,within,FALSE
11843970692,node,"Elias Ahmed Chowdhury Trauma Center, Hospital, Daulatpur, Shibchar","",90.1262640471961,23.3885601549012,BD30,BD3054,Madaripur,within,FALSE
2343411521,node,Kalkini Upazila Health Complex,"",90.2292063910216,23.0751000264455,BD30,BD3054,Madaripur,within,FALSE
11909648720,node,"Life Care Digital Lab and hospital, Private hospital, Bazar Road, Tekerhat","",90.0214967954116,23.2269929362614,BD30,BD3054,Madaripur,within,FALSE
11909668779,node,"Lion Sirajul Islam Eye Hospital, Private hospital, Tekerhat","",90.021635096814,23.2251391945555,BD30,BD3054,Madaripur,within,FALSE
2343417357,node,Madaripur Sadar Hospital মাদারীপুর সদর হাসপাতাল,"",90.2117734573442,23.1654131891214,BD30,BD3054,Madaripur,within,FALSE
11903941913,node,"Mostafapur Medical Center, Hospital, Bhanga - Barisal Hwy, Madaripur","",90.1375173389397,23.1609727920962,BD30,BD3054,Madaripur,within,FALSE
9100015407,node,Niramoy Hospital নিরাময় হাসপাতাল,"",90.2065302416331,23.1701963221674,BD30,BD3054,Madaripur,within,FALSE
12241932276,node,Planet Hospital,"",90.2030110995857,23.1696378359589,BD30,BD3054,Madaripur,within,FALSE
2343417358,node,Rajoir Upazila Health Complex,"",90.0478775783648,23.2095081186034,BD30,BD3054,Madaripur,within,FALSE
11909661808,node,"Rokeya Hospital & Moli Digonist, Hospital, Dhaka - Barisal Hwy, Tekerhat","",90.0203491452291,23.229263258555,BD30,BD3054,Madaripur,within,FALSE
2344153961,node,Shibchar Upazila Health Complex,"",90.1705932508718,23.3431050939912,BD30,BD3054,Madaripur,within,FALSE
13810725001,node,কাদিরপুর ইউনিয়ন স্বাস্থ্য ও পরিবার কল্যাণ কেন্দ্র,"",90.2212912760358,23.3800225997857,BD30,BD3054,Madaripur,within,FALSE
12573810516,node,"","",89.8142955622291,23.7944696578756,BD30,BD3056,Manikganj,within,FALSE
13722782401,node,"","",90.0055880270073,23.8586869384872,BD30,BD3056,Manikganj,within,FALSE
12570883701,node,"Al-Ehsan Digital Diagnostic Centre, Hospital","",89.8214979639881,23.8454710241155,BD30,BD3056,Manikganj,within,FALSE
12581921181,node,"Animal Hospital, Hospital","",89.8298882490648,23.9691357795188,BD30,BD3056,Manikganj,within,FALSE
12553708821,node,"Baimail shasto kendro, Hospital","",90.096035216315,23.8146781749699,BD30,BD3056,Manikganj,within,FALSE
12536036601,node,"Balaka General Hospital, Hospital","",89.9997918571438,23.8667626507378,BD30,BD3056,Manikganj,within,FALSE
12553658963,node,"CARE AND CURE DIAGNOSTIC CENTER, Hospital","",90.0399568475039,23.8266902804078,BD30,BD3056,Manikganj,within,FALSE
12573937029,node,"Ghior Hospital (50 Beds), Hospital","",89.8770201935236,23.8907049704197,BD30,BD3056,Manikganj,within,FALSE
12573911264,node,"Ghior Upazila Parishad Hospital, Hospital","",89.8795735726874,23.8901546984764,BD30,BD3056,Manikganj,within,FALSE
2332686515,node,Ghior Upazilla Health Complex,"",89.8771439942335,23.8909212235216,BD30,BD3056,Manikganj,within,FALSE
12543471575,node,"Hamdard Treatment And Sales Center, Hospital","",89.9988682552331,23.8691239166808,BD30,BD3056,Manikganj,within,FALSE
2365517028,node,Harirampur Upazila Health Complex,"",89.9755999243854,23.7422153647493,BD30,BD3056,Manikganj,within,FALSE
12536073021,node,"Health Care Medical Centre, Hospital","",89.9996512926276,23.8672562610157,BD30,BD3056,Manikganj,within,FALSE
12533783269,node,"Islami Bank Community Hospital, Hospital","",89.9977564795962,23.8709981940495,BD30,BD3056,Manikganj,within,FALSE
12538994360,node,"Manikganj Apollo Hospital, Hospital","",90.0015068783521,23.8591418243724,BD30,BD3056,Manikganj,within,FALSE
2381382608,node,Manikganj General Hospital,"",90.000510856798,23.8692569374842,BD30,BD3056,Manikganj,within,FALSE
12533786793,node,Manikganj Life Care Hospital,"",89.9977085351101,23.8734878707491,BD30,BD3056,Manikganj,within,FALSE
12543522225,node,"Manikgonj Orthopedic And General Hospital, Hospital","",89.9981279655448,23.8683683719288,BD30,BD3056,Manikganj,within,FALSE
12543506888,node,"Mitora General Hospital And Diagnostic Center, Hospital","",90.0468219614791,23.8168880637415,BD30,BD3056,Manikganj,within,FALSE
12561064578,node,"Mohadebpour Health Care, Hospital","",89.8820113654064,23.8487178381288,BD30,BD3056,Manikganj,within,FALSE
1309435070,way,Monno Medical College & Hospital,"",89.9529835407243,23.8478883649907,BD30,BD3056,Manikganj,within,TRUE
12533780899,node,"National General Hospital, Hospital","",89.9973427488555,23.8732754733227,BD30,BD3056,Manikganj,within,FALSE
12536075351,node,"Niramoy Nursing Home and Diagnostic Centre, Hospital","",90.0005523472187,23.8616003203923,BD30,BD3056,Manikganj,within,FALSE
12526237774,node,"Pallyshasthya Hospital., Hospital","",90.0034645556573,23.8711367469089,BD30,BD3056,Manikganj,within,FALSE
12533780227,node,"Pallyshasthya Meditech Hospital, Hospital","",90.0028838574055,23.8721556510587,BD30,BD3056,Manikganj,within,FALSE
12526246310,node,"Path Drug Addiction Information Support and Rehabilitation Centre, Hospital","",90.0032106678102,23.8713920596796,BD30,BD3056,Manikganj,within,FALSE
2381382609,node,Saturia Upazila Health Complex,"",90.0353449567398,23.9684566777237,BD30,BD3056,Manikganj,within,FALSE
12536085040,node,"Shapla Medical Center, Hospital","",89.999644335648,23.8673366434671,BD30,BD3056,Manikganj,within,FALSE
2382256252,node,Shibalaya Upazila Health Complex,"",89.8215541227393,23.8465190972883,BD30,BD3056,Manikganj,within,FALSE
12558767936,node,"Shibalaya Upazila Health Complex, Government hospital","",89.8214632629089,23.8461377206939,BD30,BD3056,Manikganj,within,FALSE
12543578766,node,"Singair Clinic And Diagnostic Centre, Hospital","",90.1479149221884,23.8082458186555,BD30,BD3056,Manikganj,within,FALSE
2332686520,node,Singair Upazilla Health Complex,"",90.1490042343249,23.8137907828809,BD30,BD3056,Manikganj,within,FALSE
12553670780,node,"Tanveer Medical Hall, Hospital","",90.0950079302621,23.8151074960504,BD30,BD3056,Manikganj,within,FALSE
1309431260,way,Upazila Health Complex,"",89.8290307787256,23.9665813945267,BD30,BD3056,Manikganj,within,FALSE
1487278891,way,matanity,"",90.0053531993069,23.8587588,BD30,BD3056,Manikganj,within,FALSE
436904627,way,niramoy nursing home,"",90.0006597756784,23.86166975,BD30,BD3056,Manikganj,within,FALSE
9923632475,node,রিয়া জেনারেল হাসপাতাল এন্ড ডায়াগনস্টিক সেন্টার,"",90.0548598713464,23.9070637632054,BD30,BD3056,Manikganj,within,FALSE
9923632476,node,রিয়া জেনারেল হাসপাতাল এন্ড ডায়াগনস্টিক সেন্টার,"",90.0558143186608,23.9074920784576,BD30,BD3056,Manikganj,within,FALSE
434983010,way,Al-Noor Diagnostic,"",90.3890938758022,23.5499833305349,BD30,BD3059,Munshiganj,within,FALSE
11637217848,node,"Basumoti General Hospital, General hospital, Dhaka - Mawa Hwy, Dhaka","",90.3323743756806,23.6147680240819,BD30,BD3059,Munshiganj,within,FALSE
11637091165,node,"Equria General Hospital, Dhaka - Mawa Hwy, Dhaka","",90.3272581458025,23.6097069471267,BD30,BD3059,Munshiganj,within,FALSE
7540255161,node,Fazilatunnesha Kuddus Hospital,"",90.4926734961892,23.5723857688753,BD30,BD3059,Munshiganj,within,FALSE
2382257864,node,Gazaria Upazila Health Complex,"",90.6529190563366,23.5529683358026,BD30,BD3059,Munshiganj,within,FALSE
435506326,way,Hosneara Hospital,"",90.3841533950254,23.5711368233929,BD30,BD3059,Munshiganj,within,FALSE
9591245800,node,Lab Aid Hospital,"",90.533468973306,23.554258226882,BD30,BD3059,Munshiganj,within,FALSE
9591245790,node,Munhiganj Care Hospital,"",90.5323875401585,23.5538889202281,BD30,BD3059,Munshiganj,within,FALSE
3923731153,node,Munshigonj General Hospital,"",90.5309552405443,23.5543664372519,BD30,BD3059,Munshiganj,within,FALSE
434983106,way,New Arafat General Hospital,"",90.3889492372662,23.5503080454639,BD30,BD3059,Munshiganj,within,FALSE
3924039899,node,Popular General Hospital,"",90.3898362614295,23.5504162977433,BD30,BD3059,Munshiganj,within,FALSE
2382257865,node,Sirajdikhan Upazila Health Complex,"",90.38763483838,23.5499680335616,BD30,BD3059,Munshiganj,within,FALSE
2344451137,node,Sreenagar Upazila Health Complex,"",90.290195549264,23.55012745736,BD30,BD3059,Munshiganj,within,FALSE
7003637715,node,Tongibari upazila health complex,"",90.4674834464009,23.5123018561756,BD30,BD3059,Munshiganj,within,FALSE
11637089101,node,"Unicare diagonestic center Hospital, Nimtola Road, Shekharnagar","",90.330471348384,23.6155525702189,BD30,BD3059,Munshiganj,within,FALSE
11626681206,node,"Yasmin Delwar Hospital, Sologhor Koborsthan, Bazar Road, Sreenagar","",90.2970780975978,23.5534094753666,BD30,BD3059,Munshiganj,within,FALSE
5209605434,node,Al Rafi Hospital Ltd.,"",90.5683694579208,23.7851098380588,BD30,BD3067,Narayanganj,within,FALSE
2344450874,node,Bandar Upazila Health Complex,"",90.5251276385438,23.6294024917467,BD30,BD3067,Narayanganj,within,FALSE
5213573049,node,Bhulta Islami Hospital,"",90.5657655358809,23.7841624315431,BD30,BD3067,Narayanganj,within,FALSE
5187825943,node,Mukti General Hospital মুক্তি জেনারেল হাসপাতাল লিঃ,"",90.5010422397747,23.6219646423276,BD30,BD3067,Narayanganj,within,FALSE
68830095,way,Narayanganj General Hospital,"",90.5081211958972,23.6268061553292,BD30,BD3067,Narayanganj,within,FALSE
689628097,way,Victoria General Hospital,"",90.503315040524,23.6085808803448,BD30,BD3067,Narayanganj,within,FALSE
5580727724,node,"","",90.6347546339692,23.9759480875041,BD30,BD3068,Narsingdi,within,FALSE
9692137611,node,Belabo Upazila Health Complex,"",90.8513709237104,24.1070292346543,BD30,BD3068,Narsingdi,within,FALSE
7435000339,node,Family Development Center,"",90.7586063896324,24.2240300417586,BD30,BD3068,Narsingdi,within,FALSE
9263398895,node,Hazrat Sahjalal General Hospital,"",90.7018606536906,23.9278125777782,BD30,BD3068,Narsingdi,within,FALSE
9263369564,node,Holly Dental Care,private,90.7018418782275,23.9277421697916,BD30,BD3068,Narsingdi,within,FALSE
1003924871,way,Jila Hospital Narsingdi,"",90.7027686364799,23.9297552933863,BD30,BD3068,Narsingdi,within,FALSE
5685808735,node,Narsingdi Sadar Hospital,"",90.71845372067,23.9201434716506,BD30,BD3068,Narsingdi,within,FALSE
7612901733,node,Shibpur Upazila Health Complex,"",90.7325734556609,24.0372455321452,BD30,BD3068,Narsingdi,within,FALSE
7483515370,node,Taj Hospital,"",90.7031206213757,24.1401562761957,BD30,BD3068,Narsingdi,within,FALSE
2344447490,node,Baliakandi Upazila Health Complex,"",89.5489779842979,23.6320112752904,BD30,BD3082,Rajbari,within,FALSE
2365517025,node,Goalanda Upazila Health Complex,"",89.7466980277057,23.7240228630064,BD30,BD3082,Rajbari,within,FALSE
2344447512,node,Pangsha Upazila Health Complex,"",89.4255049230202,23.7909361827738,BD30,BD3082,Rajbari,within,FALSE
2365517031,node,Rajbari General Hospital,"",89.6476794203938,23.7499924297898,BD30,BD3082,Rajbari,within,FALSE
1221478014,way,দৌলতদিয়া গণস্বাস্থ্য কেন্দ্র,"",89.7807243898146,23.76110495,BD30,BD3082,Rajbari,within,FALSE
11328746544,node,দৌলতদিয়া গণস্বাস্থ্য কেন্দ্র,"",89.7807366850362,23.7611396904584,BD30,BD3082,Rajbari,within,FALSE
11878655441,node,"","",90.3449771538351,23.3027824400324,BD30,BD3086,Shariatpur,within,FALSE
11597419541,node,"","",90.2337384860675,23.4075144878236,BD30,BD3086,Shariatpur,within,FALSE
1339874375,way,"","",90.4938731033539,23.25222175,BD30,BD3086,Shariatpur,within,FALSE
11890600884,node,City Adhunik Hospital & Diagnostic Center,"",90.3478467822056,23.2128753805653,BD30,BD3086,Shariatpur,within,FALSE
5314304030,node,Damudya Upazila Health Complex,"",90.4426407426801,23.1379710895884,BD30,BD3086,Shariatpur,within,FALSE
11898417038,node,"Dr. Monirul Islam Monir, Hospital, Angariya Road, Angaria","",90.3246318440811,23.190981598019,BD30,BD3086,Shariatpur,within,FALSE
2343417353,node,Goshairhat Upazila Health Complex,"",90.4289938308471,23.0796824967295,BD30,BD3086,Shariatpur,within,FALSE
11890573534,node,Haji Shoriat Ullah Hospital,"",90.3480613589269,23.2134414943056,BD30,BD3086,Shariatpur,within,FALSE
11594030014,node,"Naodoba Union Health Complex, Hospital, Shariatpur Road, Naodoba","",90.2446075513697,23.3982271714692,BD30,BD3086,Shariatpur,within,FALSE
2344154060,node,Naria Upazila Health Complex,government,90.4285327423535,23.3085293243053,BD30,BD3086,Shariatpur,within,FALSE
11890403252,node,"Nur General Hospital, Shariatpur","",90.3474202271531,23.2099205920586,BD30,BD3086,Shariatpur,within,FALSE
11890573533,node,Shariatpur Dental Hospital,"",90.347742176054,23.2125146234527,BD30,BD3086,Shariatpur,within,FALSE
234413205,way,Shariatpur General Hospital,"",90.3488531989146,23.2118020778639,BD30,BD3086,Shariatpur,within,FALSE
2344154059,node,ভেদরগঞ্জ উপজিলা হেলথ কমপ্লেক্স,"",90.4481612317482,23.1975300436923,BD30,BD3086,Shariatpur,within,FALSE
568474944,way,"","",90.0995906072703,24.10736445,BD30,BD3093,Tangail,within,FALSE
5469170396,node,"","",90.1089660621598,24.1099831849708,BD30,BD3093,Tangail,within,FALSE
1287915413,way,"","",89.8747567573412,24.4630183854412,BD30,BD3093,Tangail,within,FALSE
12390047637,node,"","",89.9223173393778,24.2504523989515,BD30,BD3093,Tangail,within,FALSE
275464598,way,"","",89.9251870230407,24.264126007146,BD30,BD3093,Tangail,within,FALSE
9603791906,node,Amena Dental,"",89.9224778528236,24.2618854825182,BD30,BD3093,Tangail,within,FALSE
9603841728,node,Amena Hospital,"",89.925870176676,24.2664450702066,BD30,BD3093,Tangail,within,FALSE
12617984827,node,"Anwara Hashem Hospital, Hospital","",89.9212921488007,24.3866507818082,BD30,BD3093,Tangail,within,FALSE
12390077211,node,Ashikpur Open Eye Hospital,"",89.9328599295514,24.2484293428016,BD30,BD3093,Tangail,within,FALSE
9603791905,node,Asia Hospital,"",89.9224148209117,24.2616989851726,BD30,BD3093,Tangail,within,FALSE
12595553360,node,"Ayesha Khanam Memorial Hospital, Hospital","",89.9137096277328,24.2484444302273,BD30,BD3093,Tangail,within,FALSE
555067130,way,Bakul Medical Hall Pharmacy,"",89.9946489468594,24.3872626188304,BD30,BD3093,Tangail,within,FALSE
12595380121,node,"Bakultala Alloa Tarini Community Clinic, Hospital","",89.904162137104,24.2063004725279,BD30,BD3093,Tangail,within,FALSE
2332680744,node,Bhuapur Upazilla Health Complex,"",89.874704776591,24.4630501528542,BD30,BD3093,Tangail,within,FALSE
12376016949,node,Bikash Hospital,"",90.0959945640846,24.1050128840269,BD30,BD3093,Tangail,within,FALSE
12376006230,node,Bongshai Digital Hospital,"",90.0956655743851,24.1051078509899,BD30,BD3093,Tangail,within,FALSE
12615611725,node,"Capital Hospital, Hospital","",89.9138721528353,24.2496389352485,BD30,BD3093,Tangail,within,FALSE
12649423870,node,"Care Hospital, Hospital","",89.9524465932492,24.6784922217798,BD30,BD3093,Tangail,within,FALSE
13633536220,node,Central Mucta Hospital,"",89.9164510968038,24.2537321538443,BD30,BD3093,Tangail,within,FALSE
2881689476,node,Chatila Sub Health Center,"",89.912698518753,24.592141184734,BD30,BD3093,Tangail,within,FALSE
12649274885,node,"Chhand Drug Addiction Counseling and Treatment Centre, Hospital department","",89.9596306386402,24.6676062250332,BD30,BD3093,Tangail,within,FALSE
12617816272,node,"Chittagong Unani Medical Center, Hospital","",89.9095121382616,24.2430859633475,BD30,BD3093,Tangail,within,FALSE
12629762440,node,"City Heart Hospital, Hospital","",89.8754465750218,24.4587780644447,BD30,BD3093,Tangail,within,FALSE
9603093060,node,Comfort Dental,"",89.9188990316256,24.2529083804004,BD30,BD3093,Tangail,within,FALSE
9603791904,node,Comfort Hospital,"",89.9223598356269,24.2614480309916,BD30,BD3093,Tangail,within,FALSE
12595576473,node,"DR.PRANOB KARMAKER, MD (Cardiology), Medical Center","",89.9133369683177,24.2444667980763,BD30,BD3093,Tangail,within,FALSE
2381383999,node,Delduar Upazila Health Complex,"",89.9669069687851,24.1637769822529,BD30,BD3093,Tangail,within,FALSE
9603791907,node,Desh Bondhu Hospital,"",89.9225092849605,24.2620180842264,BD30,BD3093,Tangail,within,FALSE
9603808921,node,Diabetic Hospital,"",89.9240316900339,24.2623982873544,BD30,BD3093,Tangail,within,FALSE
2799229931,node,Doctors Clinic,"",89.9171925599585,24.2537173178756,BD30,BD3093,Tangail,within,FALSE
12647104951,node,"Doctors Medical Center And Hospital, Hospital","",90.0226623828669,24.6089477387872,BD30,BD3093,Tangail,within,FALSE
12592914855,node,"Elasin Union Health and Family Welfare Centre, Hospital","",89.8994429579792,24.1383885328164,BD30,BD3093,Tangail,within,FALSE
12393557433,node,"Elenga Clinic And Nursing Home, Hospital","",89.9253126962959,24.3354349226662,BD30,BD3093,Tangail,within,FALSE
12397500238,node,"Ellenga Hospital Limited, Hospital","",89.9242677244273,24.3346360434747,BD30,BD3093,Tangail,within,FALSE
12647095930,node,Emergency - Upazila Health Complex,"",90.0254622738031,24.6084934396352,BD30,BD3093,Tangail,within,FALSE
9603841734,node,Fare Hospital,"",89.9255899696529,24.2667561226333,BD30,BD3093,Tangail,within,FALSE
12415498416,node,Ghatail Animal Hospital,"",89.9737775309974,24.4778884684042,BD30,BD3093,Tangail,within,FALSE
12407022554,node,"Ghatail Digital Clinic And Narsing Home, General hospital","",89.9734955637746,24.4855890904878,BD30,BD3093,Tangail,within,FALSE
7387222877,node,Govment Hospital,"",89.9784918486183,24.2221009467432,BD30,BD3093,Tangail,within,FALSE
12378576037,node,"Hahnemann Homoeo Clinic, Hospital","",89.9785793556874,24.2091064822533,BD30,BD3093,Tangail,within,FALSE
12623117329,node,"Health Narinda, Hospital","",89.9116372859922,24.4065423791435,BD30,BD3093,Tangail,within,FALSE
12395767049,node,"Ichapur Community Clinic, Hospital","",89.9692371378674,24.3743317310761,BD30,BD3093,Tangail,within,FALSE
231233821,way,Jalchatra Hospital,"",90.0748925280209,24.6521461399058,BD30,BD3093,Tangail,within,FALSE
12617931214,node,"Joy clinic And Hospital, Hospital","",89.9130092359036,24.2442572504969,BD30,BD3093,Tangail,within,FALSE
2381384473,node,Kalihati Upazila Health Complex,"",89.9905505574379,24.3899050557154,BD30,BD3093,Tangail,within,FALSE
2332679845,node,Kalihati Upazilla Health Complex,"",89.9902749604616,24.3896743857401,BD30,BD3093,Tangail,within,FALSE
9603808923,node,Lab Zone Hospital,"",89.9245515356687,24.2625840303287,BD30,BD3093,Tangail,within,FALSE
12382123485,node,"Labcare Diagnostic And Hospital, Hospital","",90.1186613257416,24.0965380255472,BD30,BD3093,Tangail,within,FALSE
12378615611,node,Life Care General Hospital,"",89.9194212241933,24.2513185848254,BD30,BD3093,Tangail,within,FALSE
9603808925,node,Life Pharma Medical Hal,"",89.9248820341109,24.2625167236462,BD30,BD3093,Tangail,within,FALSE
12595550435,node,"MCWC Tangail, Hospital","",89.9135413191171,24.2450873941872,BD30,BD3093,Tangail,within,FALSE
781290384,way,MI Room PKP,government,90.152315272778,24.2568640519651,BD30,BD3093,Tangail,within,FALSE
12649388519,node,"Ma O Sishu Hospital, Hospital","",89.9532213325595,24.6751270552937,BD30,BD3093,Tangail,within,FALSE
12635265482,node,"Ma o Shishu General Hospital and Diabetes Center, Hospital","",89.8191455828624,24.3957839549632,BD30,BD3093,Tangail,within,FALSE
9694380895,node,Madinova Hospital,"",89.9132334518135,24.2445778582933,BD30,BD3093,Tangail,within,FALSE
9603841729,node,Manob Sheba Hospital,"",89.926290361482,24.2664749936009,BD30,BD3093,Tangail,within,FALSE
9603841733,node,Merin Nursing Home,"",89.9252829405396,24.2670196496691,BD30,BD3093,Tangail,within,FALSE
12595558548,node,"Metarnity Hospital, Hospital","",89.913356246695,24.2454303816651,BD30,BD3093,Tangail,within,FALSE
12620489544,node,"Mirza Clinic, Hospital","",89.8738194799778,24.4603881442253,BD30,BD3093,Tangail,within,FALSE
12415463989,node,"Moon Nursing Home, Hospital","",89.9740906789,24.4784130917238,BD30,BD3093,Tangail,within,FALSE
9603791903,node,N I Jakir Hospital,"",89.9223480171434,24.2609855175745,BD30,BD3093,Tangail,within,FALSE
12584928616,node,Nagarpur Hospital Ground,"",89.8734033184852,24.051684533828,BD30,BD3093,Tangail,within,FALSE
2332686517,node,Nagarpur Upazilla Health Complex,"",89.8738266884145,24.0507024262332,BD30,BD3093,Tangail,within,FALSE
2824254451,node,Nagda Shimla Health Center,"",89.9164749852278,24.6140872703561,BD30,BD3093,Tangail,within,FALSE
12404574067,node,Niramoy General Hospital,"",89.995888656293,24.3891985450969,BD30,BD3093,Tangail,within,FALSE
9603808924,node,Padma Digital Clinic,"",89.9247264659879,24.2625359182045,BD30,BD3093,Tangail,within,FALSE
12595498725,node,"Rokeya Eye Care center, Private hospital","",89.9116299937364,24.2433405217468,BD30,BD3093,Tangail,within,FALSE
9603791914,node,SSS Hospital,"",89.9235176279123,24.2627265226827,BD30,BD3093,Tangail,within,FALSE
9603808928,node,Sadesh Hospital,"",89.9246251287786,24.2623405360415,BD30,BD3093,Tangail,within,FALSE
9603791902,node,Sarkar Hospital,"",89.9223755936048,24.260809832884,BD30,BD3093,Tangail,within,FALSE
2799241565,node,Shapla Clinic,"",89.9223290740422,24.2718149364747,BD30,BD3093,Tangail,within,FALSE
9603841731,node,Sheba Hospital,"",89.9252293801783,24.2665985428537,BD30,BD3093,Tangail,within,FALSE
12640234547,node,"Sheba Hospital, Hospital","",89.95325159123,24.6743638830098,BD30,BD3093,Tangail,within,FALSE
9696541111,node,"Sheikh Hasina Medical College & Hospital, Tangail.","",89.9242869189855,24.2641528711457,BD30,BD3093,Tangail,within,TRUE
12382146589,node,"Sikder Specialized Hospital, Hospital","",90.1737338661719,24.0919517834068,BD30,BD3093,Tangail,within,FALSE
12623162740,node,"Singuriya Community Clinic, Hospital","",89.8966835516355,24.4216729716572,BD30,BD3093,Tangail,within,FALSE
9603841730,node,Sonia Nurching Home,"",89.9252174778758,24.2663635981077,BD30,BD3093,Tangail,within,FALSE
9603808927,node,Sunrise Hospital,"",89.9244072831151,24.262331064491,BD30,BD3093,Tangail,within,FALSE
12376078265,node,"Taj Hospital and Diagnostic Center, Private hospital","",90.0202399290308,24.1468953263473,BD30,BD3093,Tangail,within,FALSE
2332680745,node,Tangail Medical College and Hospital,"",89.9252632430672,24.2639697265614,BD30,BD3093,Tangail,within,TRUE
9603791908,node,Tangail Model Pharam,"",89.9225721492343,24.2622224350258,BD30,BD3093,Tangail,within,FALSE
12415624242,node,"Top 10 Specialised Hospital, Hospital","",89.974064275905,24.4868677498169,BD30,BD3093,Tangail,within,FALSE
12430506196,node,Tuberculosis and Leprosy Hospital,"",90.0758335723813,24.6444438414416,BD30,BD3093,Tangail,within,FALSE
9603841732,node,Unite Hospital,"",89.9252740557222,24.2670984395589,BD30,BD3093,Tangail,within,FALSE
12649374392,node,"Upazila Health Complex, Government hospital","",89.9542715850271,24.6897978165993,BD30,BD3093,Tangail,within,FALSE
1464204972,way,"Upazilla Health Complex, Madhupur,  Tangail",government,90.0259569229894,24.6088738,BD30,BD3093,Tangail,within,FALSE
568495405,way,ozpitalez 24 orillaz :v,"",90.0961272071038,24.1107022265345,BD30,BD3093,Tangail,within,FALSE
9696541103,node,আল সেফা ক্লিনিক,"",89.9199652935283,24.2517015539815,BD30,BD3093,Tangail,within,FALSE
6787513693,node,কুমুদিনি হাসপাতাল,"",90.0938209689537,24.0974791456355,BD30,BD3093,Tangail,within,FALSE
2332679843,node,বাসাইল উপজেলা স্বাস্থ্য কমপ্লেক্স,"",90.0543494972621,24.2289299347158,BD30,BD3093,Tangail,within,FALSE
9696541110,node,রাজধানী নাসিং হোম,"",89.9239758665588,24.2632446919369,BD30,BD3093,Tangail,within,FALSE
9694380896,node,শামসুল হক মেমরিয়াল হসপিটাল,"",89.9137033413054,24.2441111539246,BD30,BD3093,Tangail,within,FALSE
624202516,way,স্বাস্থ্য কমপ্লেক্স,"",89.8907411788446,24.2362191310821,BD30,BD3093,Tangail,within,FALSE
9575854334,node,"Bagerhat Eye Hospital, Bagerhat","",89.7775094846764,22.6555583637877,BD40,BD4001,Bagerhat,within,FALSE
11765674618,node,Bagerhat Sadar Hospital,"",89.7661795823377,22.6708391600062,BD40,BD4001,Bagerhat,within,FALSE
11765674620,node,Bagerhat Sadar Hospital,"",89.7660495790195,22.6706928957959,BD40,BD4001,Bagerhat,within,FALSE
11765674621,node,Bagerhat Sadar Hospital,"",89.7657680308919,22.6721141312979,BD40,BD4001,Bagerhat,within,FALSE
9575577814,node,Bokkhabadhi Hospital,"",89.7891833803213,22.6676905818981,BD40,BD4001,Bagerhat,within,FALSE
2343351854,node,Chitalmari Upazila Health Complex,"",89.8719258404128,22.7953507390872,BD40,BD4001,Bagerhat,within,FALSE
9575842322,node,City Lab diagnostic and specialized consultation center,"",89.7949073819985,22.6606976438995,BD40,BD4001,Bagerhat,within,FALSE
5894705974,node,East Khada Animal Hospital,"",89.8405774387248,22.3102297365521,BD40,BD4001,Bagerhat,within,FALSE
2343351862,node,Fakirhat Upazila Health Complex,"",89.7005197761899,22.7775290527406,BD40,BD4001,Bagerhat,within,FALSE
5786689684,node,General hospital,"",89.8709937727799,22.3669882968057,BD40,BD4001,Bagerhat,within,FALSE
2343351880,node,Mangla Upazila Health Complex,"",89.6175707860042,22.4732355412336,BD40,BD4001,Bagerhat,within,FALSE
9575577815,node,Medimax diagnostic and consultation center,"",89.7909207812111,22.6661949989149,BD40,BD4001,Bagerhat,within,FALSE
2343395424,node,Mollahat Upazila Health Complex,"",89.8010798993145,22.9280407925516,BD40,BD4001,Bagerhat,within,FALSE
9579004312,node,ST. Pauls Hospital,"",89.6096924675733,22.4672326736378,BD40,BD4001,Bagerhat,within,FALSE
2343347189,node,Sharankhola Upazila Health Complex,"",89.8501540983767,22.3128591395776,BD40,BD4001,Bagerhat,within,FALSE
9575842319,node,"Syria Memorial Ma o Sisu General Hospital, Bagerhat","",89.788543422014,22.6643444423322,BD40,BD4001,Bagerhat,within,FALSE
9579004315,node,"Upazila Health Complex, Rampal","",89.6499932447648,22.5879579794172,BD40,BD4001,Bagerhat,within,FALSE
9575577816,node,"Upazila Sastho Complex, Bagerhat","",89.7915183270884,22.666184856812,BD40,BD4001,Bagerhat,within,FALSE
9575854342,node,"Upazila Sastho Complex, Kachua.","",89.8896506319587,22.654613555662,BD40,BD4001,Bagerhat,within,FALSE
9579004304,node,Upazila Veterinary Hospital,"",89.8738028838095,22.7948172309502,BD40,BD4001,Bagerhat,within,FALSE
2343351848,node,bagerhat sadar hospital,"",89.7885647958671,22.6679541927529,BD40,BD4001,Bagerhat,within,FALSE
9692896251,node,Alamdanga Upazila Health Complex,"",88.9029475748841,23.7885457478077,BD40,BD4018,Chuadanga,within,FALSE
2344160641,node,Chuadanga General Hospital,"",88.8473985232584,23.6356793637572,BD40,BD4018,Chuadanga,within,FALSE
2344160642,node,Damurhuda Upazila Health Complex,"",88.7627065163077,23.6142024970748,BD40,BD4018,Chuadanga,within,FALSE
330492864,way,Puratan Hospital para,"",88.8420563554758,23.6426656381428,BD40,BD4018,Chuadanga,within,FALSE
991623767,way,"","",89.0246299570946,23.2592744114106,BD40,BD4041,Jashore,within,FALSE
12692563664,node,Ad-din Sakina Medical College and Hospital আদ-দ্বীন সখিনা মেডিকেল কলেজ ও হাসপাতাল,"",89.212842628463,23.1634790649641,BD40,BD4041,Jashore,within,TRUE
5168758706,node,Alimon Nessa Diabetic Hospital.,"",89.1077141166518,23.1071107661222,BD40,BD4041,Jashore,within,FALSE
9590420506,node,Ashim Hospital,"",89.2090692632924,23.1678853476434,BD40,BD4041,Jashore,within,FALSE
9692896254,node,Bagherpara Upazila Health Complex,"",89.3445259315373,23.2188488276809,BD40,BD4041,Jashore,within,FALSE
2343411488,node,Bagherpara Upazila Health Complex,"",89.3440679443479,23.2201315941426,BD40,BD4041,Jashore,within,FALSE
9579853910,node,Daratana Hospital,"",89.2096843273473,23.1674773165969,BD40,BD4041,Jashore,within,FALSE
12815227189,node,Doctors' Clinic,private,89.3959634920183,23.0286329345463,BD40,BD4041,Jashore,within,FALSE
9590448550,node,Fatema Hospital,"",89.2046711948782,23.169186554292,BD40,BD4041,Jashore,within,FALSE
9590448551,node,Genesis Hospital,"",89.204707739976,23.1694060763362,BD40,BD4041,Jashore,within,FALSE
9579853912,node,Green Hert Diagonestic and Consaltant,"",89.2097586748284,23.1677238283692,BD40,BD4041,Jashore,within,FALSE
9590420509,node,Ibn Sina Hospital,"",89.210486643119,23.1682491222411,BD40,BD4041,Jashore,within,FALSE
9590420512,node,Janata Hospital,"",89.2122208588856,23.1687993941845,BD40,BD4041,Jashore,within,FALSE
2343411498,node,Jessore 250 bed General Hospital,"",89.2090256773959,23.1689123822392,BD40,BD4041,Jashore,within,FALSE
2343411509,node,Jhikorgacha Upazila Health Complex,"",89.1090705600424,23.1052436971903,BD40,BD4041,Jashore,within,FALSE
9579853904,node,Life Care Hospital,"",89.2096764483583,23.168222551608,BD40,BD4041,Jashore,within,FALSE
9590420498,node,Madhumati Hospital,"",89.0239846874616,23.2605120832332,BD40,BD4041,Jashore,within,FALSE
2343411530,node,Manirampur Upazila Health Complex,"",89.2354314384205,23.0091120687884,BD40,BD4041,Jashore,within,FALSE
9590420497,node,Pallabi Hospital,"",89.0237073302856,23.2607132489094,BD40,BD4041,Jashore,within,FALSE
9590448556,node,Police Line Hospital,"",89.1970087942731,23.1711714727826,BD40,BD4041,Jashore,within,FALSE
9590441318,node,Pongu Hospital,"",89.2053372209044,23.1568698504927,BD40,BD4041,Jashore,within,FALSE
9579853911,node,Prime Hospital,"",89.209707377581,23.1675546815632,BD40,BD4041,Jashore,within,FALSE
367200068,way,Queens Hospital Pvt. Ltd,"",89.2113889130861,23.1683417422712,BD40,BD4041,Jashore,within,FALSE
9590420508,node,Quence Hospital,"",89.2113022861169,23.1685172593236,BD40,BD4041,Jashore,within,FALSE
9590420507,node,Renesha Hospital,"",89.209369335426,23.1677767181783,BD40,BD4041,Jashore,within,FALSE
9590420505,node,Scan Hospital,"",89.2086703685204,23.1683176862091,BD40,BD4041,Jashore,within,FALSE
9590420504,node,Unique Hospital,"",89.2087457218299,23.1682799676448,BD40,BD4041,Jashore,within,FALSE
9590420510,node,United Hospital,"",89.2117087246017,23.1685820514352,BD40,BD4041,Jashore,within,FALSE
9590420511,node,Uttara Hospital,"",89.2119375505583,23.168629073912,BD40,BD4041,Jashore,within,FALSE
2344160643,node,Hariakunda Upazila Health Complex,"",89.0437350497284,23.6498503959956,BD40,BD4044,Jhenaidah,within,FALSE
473484236,way,Hospital,"",89.180009613694,23.5694298069021,BD40,BD4044,Jhenaidah,within,FALSE
532660007,way,Jhenaidah Diabetes Hospital ঝিনাইদহ ডায়াবেটিকস হাসপাতাল,"",89.1685991750728,23.5220411247491,BD40,BD4044,Jhenaidah,within,FALSE
2803886657,node,Jhenaidah Eye Hospital,"",89.1917140298575,23.5417660898492,BD40,BD4044,Jhenaidah,within,FALSE
533100821,way,Jhenaidah Sadar Hospital,"",89.1725305619098,23.5304998899747,BD40,BD4044,Jhenaidah,within,FALSE
2803892521,node,Jhenaidah Shishu Hospital,"",89.192328171903,23.5413087732121,BD40,BD4044,Jhenaidah,within,FALSE
2344154849,node,Kaliganj Upazila Health Complex,"",89.1428709198657,23.4033152381527,BD40,BD4044,Jhenaidah,within,FALSE
1300936193,way,Kotchandpur Health Complex,government,89.0055548171306,23.41131765066,BD40,BD4044,Jhenaidah,within,FALSE
2344158198,node,Kotchandpur Upazila Health Complex,"",89.0054198615797,23.4114859173662,BD40,BD4044,Jhenaidah,within,FALSE
9579856322,node,Prince Hospital,"",89.1716347617101,23.5298996618884,BD40,BD4044,Jhenaidah,within,FALSE
532465285,way,Rimi Homeo Clinic রিমি হোমিও ক্লিনিক,"",89.1564756844402,23.7201345400337,BD40,BD4044,Jhenaidah,within,FALSE
2344447518,node,Shailkupa Upazila Health Complex,"",89.2452985310174,23.6818923163521,BD40,BD4044,Jhenaidah,within,FALSE
533099544,way,Srizony Hospital,"",89.1705935664447,23.5337656889987,BD40,BD4044,Jhenaidah,within,FALSE
4730838321,node,"","",89.5386224782032,22.8267388709962,BD40,BD4047,Khulna,within,FALSE
5273696073,node,"","",89.5435925276899,22.8709866863921,BD40,BD4047,Khulna,within,FALSE
5914973387,node,"","",89.5612185804164,22.8103368275901,BD40,BD4047,Khulna,within,FALSE
534814640,way,A Gofur Memorial Hospital (Private),"",89.4771078765963,22.9696673353681,BD40,BD4047,Khulna,within,FALSE
608009385,way,Ad Din Akij Medical College Hospital,"",89.5387616679258,22.8413998254751,BD40,BD4047,Khulna,within,TRUE
6146720193,node,Al Haz Clinic,"",89.539108041854,22.84718375776,BD40,BD4047,Khulna,within,FALSE
2343395379,node,Batiaghata Upazila Health Complex,"",89.5144785737499,22.7385302365691,BD40,BD4047,Khulna,within,FALSE
305106655,way,"Community Clinic, Ward 14","",89.5234970153774,22.8379509237763,BD40,BD4047,Khulna,within,FALSE
7396481533,node,DR. RAHIM HOMEOPATHY FOUNDATION,private_non_profit,89.5559856744462,22.8089984891104,BD40,BD4047,Khulna,within,FALSE
2343351858,node,Dacope Upazila Health Complex,"",89.5177705662213,22.5998476252498,BD40,BD4047,Khulna,within,FALSE
9579051361,node,Daps Hospital,"",89.5273306297049,22.802373349023,BD40,BD4047,Khulna,within,FALSE
5313001519,node,Dighalia Hospital,"",89.5352106245164,22.8916047432754,BD40,BD4047,Khulna,within,FALSE
9579051357,node,Dumuria Janata Hospital,"",89.4181813189413,22.8075198375716,BD40,BD4047,Khulna,within,FALSE
2343395385,node,Dumuria Upazila Health Complex,"",89.4105621689566,22.8099926666458,BD40,BD4047,Khulna,within,FALSE
3352996091,node,Gazi Medical College and Hospital,"",89.5457200223534,22.8175848269023,BD40,BD4047,Khulna,within,TRUE
1071308432,way,Infectious Disease Hospital,"",89.5179775314157,22.898919943834,BD40,BD4047,Khulna,within,FALSE
655857224,way,Khalishpur Clinic,"",89.5400909196135,22.8467365413161,BD40,BD4047,Khulna,within,FALSE
611269900,way,Khulna BNSB Eye Hospital,"",89.5085612377051,22.9089143791571,BD40,BD4047,Khulna,within,FALSE
665275437,way,Khulna Diabetic Hospital,"",89.5434497095218,22.8310351831059,BD40,BD4047,Khulna,within,FALSE
551374316,way,Khulna Medical College Hospital,"",89.5374633142982,22.8289395815839,BD40,BD4047,Khulna,within,TRUE
702577422,node,Khulna Sadar Hospital,"",89.5676427224657,22.8173747764088,BD40,BD4047,Khulna,within,FALSE
9578996215,node,Khulna health care hospital,"",89.5435516240024,22.8160291456734,BD40,BD4047,Khulna,within,FALSE
3583149294,node,Mamata clinic,"",89.5093047601971,22.896627179657,BD40,BD4047,Khulna,within,FALSE
402318150,way,Matri Sadan,"",89.5638058643785,22.8130707110387,BD40,BD4047,Khulna,within,FALSE
324365704,way,Matri Sadan,"",89.5640067545357,22.8130293463466,BD40,BD4047,Khulna,within,FALSE
4339288289,node,Nargis Memorial Hospital (Pvt) Ltd.,"",89.5726419409755,22.8096270480294,BD40,BD4047,Khulna,within,FALSE
9692896255,node,Rupsha Upazila Health Complex,"",89.6411665978089,22.7978476242236,BD40,BD4047,Khulna,within,FALSE
610687242,way,Shaheed Sheikh Abu Naser Specialized Hospital,"",89.5291169978311,22.8531638684886,BD40,BD4047,Khulna,within,FALSE
545680974,way,Shenhati govment hospital,"",89.5435963199592,22.8709866025731,BD40,BD4047,Khulna,within,FALSE
330211222,way,Shishu Hospital,private,89.5666529082073,22.815315175161,BD40,BD4047,Khulna,within,FALSE
2343395447,node,Terokhada Upazila Health Complex,"",89.6728478448719,22.928189571333,BD40,BD4047,Khulna,within,FALSE
2343395452,node,Tuberculosis Hospital Khulna,"",89.5170119201651,22.8981360898663,BD40,BD4047,Khulna,within,FALSE
9576872900,node,Upazila health complex Paikgacha,"",89.3182431330322,22.5943450734544,BD40,BD4047,Khulna,within,FALSE
14099599601,node,ইনসাফ মেডিকেল হল,"",89.5782997256176,22.8029216931287,BD40,BD4047,Khulna,within,FALSE
668015277,way,দেলুটি ইউনিয়ন স্বাস্থ্য ও পরিবার কল্যান কেন্দ্রে,"",89.3921131884379,22.5967779208505,BD40,BD4047,Khulna,within,FALSE
537956557,way,"","",89.1284928623663,23.9043768184146,BD40,BD4050,Kushtia,within,FALSE
537955797,way,"","",89.1276242420411,23.9038797,BD40,BD4050,Kushtia,within,FALSE
531899112,way,Dar-Us Shefa Private Hospital,"",89.1192846485795,23.9040389438977,BD40,BD4050,Kushtia,within,FALSE
2344314708,node,Daulatpur Upazila Health Complex,"",88.8731063232058,24.0006973330045,BD40,BD4050,Kushtia,within,FALSE
532464301,way,Islamic University Medical Centre,"",89.148324445719,23.7239801153002,BD40,BD4050,Kushtia,within,FALSE
2344447497,node,Khoksha Upazila Health Complex,"",89.288610926019,23.8105834476315,BD40,BD4050,Kushtia,within,FALSE
2344447502,node,Kumarkhali Upazila Health Complex,"",89.2367707827286,23.8595980513622,BD40,BD4050,Kushtia,within,FALSE
226044218,way,Kushtia General Hospital,"",89.1243001827502,23.9001723300542,BD40,BD4050,Kushtia,within,FALSE
2809039581,node,Bunagati High School,"",89.4254446571363,23.3112772474417,BD40,BD4055,Magura,within,FALSE
2344154850,node,Magura General Hospital,"",89.4217503333126,23.4863526574169,BD40,BD4055,Magura,within,FALSE
2344313632,node,Gangni Upazila Health Complex,"",88.7444091569561,23.8162205289728,BD40,BD4057,Meherpur,within,FALSE
547967442,way,Meherpur General Hospital,"",88.6426441240457,23.7783821453861,BD40,BD4057,Meherpur,within,FALSE
2344312573,node,Meherpur General Hospital,"",88.642099227725,23.7779627568608,BD40,BD4057,Meherpur,within,FALSE
315946581,way,Mujibnagar Health Complex,"",88.6033210397678,23.6694949367348,BD40,BD4057,Meherpur,within,FALSE
5788924446,node,Prime Lab Diagonistic and Consultaion Center,"",88.6408775653375,23.7795544802735,BD40,BD4057,Meherpur,within,FALSE
5788924447,node,Sono Diagonistic and Clinic,"",88.64181658995,23.7790320362487,BD40,BD4057,Meherpur,within,FALSE
3536701593,node,High Light Eye Hospital,"",89.5030254574346,23.1738425338669,BD40,BD4065,Narail,within,FALSE
2343417356,node,Lohagara Upazila Health Complex,"",89.6476116946161,23.1840992173232,BD40,BD4065,Narail,within,FALSE
2343411551,node,Narail General Hospital,"",89.499296935446,23.1721884490946,BD40,BD4065,Narail,within,FALSE
438169614,way,Narail General Hospital,"",89.4992315979338,23.1720681268746,BD40,BD4065,Narail,within,FALSE
2431185143,node,Narail Upazilla Office Complex,"",89.5066190307822,23.1732250390601,BD40,BD4065,Narail,within,FALSE
3814963528,node,Niramoy Clinic,"",89.6304734686543,23.0415560690402,BD40,BD4065,Narail,within,FALSE
2808738880,node,Surjer Hashi Clinic,"",89.5033817721385,23.1737358322395,BD40,BD4065,Narail,within,FALSE
483465802,way,"","",89.0468927565008,22.6898514537891,BD40,BD4087,Satkhira,within,FALSE
5623591578,node,"","",88.9660171214942,22.7932965860765,BD40,BD4087,Satkhira,within,FALSE
1267365752,way,"","",89.0479699946113,22.6893241901699,BD40,BD4087,Satkhira,within,FALSE
9576105482,node,Al Noor Hospital,"",89.0672652312313,22.7232926909709,BD40,BD4087,Satkhira,within,FALSE
9576105495,node,Al-Aksha Hospital,"",89.0702928584766,22.7177098405432,BD40,BD4087,Satkhira,within,FALSE
9590532211,node,Bushra Hospital,"",89.0718063787326,22.7224106633,BD40,BD4087,Satkhira,within,FALSE
11773369210,node,CDC Cest Hospital Satkhira,"",89.0761334524269,22.6911590725937,BD40,BD4087,Satkhira,within,FALSE
1025086777,way,Friendship Hospital Shyamnagar,"",89.0798974225835,22.3323288757262,BD40,BD4087,Satkhira,within,FALSE
588107690,way,Islami Bank Community Hospital Satkhira Ltd,"",89.0741749998004,22.7227357554146,BD40,BD4087,Satkhira,within,FALSE
9576134415,node,Jhohora Dedicine,"",89.2593559884677,22.7503147733359,BD40,BD4087,Satkhira,within,FALSE
2343395400,node,Kalaroa Upazila Health Complex,"",89.0359396283199,22.8605567489972,BD40,BD4087,Satkhira,within,FALSE
2343351870,node,Kaliganj Upazila Health Complex,"",89.0248953812414,22.4639037169734,BD40,BD4087,Satkhira,within,FALSE
9576105509,node,Life care Digital Lab & Hospital,"",89.0378980599964,22.4485095974239,BD40,BD4087,Satkhira,within,FALSE
9576134390,node,Rido Shastho Kendro,"",89.0406441391141,22.8592845437335,BD40,BD4087,Satkhira,within,FALSE
11771028235,node,SD Hospital,"",89.0702089556258,22.7176693559509,BD40,BD4087,Satkhira,within,FALSE
9576105491,node,Sangram Hospital,"",89.0692383312383,22.7199186396675,BD40,BD4087,Satkhira,within,FALSE
1267355747,way,Satkhira Animal Hospital,"",89.0697760834138,22.7099436,BD40,BD4087,Satkhira,within,FALSE
11775145796,node,Satkhira Children’s Hospital,"",89.0633220487023,22.7301300608467,BD40,BD4087,Satkhira,within,FALSE
5800370375,node,Satkhira General Hospital,"",89.068619662965,22.7225444384746,BD40,BD4087,Satkhira,within,FALSE
5836135506,node,Satkhira Medical College,"",89.0457209740472,22.6913439773777,BD40,BD4087,Satkhira,within,TRUE
5836010389,node,Satkhira Medical College,"",89.0468984638051,22.6901883643871,BD40,BD4087,Satkhira,within,TRUE
11775123161,node,Shakira physiotherapy Point,"",89.0629179571503,22.7302591421555,BD40,BD4087,Satkhira,within,FALSE
590972058,way,Shisu Bandob Hospital,"",89.0741511836144,22.7116738225204,BD40,BD4087,Satkhira,within,FALSE
2343351923,node,Shymnagar Upazila Health Complex,government,89.1026875731377,22.3439008474285,BD40,BD4087,Satkhira,within,FALSE
612924415,way,Surjar Hasi Cilinic,"",89.0723514274477,22.71573415,BD40,BD4087,Satkhira,within,FALSE
9576105477,node,Taj Diagonetic Center,"",89.0631240681494,22.7302093536507,BD40,BD4087,Satkhira,within,FALSE
2343395441,node,Tala Upazila Health Complex,"",89.2591266595969,22.7524225705269,BD40,BD4087,Satkhira,within,FALSE
1076141160,way,"","",89.8703810052264,25.1775483059789,BD45,BD4539,Jamalpur,within,FALSE
9862740828,node,Bakshiganj General Hospital,"",89.8705622724045,25.1776695921178,BD45,BD4539,Jamalpur,within,FALSE
2332856864,node,Char Rajibpur Upazila Health Complex,"",89.7657779215376,25.3646527528365,BD45,BD4539,Jamalpur,within,FALSE
2311234700,node,Dewangonj Upazilla Health Complex,"",89.7589437367851,25.1620876341183,BD45,BD4539,Jamalpur,within,FALSE
12669571758,node,"Digpait Sub-Health Centre, Hospital","",89.9250662683426,24.7650470228917,BD45,BD4539,Jamalpur,within,FALSE
12651848936,node,"Digpait Upo-Shahor, Hospital","",89.9262062909932,24.7666673285942,BD45,BD4539,Jamalpur,within,FALSE
12675720467,node,"Doctors General Hospital, Hospital","",89.9499569165496,24.9065124260647,BD45,BD4539,Jamalpur,within,FALSE
12651846161,node,"Dubai Hospital BD, Hospital","",89.9265826384457,24.7670342883152,BD45,BD4539,Jamalpur,within,FALSE
12692274571,node,Europa Diagnostic Centre and Hospital,"",89.9482562283957,24.9271180777313,BD45,BD4539,Jamalpur,within,FALSE
323196485,way,Islamia Eye Hospital,"",89.9430905621314,24.9327676900178,BD45,BD4539,Jamalpur,within,FALSE
2303544093,node,Islampur Upazilla Health Complex,"",89.799515081811,25.0780215876966,BD45,BD4539,Jamalpur,within,FALSE
12683733504,node,"Jamalpur Apollo Hospital, Hospital","",89.9409042934841,24.9336695408898,BD45,BD4539,Jamalpur,within,FALSE
250181205,way,Jamalpur Central Hospital,"",89.942228690468,24.933206482649,BD45,BD4539,Jamalpur,within,FALSE
12683720305,node,"Jamalpur Central Hospital Ltd., General hospital","",89.9421969505915,24.9332295747922,BD45,BD4539,Jamalpur,within,FALSE
12690305033,node,Janata General Hospital,"",89.9526936917548,24.9135264864593,BD45,BD4539,Jamalpur,within,FALSE
2332856904,node,Madarganj Upazila Health Complex,"",89.717365725188,24.8937935585511,BD45,BD4539,Jamalpur,within,FALSE
12679527413,node,"Matri Sodon Hospital, Hospital","",89.9458159211057,24.9271755775871,BD45,BD4539,Jamalpur,within,FALSE
12679541652,node,"Matrikalyan Hospital, Hospital","",89.9467535207947,24.9270484241159,BD45,BD4539,Jamalpur,within,FALSE
266617126,way,Melandaha Upazilla Health Complex,"",89.8362781227698,24.9822412867663,BD45,BD4539,Jamalpur,within,FALSE
12692465039,node,"New City Hospital, Hospital","",89.9478250632964,24.927555780715,BD45,BD4539,Jamalpur,within,FALSE
12683728011,node,"Niramoy Hospital, Hospital","",89.9405656645959,24.9341598822254,BD45,BD4539,Jamalpur,within,FALSE
12679532033,node,"Punom Nursing Home, Hospital","",89.9481969683402,24.9264091363609,BD45,BD4539,Jamalpur,within,FALSE
6158448122,node,Sarishabari Upazila Health Complex,"",89.8351513298865,24.7553590515657,BD45,BD4539,Jamalpur,within,FALSE
12675690097,node,"The South View Hospital, Hospital","",89.9499710819659,24.9058472382288,BD45,BD4539,Jamalpur,within,FALSE
12683697082,node,"Upashom General Hospital, Hospital","",89.939945319942,24.9357207602344,BD45,BD4539,Jamalpur,within,FALSE
12692485893,node,"Upazila Livestock Department and Veterinary Hospital, Hospital","",89.9480597565853,24.9271977896305,BD45,BD4539,Jamalpur,within,FALSE
1324343963,way,"","",90.4217651025159,24.8695423657373,BD45,BD4561,Mymensingh,within,FALSE
12452852022,node,"Ababil Hospital Limited, Hospital","",90.2532066296545,24.763814296392,BD45,BD4561,Mymensingh,within,FALSE
12215837232,node,Al Hera Hospital And Trauma Centre,"",90.4118285313381,24.7470101730907,BD45,BD4561,Mymensingh,within,FALSE
12452854507,node,"Al khidmah Diagnostic center, Hospital","",90.248044634585,24.7626446856232,BD45,BD4561,Mymensingh,within,FALSE
12250202362,node,"Al-Jannat Haspatal (Pvt.), Private hospital","",90.4127756863967,24.7455922903499,BD45,BD4561,Mymensingh,within,FALSE
12215840526,node,"Al-Razi Clinic, Hospital","",90.4103414978961,24.7463971206926,BD45,BD4561,Mymensingh,within,FALSE
12169779934,node,"Alauddin Medical Hall, Hospital","",90.3766168266584,24.3337945842151,BD45,BD4561,Mymensingh,within,FALSE
12215834958,node,"Alfa Hospital, Hospital","",90.4066335953892,24.7486576361595,BD45,BD4561,Mymensingh,within,FALSE
12215789195,node,"Army General Hospital and Diagnostic Centre, Hospital","",90.4072731346013,24.748099149951,BD45,BD4561,Mymensingh,within,FALSE
12214020001,node,"Bagher Kanda Community Clinic, Hospital","",90.3603879533719,24.7637280466084,BD45,BD4561,Mymensingh,within,FALSE
12172092919,node,"Bhaluka Livestock office and Veterinary Hospital, Government office","",90.3876954395399,24.4048924853229,BD45,BD4561,Mymensingh,within,FALSE
2332679000,node,Bhaluka Upazillz Health Complex,"",90.3816306296797,24.4064423830387,BD45,BD4561,Mymensingh,within,FALSE
6834047100,node,Buda Diagnostic Centre,"",90.5986006357348,24.6869986800345,BD45,BD4561,Mymensingh,within,FALSE
12208759492,node,"Central Hospital (Pr.), Hospital","",90.4080425933127,24.7456541487953,BD45,BD4561,Mymensingh,within,FALSE
7425803091,node,"Civil Surgeon Office, Mymensingh","",90.4172123953845,24.7517294360345,BD45,BD4561,Mymensingh,within,FALSE
12201386854,node,"Degital diagnostic center, Hospital","",90.4075908925507,24.7413977345448,BD45,BD4561,Mymensingh,within,FALSE
12201368592,node,Desh Specialised Hospital And Diagnostic,"",90.4076924812171,24.7419969568026,BD45,BD4561,Mymensingh,within,FALSE
2332856875,node,Dhobaura Upazila Health Complex,"",90.5134660642966,25.0900949648468,BD45,BD4561,Mymensingh,within,FALSE
723080799,way,Dhobaura Upazila Health Complex,government,90.5132638690192,25.090057204373,BD45,BD4561,Mymensingh,within,FALSE
13848377102,node,Dr. Muqtadir Eye Hospital  ডাঃ মুক্তাদির চক্ষু হাসপাতাল,"",90.5820879512069,24.7390749415373,BD45,BD4561,Mymensingh,within,FALSE
12215789194,node,"Evercare Information Centre Mymensingh, Hospital","",90.4064245507241,24.7492977621048,BD45,BD4561,Mymensingh,within,FALSE
12172111980,node,Fahim Hospital And Diagnostic Centre,"",90.3863110844118,24.4057529715026,BD45,BD4561,Mymensingh,within,FALSE
2332679001,node,Gafargaon Upazilla Health Complex,"",90.5451622311472,24.4627159663747,BD45,BD4561,Mymensingh,within,FALSE
5920414074,node,Gouripur Upazila Health Complex,"",90.5693993423637,24.7711853420428,BD45,BD4561,Mymensingh,within,FALSE
12273223045,node,"Haluaghat Eye Care Center, Hospital","",90.3363829370542,25.1099110412344,BD45,BD4561,Mymensingh,within,FALSE
2332856889,node,Haluaghat Upazila Health Complex,"",90.3387210689445,25.1179718336974,BD45,BD4561,Mymensingh,within,FALSE
12441286583,node,"Hasan Diagnostic Center, Hospital","",90.255384331918,24.7648849168844,BD45,BD4561,Mymensingh,within,FALSE
12452903608,node,Hashem Homeo Hospital,"",90.2631029750934,24.7635040821556,BD45,BD4561,Mymensingh,within,FALSE
12215829887,node,"Hazrat Shahjalal (Pr) Hospital, Hospital","",90.4092265371359,24.7475712576892,BD45,BD4561,Mymensingh,within,FALSE
12778402787,node,"Hossainpur Community Clinic, Hospital","",90.2748839914608,24.9602820834657,BD45,BD4561,Mymensingh,within,FALSE
5611158563,node,Ishwarganj Upazila Health Complex,"",90.610991016463,24.689963359187,BD45,BD4561,Mymensingh,within,FALSE
12215849610,node,Janayed private hospitalAndDiagnostic Centre,"",90.4084962219124,24.7466564567768,BD45,BD4561,Mymensingh,within,FALSE
6768847372,node,Joyrumkura Hospital,"",90.3244778685198,25.1451948302814,BD45,BD4561,Mymensingh,within,FALSE
721576505,way,Joyrumkurra Hospital,"",90.3247251131375,25.1444564684308,BD45,BD4561,Mymensingh,within,FALSE
12215829886,node,"L. Harun Health Complex, Hospital","",90.4067125529171,24.7485055884359,BD45,BD4561,Mymensingh,within,FALSE
12208718952,node,LabAid hospital,"",90.4077593688044,24.7429266775027,BD45,BD4561,Mymensingh,within,FALSE
12183631048,node,"M/s MF Traders, Construction equipment supplier","",90.3960144784397,24.5765482464413,BD45,BD4561,Mymensingh,within,FALSE
12211569302,node,"Maa-O-Shishu Hospital, Hospital","",90.4047303166356,24.7181110473291,BD45,BD4561,Mymensingh,within,FALSE
561589126,way,Maizbag Community Clinic,"",90.6109767042981,24.6301595277818,BD45,BD4561,Mymensingh,within,FALSE
12215840053,node,"Marristop clinic, Charpara, Hospital","",90.4070183247449,24.7491078281789,BD45,BD4561,Mymensingh,within,FALSE
7418693090,node,Medilab Diagnostic & Consultation Ltd.,private_for_profit,90.5081041608365,24.7371925337226,BD45,BD4561,Mymensingh,within,FALSE
12165338046,node,"Mohammadia Hospital, Bhaluka","",90.386171525724,24.4024910700636,BD45,BD4561,Mymensingh,within,FALSE
12441368770,node,"Muktagacha Model Hospital, Private hospital","",90.2582713946471,24.7665164543371,BD45,BD4561,Mymensingh,within,FALSE
12441369373,node,Muktagachha Animal Hospital,"",90.2553539894284,24.7657965326735,BD45,BD4561,Mymensingh,within,FALSE
12250155473,node,Mustakin (Pvt.) Hospital,"",90.4128050230578,24.7444307262081,BD45,BD4561,Mymensingh,within,FALSE
12208764969,node,Mymensingh Divisional Specialized Hospital,"",90.4079159427557,24.7434992453084,BD45,BD4561,Mymensingh,within,FALSE
12215833836,node,"Mymensingh Union Specialized Hospital Limited, General hospital","",90.4082478661214,24.7471777273352,BD45,BD4561,Mymensingh,within,FALSE
3575340362,node,Mymensingh medical collage hospital,"",90.4091899920381,24.7429321257397,BD45,BD4561,Mymensingh,within,FALSE
2332679006,node,Nandail Upazilla Health Complex,public,90.6902106464697,24.5661402696327,BD45,BD4561,Mymensingh,within,FALSE
12208764771,node,"New Nagorik Hospital (Pvt.), Hospital","",90.4082164339845,24.7458137402317,BD45,BD4561,Mymensingh,within,FALSE
12185963943,node,"Nurul Amin Eye Hospital, Hospital","",90.3859293725413,24.4091408529463,BD45,BD4561,Mymensingh,within,FALSE
2332856912,node,Phulpur Upazila Health Complex,"",90.3648298591397,24.9484440701566,BD45,BD4561,Mymensingh,within,FALSE
12258180172,node,Popular Diagnostic ComplexAnd Hospital Pvt,"",90.3640856299569,24.9472197255601,BD45,BD4561,Mymensingh,within,FALSE
12250215574,node,"Porosh (Pvt.) Hospital, Private hospital","",90.4167708367253,24.7459151612601,BD45,BD4561,Mymensingh,within,FALSE
12208761108,node,"Pranto Specialized Hospital, Private hospital","",90.4078401703511,24.7427642362192,BD45,BD4561,Mymensingh,within,FALSE
5217724472,node,Quality General Hospital কোয়ালিটির জেনারেল হাসপাতালে,"",90.4019914459546,24.7568223642218,BD45,BD4561,Mymensingh,within,FALSE
12250227210,node,"Rajdhani Hospital Mymensingh, Hospital","",90.4125190325215,24.7448621427645,BD45,BD4561,Mymensingh,within,FALSE
6229464658,node,Ramchandrapur Community Clinic,"",90.5738945570357,24.626833462874,BD45,BD4561,Mymensingh,within,FALSE
12193987511,node,"S.n.anterprise, Hospital","",90.4005657680438,24.6284567860616,BD45,BD4561,Mymensingh,within,FALSE
7425803090,node,SK Hospital,"",90.4167954795207,24.7520521393067,BD45,BD4561,Mymensingh,within,FALSE
12183630784,node,Sami Diagnostic Center,"",90.3961505167281,24.5771825888735,BD45,BD4561,Mymensingh,within,FALSE
12208757815,node,"Sapon Hospital and Diagnostic Centre, Hospital","",90.4075612206134,24.7452615404507,BD45,BD4561,Mymensingh,within,FALSE
12215804099,node,"Sayem Diagno Complex And Hospital, Private hospital","",90.407351337758,24.7487811854123,BD45,BD4561,Mymensingh,within,FALSE
12215842749,node,Serum Lab And Hospital Pvt. Ltd.,"",90.4094483222939,24.7468088397765,BD45,BD4561,Mymensingh,within,FALSE
12258191959,node,Seva general hospital and Diagnostic Centre,"",90.3640424631556,24.9475721845885,BD45,BD4561,Mymensingh,within,FALSE
12208775593,node,"Shathy Privete Hospital And Diagnostic Centre, Private hospital","",90.4085138239091,24.7464530279868,BD45,BD4561,Mymensingh,within,FALSE
5217708246,node,Sodesh Hospital Pvt. Ltd.,"",90.40283759908,24.7545245492858,BD45,BD4561,Mymensingh,within,FALSE
12201388394,node,"Somota (Pvt)hospital, Hospital","",90.4072790857526,24.7396275604136,BD45,BD4561,Mymensingh,within,FALSE
12171895982,node,Supreme New Square Hospital And Diagnostic Center,"",90.3894691340705,24.4197822657583,BD45,BD4561,Mymensingh,within,FALSE
12183604321,node,"TMC Diagnostic And Hospital, Private hospital","",90.3975691538403,24.5672077888208,BD45,BD4561,Mymensingh,within,FALSE
12172038382,node,"Tahmina General Hospital, Private hospital","",90.3870602589174,24.4052469560081,BD45,BD4561,Mymensingh,within,FALSE
12452823597,node,"Talukdar clinic And digital lab, Hospital","",90.2507916357121,24.7633721509996,BD45,BD4561,Mymensingh,within,FALSE
12208804027,node,"Tania Hospital (Pvt), Private hospital","",90.4074949197593,24.7434151748196,BD45,BD4561,Mymensingh,within,FALSE
12201415117,node,"The Peoples Hospital and Diagnostic Centre, Private hospital","",90.4072821870568,24.7403886372217,BD45,BD4561,Mymensingh,within,FALSE
12208775595,node,"The United Chokkho Hospital, Hospital","",90.4097103405871,24.7236031217455,BD45,BD4561,Mymensingh,within,FALSE
2332679009,node,Trishal Upazilla Health Complex,"",90.394800275946,24.5764912494997,BD45,BD4561,Mymensingh,within,FALSE
12196619523,node,"UHAndFWC, Hospital","",90.3980734929542,24.6251469401365,BD45,BD4561,Mymensingh,within,FALSE
12208762705,node,"Unicare Diagnostic Centre, Hospital","",90.408389520285,24.7441804425793,BD45,BD4561,Mymensingh,within,FALSE
12441359376,node,Upzila Livestock Hospital,"",90.2553719267013,24.7653352765419,BD45,BD4561,Mymensingh,within,FALSE
12250228718,node,"VENUS HOSPITAL, Hospital","",90.4139131944764,24.744617977925,BD45,BD4561,Mymensingh,within,FALSE
5892085937,node,Atpara Upazila Health Complex,"",90.8622603570373,24.8095700999879,BD45,BD4572,Netrakona,within,FALSE
353057753,way,Broadbank Clinic Quatere,"",90.6736149747177,25.108915313047,BD45,BD4572,Netrakona,within,FALSE
2332856882,node,Durgapur Upazila Health Complex,"",90.6780242812648,25.1279520819871,BD45,BD4572,Netrakona,within,FALSE
6863642392,node,Hazrat Sumaiya Hospital,"",90.950095493859,24.7149566857078,BD45,BD4572,Netrakona,within,FALSE
3702053369,node,Health & Family Wlfare Center,"",90.6728522279116,25.1063119358308,BD45,BD4572,Netrakona,within,FALSE
2332856898,node,Kalmakanda Upazila Health Complex,"",90.8931412999853,25.0741779821774,BD45,BD4572,Netrakona,within,FALSE
5741962598,node,Kendua Upazila Health Complex,"",90.8242870667191,24.6534534653437,BD45,BD4572,Netrakona,within,FALSE
6863630193,node,Madan Hospital,"",90.9572140765862,24.7166868781609,BD45,BD4572,Netrakona,within,FALSE
3559113604,node,Madan Upazilla Health Complex,"",90.9453271967817,24.7167995309395,BD45,BD4572,Netrakona,within,FALSE
604317881,way,Mission Hospital,"",90.7287281731799,24.8688876552804,BD45,BD4572,Netrakona,within,FALSE
2332872347,node,Mohanganj Upazila Health Complex,"",90.9820952532426,24.8792088793911,BD45,BD4572,Netrakona,within,FALSE
3558445437,node,Netrokona Sadar Hospital,"",90.7321917437904,24.8717248456856,BD45,BD4572,Netrakona,within,FALSE
3561656524,node,New Swadesh Hospital and Diagonostic Center,"",90.7314298287919,24.8793660400756,BD45,BD4572,Netrakona,within,FALSE
356065605,way,Super Diagnostic & Health Care Center,"",90.6746811172745,25.1236485614407,BD45,BD4572,Netrakona,within,FALSE
6574122409,node,খালিয়াজুরী উপজেলা স্বাস্থ্য কমপ্লেক্স,"",91.1397979954243,24.6886046526825,BD45,BD4572,Netrakona,within,FALSE
12814080989,node,"250-bed District Headquarters Hospital, Government hospital","",90.0250619541075,25.0183573568888,BD45,BD4589,Sherpur,within,FALSE
12797714664,node,"AK Medicine Centre, Hospital","",90.0504751301583,25.1205202675382,BD45,BD4589,Sherpur,within,FALSE
12814126073,node,"Akota Specialized Pvt., Hospital","",90.022282263558,25.0187207962104,BD45,BD4589,Sherpur,within,FALSE
12814108045,node,"Al-Baraka Hospital, Hospital","",90.0265796653151,25.0171541346883,BD45,BD4589,Sherpur,within,FALSE
12738895163,node,"Bangladesh Phermacy, Hospital","",90.0139949920713,25.0191377958933,BD45,BD4589,Sherpur,within,FALSE
12809375710,node,Christian Mission Hospital,"",90.1850063524738,25.2008995338491,BD45,BD4589,Sherpur,within,FALSE
12830113345,node,"Civil Surgeon Office, Hospital","",90.0178342390009,25.0218480842845,BD45,BD4589,Sherpur,within,FALSE
12738871010,node,"Firuza Mortuz Hospital And Diagnostic Center, Hospital","",90.0131405408618,25.0189247279147,BD45,BD4589,Sherpur,within,FALSE
12762177422,node,Garden - Nalitabari Animal Hospital,"",90.1903672501055,25.0916642247589,BD45,BD4589,Sherpur,within,FALSE
12762184768,node,"Genome Medical College and Hospital Ltd., Hospital","",90.0331632311627,24.9920814315444,BD45,BD4589,Sherpur,within,TRUE
12762205720,node,"Haji Guest House, Hospital","",90.0216286427486,25.0071145425241,BD45,BD4589,Sherpur,within,FALSE
12732950406,node,"Kusumhati, Sherpur Sadar, Hospital","",90.0009974262773,24.9914704746221,BD45,BD4589,Sherpur,within,FALSE
12830097349,node,"MCWC Sherpur, Hospital","",90.0179249311933,25.0219399499433,BD45,BD4589,Sherpur,within,FALSE
12830141848,node,"Matrisadan Hospital, Hospital","",90.0176886453428,25.0216666998998,BD45,BD4589,Sherpur,within,FALSE
12757255971,node,"Mithun Medicare Centre, Hospital","",90.1882809944056,25.0931290461575,BD45,BD4589,Sherpur,within,FALSE
2409448296,node,Nakla Upazilla Health Complex,"",90.1832213423739,24.9672891868807,BD45,BD4589,Sherpur,within,FALSE
12791480600,node,"Nalitabari Diabetic Hospital, Hospital","",90.1897445585188,25.0856683979618,BD45,BD4589,Sherpur,within,FALSE
2332856909,node,Nalitabari Upazila Health Complex,"",90.1888859163577,25.0934152881509,BD45,BD4589,Sherpur,within,FALSE
12757279985,node,"Nalitabari Upozila Health Complex, Government hospital","",90.1892465896512,25.0931886414891,BD45,BD4589,Sherpur,within,FALSE
12814135224,node,"Nirapad General Hospital and Diagnostic Center, Hospital","",90.018460367168,25.0195263809245,BD45,BD4589,Sherpur,within,FALSE
12738830238,node,Popular pathological laboratoryHospital,"",90.0134566224305,25.0185450277009,BD45,BD4589,Sherpur,within,FALSE
12762182620,node,"Sherpur Diabetic Hospital, Hospital","",90.0166179410314,25.0133284664418,BD45,BD4589,Sherpur,within,FALSE
12741307253,node,"Sherpur Diagnostic Centre, Hospital","",90.0165746904111,25.032686220364,BD45,BD4589,Sherpur,within,FALSE
12736505877,node,"Sherpur Doctors Hospital, Hospital","",90.0146165940107,25.026891643062,BD45,BD4589,Sherpur,within,FALSE
12814136948,node,"Sherpur Ever Care Hospital, Hospital","",90.0216319955098,25.01900737348,BD45,BD4589,Sherpur,within,FALSE
2332670639,node,Sherpur General Hospital,"",90.0245385880733,25.0180854479499,BD45,BD4589,Sherpur,within,FALSE
12741228036,node,"Sherpur ibnasina general pvt hospital, Hospital department","",90.0145058690698,25.0232644582827,BD45,BD4589,Sherpur,within,FALSE
12791531409,node,"Surjer Hashi Clinic, Hospital","",90.1891949571277,25.0827657448928,BD45,BD4589,Sherpur,within,FALSE
12752254153,node,"Union Health Complex, Hospital","",90.0807412605085,25.1163025776804,BD45,BD4589,Sherpur,within,FALSE
12775705022,node,"Upazilla Veterinary Hospital, Veterans hospital","",90.1793899744334,24.9700048396899,BD45,BD4589,Sherpur,within,FALSE
12738893677,node,"Uttara General Hospital, Hospital","",90.0156548603568,25.0157489924403,BD45,BD4589,Sherpur,within,FALSE
12736483095,node,"Uttara Specialized Hospital, Hospital","",90.0144815615506,25.0277881714255,BD45,BD4589,Sherpur,within,FALSE
12791487113,node,"Yogania Union Health and Family Welfare Center, Yogania Hospital","",90.1781985707163,25.0604907533902,BD45,BD4589,Sherpur,within,FALSE
12738860734,node,"Zaman Modern Hospital, Hospital","",90.0157593826893,25.021963167815,BD45,BD4589,Sherpur,within,FALSE
2332856895,node,"উপজেলা স্বাস্থ্য কমপ্লেক্স, ঝিনাইগাতী","",90.0659934695128,25.182484995491,BD45,BD4589,Sherpur,within,FALSE
12864427791,node,"","",89.4185166788873,24.6654887886535,BD50,BD5010,Bogura,within,FALSE
441259656,way,"","",89.3923928639263,24.7561474114687,BD50,BD5010,Bogura,within,FALSE
12917335473,node,"21 Field Ambulance, Hospital","",89.3954489269825,24.7686664963201,BD50,BD5010,Bogura,within,FALSE
12919169323,node,"4R Adhunik Hospital, Hospital","",89.3768518307734,24.8132790921421,BD50,BD5010,Bogura,within,FALSE
12866504536,node,"ABC Eye Hospital, Hospital","",89.4091725332295,24.6812417374778,BD50,BD5010,Bogura,within,FALSE
2352335413,node,Adamdighi Upazila Health Complex,"",89.044243831251,24.8219948465191,BD50,BD5010,Bogura,within,FALSE
9798927035,node,Aloke Narsing Home and oncology Centre,"",89.3766631541329,24.8341598378709,BD50,BD5010,Bogura,within,FALSE
12966264318,node,"Ayat Memorial Hospital, Hospital","",89.3569656816752,24.8847479762843,BD50,BD5010,Bogura,within,FALSE
11929944301,node,Azma Care and Prevention Center,"",89.3727215641656,24.8547280224303,BD50,BD5010,Bogura,within,FALSE
12886279677,node,"BASIC Amzad Tower, Hospital","",89.3743929994774,24.8401664773231,BD50,BD5010,Bogura,within,FALSE
12848344316,node,Belkuchi Community Hospital,government,89.5362694265253,24.666298396681,BD50,BD5010,Bogura,within,FALSE
13001543785,node,"Bhagkola Sub Health Center, Hospital","",89.358058765668,25.0144651363312,BD50,BD5010,Bogura,within,FALSE
2510273574,node,Bogra Diabetic Hospital,"",89.3571876344712,24.8836680518795,BD50,BD5010,Bogura,within,FALSE
12886220748,node,"Bogra National Hospital and Fatema Kidney Dialysis Center, Hospital","",89.3762732279973,24.8327331541318,BD50,BD5010,Bogura,within,FALSE
12949351754,node,"Bogura Impulse Hospital, Hospital","",89.3748239969386,24.8343532921961,BD50,BD5010,Bogura,within,FALSE
12961001686,node,"Bogura Medical College Hospital, Hospital","",89.3543215265001,24.8259636776717,BD50,BD5010,Bogura,within,TRUE
12866531562,node,"Burmon Health Care, Hospital","",89.4195475691586,24.6704339438878,BD50,BD5010,Bogura,within,FALSE
12989493260,node,"CMC General Hospital, Hospital","",89.360731586952,24.8893016966404,BD50,BD5010,Bogura,within,FALSE
369641340,way,CMH,"",89.3937078799648,24.7562066296146,BD50,BD5010,Bogura,within,FALSE
12917348144,node,"Cant. General hospital bogura, Hospital","",89.3968442624038,24.7550161479069,BD50,BD5010,Bogura,within,FALSE
12949293872,node,"Central general hospital, Hospital","",89.373839961506,24.8384832235278,BD50,BD5010,Bogura,within,FALSE
243705028,way,Chest Diseases Hospital,"",89.3592944912362,24.862200531019,BD50,BD5010,Bogura,within,FALSE
12969380561,node,"Chest Diseases Hospital, Hospital","",89.3596466334053,24.8624238668291,BD50,BD5010,Bogura,within,FALSE
12973596068,node,"City Hospital, Hospital","",89.3626132403954,24.8535414802171,BD50,BD5010,Bogura,within,FALSE
5144434105,node,Dhaka Road (East) ঢাকা রোড (পূর্ব),"",89.0105549507399,24.8148353601044,BD50,BD5010,Bogura,within,FALSE
1285902406,way,Dhunat Upazila Health Complex,"",89.5358067939605,24.6918196154637,BD50,BD5010,Bogura,within,FALSE
12973590170,node,District Veterinary Hospital,"",89.3589881510919,24.8547881206761,BD50,BD5010,Bogura,within,FALSE
12969315090,node,"District Veterinary Hospital, Hospital","",89.359080854941,24.8553666396331,BD50,BD5010,Bogura,within,FALSE
2352337332,node,Dupchachia Upazila Health Complex,"",89.1717126295906,24.8758067487121,BD50,BD5010,Bogura,within,FALSE
1284306819,way,Gabtali Upazila Health Complex,"",89.4490877720373,24.8781909391602,BD50,BD5010,Bogura,within,FALSE
12886233479,node,"Garib Shah Clinic And Diagnostic Center, Hospital","",89.3761733995305,24.835776455536,BD50,BD5010,Bogura,within,FALSE
12953929674,node,"Grameen clinic, Hospital","",89.3484939244996,24.8418147785822,BD50,BD5010,Bogura,within,FALSE
12919188419,node,"Gramin GC Eye Hospital, Hospital","",89.3816215527743,24.8032753745236,BD50,BD5010,Bogura,within,FALSE
12880813635,node,"Hamdard Unani Medical College O Hospital, Hospital","",89.3830435426477,24.8087510204097,BD50,BD5010,Bogura,within,TRUE
6139901314,node,Health City Specialized Hospital,"",89.3781690468571,24.8259061778159,BD50,BD5010,Bogura,within,FALSE
12951654681,node,"Health Ways Hospital, Hospital","",89.3718535342729,24.8466869274398,BD50,BD5010,Bogura,within,FALSE
12953917317,node,"Ibn Sina Diagnostic Center, Hospital","",89.3556838372228,24.8272429237341,BD50,BD5010,Bogura,within,FALSE
12987521522,node,"Insaf General Hospital Bogura, Hospital","",89.3598089908697,24.8888606408954,BD50,BD5010,Bogura,within,FALSE
12921072892,node,"Islam Life Care Hospital, Hospital","",89.2539735493448,24.6438063977052,BD50,BD5010,Bogura,within,FALSE
12951672269,node,"Islami Hospital And Diagnostic Center, Hospital","",89.3732760270605,24.842934097932,BD50,BD5010,Bogura,within,FALSE
12989489578,node,"Janasheba Diagnostic Center, Hospital","",89.3616053165388,24.8888697771699,BD50,BD5010,Bogura,within,FALSE
13001543148,node,"Kaviraj Hospital, Hospital","",89.3699545302899,25.005524160216,BD50,BD5010,Bogura,within,FALSE
12921107136,node,"Kharna Union Parishad Hospital, Hospital","",89.3314063252331,24.7347553277369,BD50,BD5010,Bogura,within,FALSE
12864459675,node,"Life Line General Hospital, Hospital","",89.4166165852569,24.6661472709668,BD50,BD5010,Bogura,within,FALSE
12869812128,node,"Mahbub Clinic And Diagnostic, Hospital","",89.4192645961075,24.6653797400932,BD50,BD5010,Bogura,within,FALSE
12862487699,node,"Mirzapur uhAndfwc, Hospital","",89.4344345835661,24.6360542269171,BD50,BD5010,Bogura,within,FALSE
243852557,way,Mohammad Ali Hospital,"",89.3737492849993,24.8356984619269,BD50,BD5010,Bogura,within,FALSE
12886230122,node,"Multipurpose Building, 250-bed Mohammad Ali Hospital Extension Building, Hospital","",89.3749579397513,24.8360674752142,BD50,BD5010,Bogura,within,FALSE
13001507294,node,"Muradpur Community Clinic, Hospital","",89.3703919818166,25.0050147919602,BD50,BD5010,Bogura,within,FALSE
12949257169,node,"NAS Hospital, Hospital","",89.3744162173492,24.8342297429434,BD50,BD5010,Bogura,within,FALSE
1285907436,way,Nandigram Upazila Health Complex,"",89.2438352516188,24.6474964048488,BD50,BD5010,Bogura,within,FALSE
12869834366,node,"National Clinic and Diagnostic Centre, Hospital","",89.4201213942499,24.6638398168422,BD50,BD5010,Bogura,within,FALSE
12886256561,node,"Nazara Najeshi Mother and Child Clinic, Hospital","",89.3752189522161,24.8414563684025,BD50,BD5010,Bogura,within,FALSE
12946476896,node,"New world Rehabilitating Center, Hospital","",89.3509922345596,24.7850197570497,BD50,BD5010,Bogura,within,FALSE
12964289712,node,"Polash Clinic, Hospital","",89.3712975626355,24.8565413633629,BD50,BD5010,Bogura,within,FALSE
12878715880,node,"Professor Clinic, Hospital","",89.3978822772928,24.773042520329,BD50,BD5010,Bogura,within,FALSE
12949327432,node,"Public General Hospital, Hospital","",89.3769763858545,24.8296307603101,BD50,BD5010,Bogura,within,FALSE
12864387931,node,"Pulse General Hospital, Private hospital","",89.4235132990071,24.6567331364175,BD50,BD5010,Bogura,within,FALSE
529921371,way,Pulse General Hospital- পালস জেনারেল হাসপাতাল,private,89.4233792147139,24.65684015,BD50,BD5010,Bogura,within,FALSE
12949271340,node,"R H Step MR Clinic, Hospital","",89.3744467274768,24.8348606487952,BD50,BD5010,Bogura,within,FALSE
9798924621,node,Rainbow Community Hospital and Diagnostic   Centre,"",89.3778511212697,24.8284505883433,BD50,BD5010,Bogura,within,FALSE
12880800311,node,"Recommended Naturopathic kidney hospital, Hospital","",89.3940685951679,24.8052817506862,BD50,BD5010,Bogura,within,FALSE
9798297930,node,Safe Plus,"",89.3836807349269,24.8874330351469,BD50,BD5010,Bogura,within,FALSE
9798961883,node,Saic General Hospital,"",89.3767165468561,24.8314704204186,BD50,BD5010,Bogura,within,FALSE
12951632495,node,"Saic General Hospital, General hospital","",89.3729215563753,24.8441989271209,BD50,BD5010,Bogura,within,FALSE
5219734321,node,Saik General Hospital,"",89.376652760573,24.8313590249255,BD50,BD5010,Bogura,within,FALSE
2332856922,node,Sariakandi Upazila Health Complex,"",89.5740238653517,24.8940961452557,BD50,BD5010,Bogura,within,FALSE
12864473007,node,"Sejoan diagonostic clinic, Hospital","",89.4164168445043,24.6654680853527,BD50,BD5010,Bogura,within,FALSE
243664917,way,Shahid Ziaur Rahman Medical College,"",89.352646682408,24.82621919999,BD50,BD5010,Bogura,within,TRUE
12864489154,node,"Sherpur Government Hospital, Hospital","",89.4156775606444,24.6657812332552,BD50,BD5010,Bogura,within,FALSE
12864473462,node,"Sherpur Model Clinic, Hospital","",89.4171262887889,24.6658827381027,BD50,BD5010,Bogura,within,FALSE
9692896250,node,Shibganj Upazila Health Complex,"",89.3166496494199,25.0054955779262,BD50,BD5010,Bogura,within,FALSE
2365539233,node,Shibganj Upazila Health Complex,"",89.3157234491193,25.006044592584,BD50,BD5010,Bogura,within,FALSE
12883380368,node,"Soasso Sheba Hospital, Hospital","",89.3786676862769,24.8289373254606,BD50,BD5010,Bogura,within,FALSE
1284782730,way,Sonatola Upazila Health Complex,"",89.4971642858759,25.0371467758663,BD50,BD5010,Bogura,within,FALSE
12886253135,node,"Specialized Bogura Hospital, Hospital","",89.3761740700828,24.8328715393531,BD50,BD5010,Bogura,within,FALSE
12953906284,node,"Sunmoon Nursing home And Diagnostic Centre, Hospital","",89.3552029674378,24.8437825979902,BD50,BD5010,Bogura,within,FALSE
12883392128,node,"Super Care Hospital, Hospital","",89.3782692944191,24.8259093629391,BD50,BD5010,Bogura,within,FALSE
531201398,way,TMSS Medical College,"",89.3554036735616,24.9081946321221,BD50,BD5010,Bogura,within,TRUE
531200948,way,TMSS Medical College Hospital,"",89.3547816860694,24.9071921565025,BD50,BD5010,Bogura,within,TRUE
12886279676,node,"Tesla Neuroscience Hospital, Hospital","",89.3751089816465,24.8382232168914,BD50,BD5010,Bogura,within,FALSE
12944653062,node,"Up-Health Center, Government hospital","",89.2491856386141,24.6456821838164,BD50,BD5010,Bogura,within,FALSE
1284782733,way,"Upazila Health Complex, Kahaloo, Bogura","",89.2693666373368,24.8317845322401,BD50,BD5010,Bogura,within,FALSE
2352335414,node,Akkelpur Upazila Health Complex,"",89.0225945488203,24.9673038552112,BD50,BD5038,Joypurhat,within,FALSE
2349387234,node,Joypurhat General Hospital,"",89.0425419696306,25.0954902282815,BD50,BD5038,Joypurhat,within,FALSE
2349387505,node,Panchbibi Upazila Health Complex,"",89.0414076466742,25.1946878730452,BD50,BD5038,Joypurhat,within,FALSE
7668194532,node,Adhunik Sadar Hospital Naogaon,"",88.9384475332139,24.8229355475122,BD50,BD5064,Naogaon,within,FALSE
10711901696,node,"Animal Hospital, Bhandarpur, Naogaon","",88.9648379553557,24.9679547938117,BD50,BD5064,Naogaon,within,FALSE
10734105052,node,"Apollo Dental Care, Mohadevpur, Naogaon","",88.7500540334673,24.9236886220479,BD50,BD5064,Naogaon,within,FALSE
10716121188,node,"Badalgachhi Upazila Health Complex, Naogaon - Badalgachhi Hwy, Badalgachhi, Naogaon","",88.905738916279,24.9613101238899,BD50,BD5064,Naogaon,within,FALSE
10716172336,node,"Badalgachhi Upazila Health Complex, Naogaon - Badalgachhi Hwy, Badalgachhi, Naogaon","",88.9056316279184,24.9606389849028,BD50,BD5064,Naogaon,within,FALSE
10765580017,node,"Central Lab & Hospital, Naogaon","",88.9365817215675,24.818925645034,BD50,BD5064,Naogaon,within,FALSE
10718293712,node,Chakrail Hospital,"",88.8744816258785,24.9742406344586,BD50,BD5064,Naogaon,within,FALSE
10734332708,node,"Community Health Care and Immunization Centre, Mohadevpur, Naogaon","",88.7593163717502,24.9069891887172,BD50,BD5064,Naogaon,within,FALSE
10718478854,node,Dewan Mohammad Ali Homeopathic Charitable Hospital,"",88.8366143666354,24.9843252374428,BD50,BD5064,Naogaon,within,FALSE
9692896253,node,Dhamairhat Upazila Health Complex,"",88.8518581986609,25.1508889923833,BD50,BD5064,Naogaon,within,FALSE
2349386830,node,Dhamoirhat Upazila Health Complex,"",88.8511377740832,25.1515030506098,BD50,BD5064,Naogaon,within,FALSE
10752593224,node,"Grammen Eye Hospital, Naogaon","",88.930505596138,24.8243775701342,BD50,BD5064,Naogaon,within,FALSE
10765596227,node,"Holy Cressent Hospital, Naogaon","",88.9385953899859,24.8180429468108,BD50,BD5064,Naogaon,within,FALSE
529422508,way,Holy Family Hospital,"",88.9388676347179,24.816882514226,BD50,BD5064,Naogaon,within,FALSE
10734133372,node,"Mohadevpur Eye Hospital, Mohadevpur, Naogaon","",88.7499841283949,24.92334563457,BD50,BD5064,Naogaon,within,FALSE
10734148792,node,"Mohadevpur Thana Health Complex, Mohadevpur Main Rd, Mohadevpur, Naogaon","",88.7519455775565,24.9222356191327,BD50,BD5064,Naogaon,within,FALSE
10718568294,node,"Mother & children hospital, Naogaon","",88.8047181237559,25.014586254832,BD50,BD5064,Naogaon,within,FALSE
10669437592,node,Nagorgola Hospital,"",88.7854115832622,25.0831604487133,BD50,BD5064,Naogaon,within,FALSE
2349386841,node,Naogaon General Hospital,"",88.9381036237267,24.8232288303043,BD50,BD5064,Naogaon,within,FALSE
10718565667,node,Nazipur Eye Hospital,"",88.7679413501157,25.0366988888702,BD50,BD5064,Naogaon,within,FALSE
2349376157,node,Niamatpur Upazila Health Complex,"",88.5748275815969,24.8309810849114,BD50,BD5064,Naogaon,within,FALSE
4933643639,node,Patnitala Upazila Health Complex,"",88.7553710937455,25.0495512801013,BD50,BD5064,Naogaon,within,FALSE
10657557743,node,"Patnitala Upazila Health Complex, Patnitola","",88.7556169349655,25.0497477519117,BD50,BD5064,Naogaon,within,FALSE
2349386844,node,Patnitola Upazila Health Complex,"",88.7555693257555,25.0492085440806,BD50,BD5064,Naogaon,within,FALSE
2349378799,node,Porsha Upazila Health Complex,"",88.4552039931707,25.0229352171261,BD50,BD5064,Naogaon,within,FALSE
10765599483,node,"Prime Lab & Hospital,NAOGAON SHADAR HOSPITAL ROAD, Shebasrom Rd, Naogaon","",88.9377597980586,24.8191649483696,BD50,BD5064,Naogaon,within,FALSE
10752517868,node,"Raj General Hospital and Diagnostic Centre, Naogaon","",88.9304120540986,24.8245013708441,BD50,BD5064,Naogaon,within,FALSE
9692896249,node,Raninagar Upazila Health Complex,"",88.9602004997869,24.7420816978437,BD50,BD5064,Naogaon,within,FALSE
2349386848,node,Raninagar Upazila Health Complex,"",88.9607747439733,24.7428419364616,BD50,BD5064,Naogaon,within,FALSE
10765594099,node,"Rural Hospital, Rubir more, Naogaon","",88.9377427827951,24.8187843261465,BD50,BD5064,Naogaon,within,FALSE
1145543964,way,Sapahar Upazila Health Complex,"",88.5876598898514,25.1236941589939,BD50,BD5064,Naogaon,within,FALSE
531169393,way,Sheba clinic and nursing home,"",88.4446569786509,24.8621209448484,BD50,BD5064,Naogaon,within,FALSE
10753004517,node,"The Popular Hospital Naogaon, Naogaon","",88.9341025222469,24.8204420989562,BD50,BD5064,Naogaon,within,FALSE
10734168464,node,Upazila Family Planning Office Mohadevpur,"",88.7513179406469,24.9219973216255,BD50,BD5064,Naogaon,within,FALSE
5154904812,node,"Upazila Health Complex, Mohadevpur","",88.7509437724892,24.9216637218792,BD50,BD5064,Naogaon,within,FALSE
10712041033,node,আধাইপুর কমিউনিটি ক্লিনিক,"",88.9320840761436,24.9714838265048,BD50,BD5064,Naogaon,within,FALSE
7461816930,node,ইউনিয়ন স্বাস্থ্য ও পরিবার কল্যাণ কেন্দ্র,"",88.8432330526573,25.0785963347972,BD50,BD5064,Naogaon,within,FALSE
10723249022,node,দি ল্যাব এইড হাসপাতাল,"",88.7602353636141,25.0364377925864,BD50,BD5064,Naogaon,within,FALSE
10749991385,node,সুপ্রভাত মাদকাসক্তি সেন্টার,"",88.9196325913413,24.8331181349445,BD50,BD5064,Naogaon,within,FALSE
530767165,way,"","",89.0831091035754,24.28524405,BD50,BD5069,Natore,within,FALSE
768709073,way,"","",89.2384939155635,24.3703910631181,BD50,BD5069,Natore,within,FALSE
10880255994,node,"Al Noor Hospital Bonpara Baipas, Bonpara, Natore","",89.0803484600758,24.2982682228903,BD50,BD5069,Natore,within,FALSE
10882554545,node,"Allahara Dana Hospital, Rajshahi - Pabna Hwy, Gormati Bazar, Natore","",89.1334295441311,24.204338185176,BD50,BD5069,Natore,within,FALSE
10839330306,node,"Amjad Khan Chowdhury Memorial Hospital - Outdoor and Consultation Center, Natore","",88.9922870956874,24.4119017680327,BD50,BD5069,Natore,within,FALSE
10817753336,node,"Amjad Khan Memorial Hospital, Adjacent to Gorasthan Bazar, Natore Sadar Upazila, Natore","",88.9197767600759,24.3870867245923,BD50,BD5069,Natore,within,FALSE
10845866322,node,"Baptist-mid-missions hospital, Dhaka - Natore Hwy, Natore","",89.0136943925736,24.4080525466383,BD50,BD5069,Natore,within,FALSE
614782145,way,Biash Health Center,"",89.2706904238252,24.4803090363122,BD50,BD5069,Natore,within,FALSE
10803442577,node,"Bismillah Hospital , Naogaon Highway, Naldanga, Natore","",88.9558509625921,24.5006080360512,BD50,BD5069,Natore,within,FALSE
10901209855,node,"Chowgram Hospital, Chowgram, Natore","",89.1818281617975,24.5434547325126,BD50,BD5069,Natore,within,FALSE
10925908236,node,"Cosmos General Hospital, Bazar Road, Gopalpur, Natore","",89.0031743497195,24.2054350410253,BD50,BD5069,Natore,within,FALSE
768080069,way,Gurudaspur General Hospital,government,89.2365683328971,24.3687202145395,BD50,BD5069,Natore,within,FALSE
10901326975,node,"Health care hospital, Dhaka - Rajshahi Hwy, Bonpara, Natore","",89.0829729177784,24.298663681082,BD50,BD5069,Natore,within,FALSE
10905116135,node,"Janoni Hospital,Thana mure, Baraigram, Dhaka - Rajshahi Hwy, Natore","",89.1521387902047,24.318324692261,BD50,BD5069,Natore,within,FALSE
2344447507,node,Lalpur Upazila Health Complex,"",88.9620061293686,24.176840765082,BD50,BD5069,Natore,within,FALSE
10925903469,node,"Maa Diagnostic And Hospital, Bazar Road, Gopalpur, Natore","",89.0037903357837,24.2058559802026,BD50,BD5069,Natore,within,FALSE
10925970718,node,"Mukter General Hospital, Bazar Road, Gopalpur, Natore","",89.0023400988966,24.2046887163667,BD50,BD5069,Natore,within,FALSE
10880430094,node,Patwary General Hospital,"",89.081936495451,24.2894758579184,BD50,BD5069,Natore,within,FALSE
10901321931,node,"Rashedul Hospital, Dhaka - Rajshahi Hwy, Natore","",89.0966392756267,24.2984357771347,BD50,BD5069,Natore,within,FALSE
10839330132,node,"SATATA SPECIALIZED HOSPITAL, Rajshahi - Dhaka Hwy, Natore","",88.9934514258573,24.4119355471024,BD50,BD5069,Natore,within,FALSE
2349386851,node,Singra Upazila Health Complex,"",89.1461037361007,24.5135662907194,BD50,BD5069,Natore,within,FALSE
10806840221,node,"Subeccha Hospital, Rajshahi - Dhaka Hwy, Natore","",88.9561831374149,24.4062755831655,BD50,BD5069,Natore,within,FALSE
6570056488,node,ইতালি হেলথকেয়ার,"",89.2114907951192,24.5265020818871,BD50,BD5069,Natore,within,FALSE
768709074,way,উপজেলা প্রাণী হাসপাতাল,"",89.2356085961117,24.3681430366869,BD50,BD5069,Natore,within,FALSE
1489675071,way,রানী ব্রজসুন্দরী ইউএসসি,"",88.9952207277953,24.4190530401823,BD50,BD5069,Natore,within,FALSE
1493010290,way,"২৫০ শয্যা বিশিষ্ট জেলা সদর হাসপাতাল, নাটোর","",88.9833780361653,24.40961685,BD50,BD5069,Natore,within,FALSE
2349378792,node,Bholarhat Upazila Health Complex,"",88.2218318598905,24.9363787396335,BD50,BD5070,Chapainababganj,within,FALSE
2344454633,node,Chapai Nawabganj General Hospital,"",88.2654597497277,24.5978493446142,BD50,BD5070,Chapainababganj,within,FALSE
10694537115,node,"Life Care Hospital, Ranihati Bazar, Shibganj, Nawabganj - Shibganj Rd, Moharajpur","",88.1967121342698,24.6299054303871,BD50,BD5070,Chapainababganj,within,FALSE
2344456527,node,Nachole Upazila Health Complex,"",88.4174942298882,24.7347878495212,BD50,BD5070,Chapainababganj,within,FALSE
5156477093,node,Rohanpur Animal Hospital,"",88.3268948252189,24.8189077915802,BD50,BD5070,Chapainababganj,within,FALSE
531175338,way,Rohanpur Upazila Hospital রহানপুর উপজেলা হাসপাতাল,"",88.3238180359018,24.8181271849377,BD50,BD5070,Chapainababganj,within,FALSE
10611258483,node,"Sadar Upzila Complex, Chapai Nawabganj","",88.2835668398773,24.5873223447805,BD50,BD5070,Chapainababganj,within,FALSE
2344457241,node,Shibganj Upazila Health Complex,"",88.1600350214583,24.6886617334431,BD50,BD5070,Chapainababganj,within,FALSE
4642227992,node,"","",89.2254418862183,24.0310437619871,BD50,BD5076,Pabna,within,FALSE
2451664683,node,ASEAB Health Clinic,"",89.3210622185266,23.9676210857963,BD50,BD5076,Pabna,within,FALSE
3731340874,node,Bera Upazilla Health Complex,"",89.6148979647202,24.0772269588258,BD50,BD5076,Pabna,within,FALSE
2344452177,node,Bhangura Upazila Health Complex,"",89.3911296484582,24.2189872373523,BD50,BD5076,Pabna,within,FALSE
2344452476,node,Chatmohar Upazila Health Complex,"",89.2868105770364,24.2329753764634,BD50,BD5076,Pabna,within,FALSE
2344452178,node,FaridpurUpazila Health Complex,"",89.457108972755,24.1607051823779,BD50,BD5076,Pabna,within,FALSE
2344447494,node,Ishwardi Upazila Health Complex,"",89.0715237409576,24.12738133375,BD50,BD5076,Pabna,within,FALSE
530261684,way,Kidney Foundation Hospital And Research Centre,"",89.4728480456591,24.0036491878451,BD50,BD5076,Pabna,within,FALSE
371625939,way,Pabna Mental Hospital,"",89.2072810877879,24.003098287259,BD50,BD5076,Pabna,within,FALSE
5221788596,node,Pabna Sadar Hospital,"",89.2447364405905,24.0166140642168,BD50,BD5076,Pabna,within,FALSE
2352335415,node,Sathiya Upazila Health Complex,"",89.5482097828721,24.0536651775479,BD50,BD5076,Pabna,within,FALSE
2344452078,node,Sujanagar Upazila Health Complex,"",89.4095873536176,23.9386037751999,BD50,BD5076,Pabna,within,FALSE
533133891,way,ভাঙ্গুড়া স্বাস্থ্যসেবা,"",89.3817144418944,24.2169304440421,BD50,BD5076,Pabna,within,FALSE
537115980,way,রোকেয়া আজিজ ক্লিনিক,"",89.4476744004512,24.1587459544206,BD50,BD5076,Pabna,within,FALSE
8083788817,node,"","",88.5810489654085,24.3719484207277,BD50,BD5081,Rajshahi,within,FALSE
1635332528,node,Altaf Uz Zaman Collage & Hospital,"",88.586340796158,24.3718394559865,BD50,BD5081,Rajshahi,within,FALSE
9590393415,node,Amana Hospital,"",88.5785241685346,24.3727349785215,BD50,BD5081,Rajshahi,within,FALSE
1392886977,way,Barind Medical College,"",88.624244109905,24.38231655,BD50,BD5081,Rajshahi,within,TRUE
9589195164,node,CDM Dental,"",88.581787159621,24.3719793499504,BD50,BD5081,Rajshahi,within,FALSE
9589195163,node,CDM Hospital,"",88.5818239561759,24.3719678667431,BD50,BD5081,Rajshahi,within,FALSE
531610358,way,Chargat Hospital,"",88.7519523692112,24.2783801459544,BD50,BD5081,Rajshahi,within,FALSE
2344447969,node,Charghat Upazila Health Complex,"",88.754432152952,24.2815555461526,BD50,BD5081,Rajshahi,within,FALSE
531605974,way,College hospital,"",88.7175156621697,24.3139780468228,BD50,BD5081,Rajshahi,within,FALSE
9590393410,node,Comfort Pheotheraphy,"",88.5810982509991,24.3693772719292,BD50,BD5081,Rajshahi,within,FALSE
9589195181,node,Fare Hospital,"",88.5801142993856,24.3723633249348,BD50,BD5081,Rajshahi,within,FALSE
2344453917,node,Godagari Upazila Health Complex,"",88.3239855504464,24.473770271737,BD50,BD5081,Rajshahi,within,FALSE
9589195179,node,Graduate Hospital,"",88.5803665946711,24.3723607265448,BD50,BD5081,Rajshahi,within,FALSE
10578771311,node,"Hospital Main Gate,Rajshahi","",88.5860102977159,24.370829269016,BD50,BD5081,Rajshahi,within,FALSE
9587894838,node,Islami Bank Hospital,"",88.5829561836566,24.3716316686068,BD50,BD5081,Rajshahi,within,FALSE
9590393405,node,Jamjam Islami Hospital,"",88.5816461760096,24.3704560228677,BD50,BD5081,Rajshahi,within,FALSE
529369166,way,Mohanpur Upazila Health Complex,"",88.6469763617441,24.5551585515518,BD50,BD5081,Rajshahi,within,FALSE
9587894839,node,Mukti Clinic,"",88.5830928924974,24.3715912678335,BD50,BD5081,Rajshahi,within,FALSE
9589195180,node,North Bengal Hospital,"",88.5802519302357,24.3723177273816,BD50,BD5081,Rajshahi,within,FALSE
9589195165,node,Popular Diagonestics,"",88.5815737563661,24.372044142062,BD50,BD5081,Rajshahi,within,FALSE
9589195167,node,Prime Diagonestics,"",88.5809549204549,24.3720545356219,BD50,BD5081,Rajshahi,within,FALSE
9590402419,node,Prime Medical Technology,"",88.6242572571728,24.3604557418294,BD50,BD5081,Rajshahi,within,FALSE
1986847488,node,"RUET Central Hospital, Rajshahi","",88.6266258991906,24.3687088989702,BD50,BD5081,Rajshahi,within,FALSE
9589195166,node,Rajshahi Diagonestics,"",88.5815279911748,24.3719076846783,BD50,BD5081,Rajshahi,within,FALSE
9590393412,node,Rajshahi Metropalitan Hospital,"",88.5809740311941,24.3685844277081,BD50,BD5081,Rajshahi,within,FALSE
5350285191,node,Rajshahi Shishu Hospital রাজশাহী শিশু হাসপাতালের,"",88.5886685344884,24.367493439191,BD50,BD5081,Rajshahi,within,FALSE
9587894868,node,SPRC Center,"",88.5831891167458,24.3728369862832,BD50,BD5081,Rajshahi,within,FALSE
9589195178,node,Square Hospital,"",88.5804994478364,24.3723405261582,BD50,BD5081,Rajshahi,within,FALSE
2349386854,node,Tanore Upazila Health Complex,"",88.5749800484157,24.5758156681039,BD50,BD5081,Rajshahi,within,FALSE
9692911670,node,Tanore Upazila Health Complex,"",88.5749685652083,24.5752482970781,BD50,BD5081,Rajshahi,within,FALSE
2344448874,node,Tuberculosis Hospital Rajshahi,"",88.5820022392564,24.3767362476395,BD50,BD5081,Rajshahi,within,FALSE
499248787,way,Tuberculosis Hospital Rajshahi,"",88.5796068246235,24.3761515679836,BD50,BD5081,Rajshahi,within,FALSE
1189587863,way,tyu,"",88.6425239237543,24.3772029520082,BD50,BD5081,Rajshahi,within,FALSE
456707640,way,"","",89.7826676962063,24.0622237293308,BD50,BD5088,Sirajganj,within,FALSE
6205494354,node,"","",89.707955027219,24.4566264299001,BD50,BD5088,Sirajganj,within,FALSE
4557345089,node,"","",89.7034321522666,24.2267291822186,BD50,BD5088,Sirajganj,within,FALSE
2552266475,node,"","",89.7096692940561,24.4537650996138,BD50,BD5088,Sirajganj,within,FALSE
3360213293,node,Adachaki Community Hospital,"",89.672127085018,24.3193096497029,BD50,BD5088,Sirajganj,within,FALSE
2349386825,node,Belkuchi Upazila Health Complex,"",89.6950128658049,24.3003838990703,BD50,BD5088,Sirajganj,within,FALSE
402332241,way,Belkuchi Upazila Health Complex,"",89.696347066643,24.2949543955611,BD50,BD5088,Sirajganj,within,FALSE
12830087455,node,"Charhamkuria General Hospital, Hospital","",89.325151916723,24.3540553205661,BD50,BD5088,Sirajganj,within,FALSE
12852996339,node,"Comfort Diagnostic And Consultation Center, Hospital","",89.504104292192,24.5555094180187,BD50,BD5088,Sirajganj,within,FALSE
525078640,way,Esquire Hospital ইস্কয়ার হাসপাতাল,"",89.6931559755034,24.3954259219692,BD50,BD5088,Sirajganj,within,FALSE
12848772765,node,"Germany Homio Center, Hospital","",89.5490439498759,24.4292892717948,BD50,BD5088,Sirajganj,within,FALSE
442360885,way,Gurpipul Community Clinic,"",89.367730183824,24.4971206614168,BD50,BD5088,Sirajganj,within,FALSE
12845175057,node,"Jhawoil Union Porishod Hospital, Hospital","",89.6754426306374,24.4029900447596,BD50,BD5088,Sirajganj,within,FALSE
433212812,way,North Bengal Medical College,"",89.7163009707406,24.4601317837168,BD50,BD5088,Sirajganj,within,TRUE
12836770393,node,"Sakhawat Memorial Hospital, Hospital","",89.5626936277369,24.4209607613445,BD50,BD5088,Sirajganj,within,FALSE
5234369307,node,Shaheed M. Munsur Ali Medical College & Hospital,"",89.6728395467878,24.4486148392088,BD50,BD5088,Sirajganj,within,TRUE
2352335416,node,Sirajganj General Hospital,"",89.7110435909004,24.4586367455572,BD50,BD5088,Sirajganj,within,FALSE
517596047,way,Ullapara Eye Clinic And Hospital,"",89.5625645669411,24.3097506339572,BD50,BD5088,Sirajganj,within,FALSE
13590840855,node,এখানে চাঁদা তোলা হয়,"",89.6900072770487,24.4662252177763,BD50,BD5088,Sirajganj,within,FALSE
13590840856,node,এখানে চাঁদা তোলা হয়,"",89.6901332570535,24.4543087498536,BD50,BD5088,Sirajganj,within,FALSE
5222010345,node,"বারুহাস,কমিউনিটি হাসপাতাল","",89.2880815250146,24.4698224791613,BD50,BD5088,Sirajganj,within,FALSE
5894264988,node,"","",88.6557695250678,25.8632452339711,BD55,BD5527,Dinajpur,within,FALSE
7410655942,node,"","",88.9886864815412,25.3852994758286,BD55,BD5527,Dinajpur,within,FALSE
5894263088,node,"","",88.6548117249922,25.6128207892366,BD55,BD5527,Dinajpur,within,FALSE
13018986602,node,"","",88.6304004378277,25.6294416841346,BD55,BD5527,Dinajpur,within,FALSE
5104644465,node,"","",88.7683314438895,25.8000260703894,BD55,BD5527,Dinajpur,within,FALSE
7152112885,node,"","",88.6551190893815,25.6093136333108,BD55,BD5527,Dinajpur,within,FALSE
11971896284,node,Altafun Nesa General Hospital,"",88.6714594419802,25.7458544169122,BD55,BD5527,Dinajpur,within,FALSE
7410340011,node,America Australia Bangladesh Friendship Hospital,"",88.9937417749832,25.3931067995396,BD55,BD5527,Dinajpur,within,FALSE
13119221330,node,"Astha Clinic and Diagnostic Center (anup), Hospital","",88.6758925467497,25.7562778164226,BD55,BD5527,Dinajpur,within,FALSE
11971900052,node,"Birganj Diabetes and Foot Care Center, Hospital","",88.6558960918057,25.8479672875996,BD55,BD5527,Dinajpur,within,FALSE
530376387,way,Bochaganj Upazila Health Complex,"",88.4670799779058,25.7997367270918,BD55,BD5527,Dinajpur,within,FALSE
11993656715,node,Check Up Diagnostics And Hospital,"",88.6420203540162,25.628764091082,BD55,BD5527,Dinajpur,within,FALSE
344940347,way,Dinajpur Diabetes O Swasthoseba Hospital,association,88.6472903888797,25.6198198879341,BD55,BD5527,Dinajpur,within,FALSE
2381389093,node,Dinajpur General Hospital,"",88.6371366381321,25.625658176861,BD55,BD5527,Dinajpur,within,FALSE
275619329,way,Dinajpur Medical College and Hospital,"",88.6545080564198,25.6106368843648,BD55,BD5527,Dinajpur,within,TRUE
344940821,way,Gausul Azam BNSB Eye Hospital,association,88.6437089941076,25.6199997216667,BD55,BD5527,Dinajpur,within,FALSE
540615652,way,HSTU Medical Center,"",88.6540427645862,25.698911819646,BD55,BD5527,Dinajpur,within,FALSE
2349387503,node,Hakimpur Upazila Health Complex,"",89.012406764608,25.2866263705655,BD55,BD5527,Dinajpur,within,FALSE
9529696598,node,Health Care Pvt. Hospital,"",88.6483020875305,25.6186069846354,BD55,BD5527,Dinajpur,within,FALSE
2508510818,node,Institute of Nuclear Medicine and Allied Sciences,"",88.6382549516535,25.6266020629774,BD55,BD5527,Dinajpur,within,FALSE
9529696600,node,Islami Bank Community Hospital,"",88.6489994618746,25.6172392256755,BD55,BD5527,Dinajpur,within,FALSE
2381389722,node,Kaharole Upazila Health Complex,"",88.6066759638092,25.7937280759828,BD55,BD5527,Dinajpur,within,FALSE
938321798,way,Life Care Hospital,"",88.6293339608801,25.6284118416011,BD55,BD5527,Dinajpur,within,FALSE
8692906995,node,Life Care Hospital,private,88.6293332539156,25.6284711435661,BD55,BD5527,Dinajpur,within,FALSE
2365535325,node,Nawabganj Upazila Health Complex,"",89.0818058215805,25.4186692572859,BD55,BD5527,Dinajpur,within,FALSE
2332804905,node,Nawabganj Upazila Health Complex,"",89.0819611382464,25.4180150497433,BD55,BD5527,Dinajpur,within,FALSE
11975219712,node,Paralysis And Disabled Rehabilitation Hospital,"",88.6486524510831,25.6595464628487,BD55,BD5527,Dinajpur,within,FALSE
2365532473,node,Phulbari Upazila Health Complex,"",88.9482670166007,25.5021794997082,BD55,BD5527,Dinajpur,within,FALSE
540123465,way,Phulbari Upazila Health complex ফুলবাড়ীর উপজেলা স্বাস্থ্য কমপ্লেক্স,"",88.9487989725385,25.5016503920703,BD55,BD5527,Dinajpur,within,FALSE
4892713464,node,Rayhan Hospital,"",88.989964554137,25.3966504167443,BD55,BD5527,Dinajpur,within,FALSE
11960311544,node,"SHAMIM DENTAL CARE, Hospital","",88.603999957402,25.9041616619506,BD55,BD5527,Dinajpur,within,FALSE
11993712505,node,Saint Vincent Hospital Dinajpur,"",88.6304180398244,25.6119889691657,BD55,BD5527,Dinajpur,within,FALSE
11971880749,node,Upazilla Livestock Office & Veterinary Hospital,"",88.6548920236245,25.8569423780607,BD55,BD5527,Dinajpur,within,FALSE
344940612,way,Zia Heart Foundation Hospital & Recharch Institute,"",88.6461104982384,25.6201272523234,BD55,BD5527,Dinajpur,within,FALSE
9529696591,node,Zia Heart Foundation Hospital & Recharch Institute,"",88.6462515387382,25.6197521202469,BD55,BD5527,Dinajpur,within,FALSE
1249263421,way,বিরামপুর উপজেলা স্বাস্থ্য কমপ্লেক্স,"",88.9873006650056,25.3951752017857,BD55,BD5527,Dinajpur,within,FALSE
13004136636,node,"AYESHA JABBAR CONSULTATION AndDIAGNOSTIC CENTER, Hospital","",89.3744929955823,25.0727532262759,BD55,BD5532,Gaibandha,within,FALSE
13015375910,node,"Alshifa Clinic, Hospital","",89.3905357906183,25.1356421428726,BD55,BD5532,Gaibandha,within,FALSE
13033802762,node,"Dhaperhat Sub-District Health Center Office, Hospital","",89.3427609541861,25.345196260095,BD55,BD5532,Gaibandha,within,FALSE
535518363,way,Eye hospital,"",89.3890131167004,25.1462009939384,BD55,BD5532,Gaibandha,within,FALSE
2332802122,node,Gaibandha General Hospital,government,89.5376380236754,25.327254796352,BD55,BD5532,Gaibandha,within,FALSE
1043311624,way,Gaibandha General hospital pond,"",89.5373694665161,25.3263063001889,BD55,BD5532,Gaibandha,within,FALSE
535518187,way,Gobindaganj Upazila Health Complex গোবিন্দগঞ্জ উপজেলা স্বাস্থ্য কমপ্লেক্সের,"",89.3862657294104,25.1424720528545,BD55,BD5532,Gaibandha,within,FALSE
13015369481,node,"Health City General Hospital, Hospital","",89.3886866589592,25.1355096249835,BD55,BD5532,Gaibandha,within,FALSE
13028310476,node,"New Life Clinic And Consultation Center, Hospital","",89.3510739581155,25.2854603640151,BD55,BD5532,Gaibandha,within,FALSE
13015372942,node,"Poly Ultrasono and Diagonostic Center, Hospital","",89.3901290168573,25.1351486164138,BD55,BD5532,Gaibandha,within,FALSE
13015379404,node,"Radia General Hospital, Hospital","",89.3879626301631,25.1358231919812,BD55,BD5532,Gaibandha,within,FALSE
2332856918,node,Saghatta Upazila Health Complex,"",89.5818139223421,25.1130043826006,BD55,BD5532,Gaibandha,within,FALSE
2332802124,node,Shadullahpur Upazila Health Complex,"",89.4689774961915,25.3894270602274,BD55,BD5532,Gaibandha,within,FALSE
13015364273,node,"Sheba Clinic And Diagnostic Centre, Hospital","",89.3891546206134,25.1351135800585,BD55,BD5532,Gaibandha,within,FALSE
2332792027,node,Sundarganj Upazila Health Complex,"",89.5189416857327,25.5644139573051,BD55,BD5532,Gaibandha,within,FALSE
13028258634,node,"palashshbariprofecerpara, Hospital","",89.3505855446176,25.2823550365273,BD55,BD5532,Gaibandha,within,FALSE
9692896258,node,Bhurungamari Upazila Health Complex,"",89.6645923407983,26.1194666867594,BD55,BD5549,Kurigram,within,FALSE
2332804904,node,Chilmari Upazila Health Complex,"",89.6602717211694,25.5812942721062,BD55,BD5549,Kurigram,within,FALSE
2332792026,node,Kurigram General Hospital,"",89.6451387817228,25.8083677404276,BD55,BD5549,Kurigram,within,FALSE
7939403290,node,Nageswari Upazila Health Complex,government,89.6895086376289,25.9647601396861,BD55,BD5549,Kurigram,within,FALSE
624256836,way,Raumari Upazila Health Complex,"",89.8321972677589,25.571772094825,BD55,BD5549,Kurigram,within,FALSE
398733257,way,Ulipur Upazila Health Complex,"",89.6245501367834,25.6562527520871,BD55,BD5549,Kurigram,within,FALSE
1101933632,way,Dahagram Hospital,"",88.9448753815558,26.3048553999468,BD55,BD5552,Lalmonirhat,within,FALSE
5240580324,node,LIFE CARE Medical & Dental Centre,private,89.1112586558658,26.2051635162625,BD55,BD5552,Lalmonirhat,within,FALSE
2332802123,node,Lalmonirhat General Hospital,"",89.4559008890506,25.9198853579329,BD55,BD5552,Lalmonirhat,within,FALSE
10083647493,node,দহগ্রাম হাসপাতাল,public,88.9448422547831,26.3047209961294,BD55,BD5552,Lalmonirhat,within,FALSE
681160765,way,"","",89.0123372166436,25.8988624132168,BD55,BD5573,Nilphamari,within,FALSE
681333077,way,"","",88.9246768115263,26.1565500704177,BD55,BD5573,Nilphamari,within,FALSE
5104644502,node,"","",88.7483557760654,26.0057390966634,BD55,BD5573,Nilphamari,within,FALSE
13144347526,node,"A. R General Hospital, Hospital","",88.8508155737251,25.9310300202114,BD55,BD5573,Nilphamari,within,FALSE
13144340131,node,"Adhunik Sadar Hospital, Hospital","",88.8455125950443,25.9305127729666,BD55,BD5573,Nilphamari,within,FALSE
13133088743,node,"Bangladesh China Friendship 1000 Bed Hospital, Hospital","",88.8681802787107,25.8823972959893,BD55,BD5573,Nilphamari,within,FALSE
13119165977,node,"City Community Hospital, Hospital","",88.8949342239931,25.7781013586203,BD55,BD5573,Nilphamari,within,FALSE
13144364835,node,"DIGI Care Nilphamari, Hospital","",88.8483353685761,25.9305865337145,BD55,BD5573,Nilphamari,within,FALSE
13159610128,node,"Danish Bangladesh Leprosy Mission, Hospital","",88.8461241386999,25.9695584439768,BD55,BD5573,Nilphamari,within,FALSE
13144354721,node,"Disability Service and Assistance Center, Hospital","",88.8452042248266,25.9284004495478,BD55,BD5573,Nilphamari,within,FALSE
13149385525,node,"District Animal Resources Office, Animal hospital","",88.8385263625683,25.9566166178389,BD55,BD5573,Nilphamari,within,FALSE
9692137609,node,Domar Upazila Health Complex,"",88.8537948373892,26.1139116642501,BD55,BD5573,Nilphamari,within,FALSE
13114469435,node,"Dr.Dil Afroza Memorial Hospital, Hospital","",88.8888336234064,25.7779646497796,BD55,BD5573,Nilphamari,within,FALSE
13159558821,node,"Government Leprosy Hospital, Hospital","",88.8431175500316,25.96647381979,BD55,BD5573,Nilphamari,within,FALSE
13119165978,node,"Green Life Lab and Hospital, Hospital","",88.8928505666833,25.7776058205047,BD55,BD5573,Nilphamari,within,FALSE
13110342959,node,"Hamdard Treatment and Sales Centre, Hospital","",88.9147318601938,25.7806191985146,BD55,BD5573,Nilphamari,within,FALSE
13142387475,node,"Internal Hospital, Nilphamari Jail, Hospital","",88.8664292991378,25.9227617756449,BD55,BD5573,Nilphamari,within,FALSE
13110324362,node,"LABZONE GENERAL HOSPITAL, General hospital","",88.9092482514997,25.7793697920276,BD55,BD5573,Nilphamari,within,FALSE
13126420975,node,Labzone Diagnostic Center,"",88.902289595485,25.7778893802891,BD55,BD5573,Nilphamari,within,FALSE
13119225253,node,"Maa Hospital And Diagnostic Centre, Hospital","",88.8939318321926,25.7779909689555,BD55,BD5573,Nilphamari,within,FALSE
13144344227,node,"Mother and Child Welfare Centre, Maternity hospital","",88.8532482534832,25.9310944770468,BD55,BD5573,Nilphamari,within,FALSE
13144318884,node,"Mouno general hospital, Hospital","",88.8468938488683,25.9300164804797,BD55,BD5573,Nilphamari,within,FALSE
8243329653,node,Nagorik Hospital,"",88.8511915859015,25.9360084516013,BD55,BD5573,Nilphamari,within,FALSE
8234126759,node,Nilphamari Diabetes Hospital,"",88.8595024943551,25.9306587857199,BD55,BD5573,Nilphamari,within,FALSE
2381391884,node,Nilphamari General Hospital,"",88.8453771434891,25.9306734540504,BD55,BD5573,Nilphamari,within,FALSE
13159560567,node,"Notkhana Kusto Hospital, Hospital","",88.8425622489463,25.9668074195363,BD55,BD5573,Nilphamari,within,FALSE
13159576526,node,"Palash Bari Diabetes Clinic, Hospital","",88.8424732331346,25.9842248466928,BD55,BD5573,Nilphamari,within,FALSE
13144354725,node,"Roots Hospital And Diagnostic Center, Hospital","",88.8457029480654,25.9387644213648,BD55,BD5573,Nilphamari,within,FALSE
13103553100,node,"SAP Medicare center, Hospital","",88.9144084863694,25.780321892409,BD55,BD5573,Nilphamari,within,FALSE
13110313255,node,"Saidpur Community Eye Hospital, Hospital","",88.904883291603,25.7796661761238,BD55,BD5573,Nilphamari,within,FALSE
9692137606,node,Saidpur Upazila Health Complex,"",88.8954009283618,25.7836255357259,BD55,BD5573,Nilphamari,within,FALSE
13133055943,node,"Sangalshi Govt. Hospital, Hospital","",88.867935527138,25.8469437734031,BD55,BD5573,Nilphamari,within,FALSE
13142415884,node,"Shaha Plaza Hospital, Hospital","",88.8570108898178,25.9285887909121,BD55,BD5573,Nilphamari,within,FALSE
13152804596,node,"Sun Hospital And Diagnostic Center, Hospital","",88.8266029376659,26.1021616609244,BD55,BD5573,Nilphamari,within,FALSE
13110340091,node,"Surjer Hashi Clinic, Hospital","",88.9046753365853,25.7785703261029,BD55,BD5573,Nilphamari,within,FALSE
13133095036,node,"Uttara EPZ Medical Center, Hospital","",88.8647012859795,25.8583319299688,BD55,BD5573,Nilphamari,within,FALSE
2381391525,node,কিশোরগঞ্জ উপজেলা স্বাস্থ্য কমপ্লেক্স,"",89.0128046535517,25.899408536118,BD55,BD5573,Nilphamari,within,FALSE
3381756304,node,ডিমলা উপজেলা স্বাস্থ্য কমপ্লেক্স,"",88.9249712769296,26.1563387626387,BD55,BD5573,Nilphamari,within,FALSE
5884640140,node,দক্ষিণ বালাপাড়া কমিউনিটি ক্লিনিক,"",88.9067915994986,26.2114328445601,BD55,BD5573,Nilphamari,within,FALSE
553686641,way,পুরাতন হাসপাতাল,"",88.853646322442,25.9313540226786,BD55,BD5573,Nilphamari,within,FALSE
527573012,way,"","",88.5574782747263,26.3390756093001,BD55,BD5577,Panchagarh,within,FALSE
539383469,way,"Adhunik Sadar Hospital, Panchagarh","",88.5564056015992,26.340139775727,BD55,BD5577,Panchagarh,within,FALSE
2381387093,node,Atwari Upazila Health Complex,"",88.4088818243774,26.2370486950297,BD55,BD5577,Panchagarh,within,FALSE
13230241394,node,"B Four General Hospital, Hospital","",88.5550294424821,26.2029129752604,BD55,BD5577,Panchagarh,within,FALSE
2381388292,node,Boda Upazila Health Complex,"",88.5532584301606,26.2034806815623,BD55,BD5577,Panchagarh,within,FALSE
13232613789,node,"Boda Upazila Health Complex, Hospital","",88.5540559682475,26.2026185190019,BD55,BD5577,Panchagarh,within,FALSE
13677222958,node,"Child Health & Mother Care Hospital (মা ও শিশু কল্যাণ কেন্দ্র, বোদা, পঞ্চগড়)",public,88.555193057232,26.1966531185133,BD55,BD5577,Panchagarh,within,FALSE
9594472049,node,City General Hospital,"",88.5554523933162,26.3374409286337,BD55,BD5577,Panchagarh,within,FALSE
13167406360,node,"Debiganj Sadar Hospital, Hospital","",88.7551738675638,26.1164543983969,BD55,BD5577,Panchagarh,within,FALSE
2381392623,node,Debiganj Upazila Health Complex,"",88.7560235410885,26.1162243989738,BD55,BD5577,Panchagarh,within,FALSE
13234433668,node,"Diabetic Hospital Panchagarh, Hospital","",88.5569406840437,26.3442634625408,BD55,BD5577,Panchagarh,within,FALSE
9594472066,node,Digital General Hospital Panchagar,"",88.556341797062,26.3398040385954,BD55,BD5577,Panchagarh,within,FALSE
13243156726,node,"Health Care Specialized Hospital, Hospital","",88.554883932643,26.3344194201777,BD55,BD5577,Panchagarh,within,FALSE
2381386582,node,Panchagarh General Hospital,"",88.5573100745166,26.3392355779222,BD55,BD5577,Panchagarh,within,FALSE
13230239169,node,"Surma General Hospital and diagnostic centre, Hospital","",88.5548580325622,26.2028596663562,BD55,BD5577,Panchagarh,within,FALSE
13230242902,node,"Upazila Livestock Department and Veterinary Hospital, Animal hospital","",88.5553826558818,26.1993419492323,BD55,BD5577,Panchagarh,within,FALSE
684180575,way,দেবীগঞ্জ স্বাস্থ্য কমপ্লেক্স,"",88.7551052748696,26.1165916101518,BD55,BD5577,Panchagarh,within,FALSE
5205872624,node,"","",89.0310068783023,25.8107122425643,BD55,BD5585,Rangpur,within,FALSE
13065159557,node,"Apollo Eye Hospital, Hospital","",89.2307624668957,25.7492179908367,BD55,BD5585,Rangpur,within,FALSE
13065134179,node,"Asian General Hospital, Hospital","",89.2313056980404,25.7560778242129,BD55,BD5585,Rangpur,within,FALSE
1456585078,way,Badarganj Upazila Health Complex,"",89.0494257679034,25.6727249,BD55,BD5585,Rangpur,within,FALSE
13070677911,node,"Begum Rokeya Medical College And Hospital, Hospital","",89.2403484304601,25.7284914721263,BD55,BD5585,Rangpur,within,TRUE
9598732161,node,Dhap Bio Lab,"",89.2354473640365,25.7619000617953,BD55,BD5585,Rangpur,within,FALSE
13096228312,node,"Ekarchali FWC, Hospital","",89.0826038625817,25.8116055858045,BD55,BD5585,Rangpur,within,FALSE
13086748595,node,"Emergency And Casualty, Hospital","",89.2303716187508,25.7673748694911,BD55,BD5585,Rangpur,within,FALSE
13081703236,node,"Family planning Hospital, Hospital","",89.2541924846557,25.8650731594152,BD55,BD5585,Rangpur,within,FALSE
13068604685,node,"Health Plus Diagnostic, Hospital","",89.2324679327344,25.7649267670312,BD55,BD5585,Rangpur,within,FALSE
13094307462,node,"Health care Hospital, Hospitalt","",89.2260079999587,25.7727079392043,BD55,BD5585,Rangpur,within,FALSE
13065165401,node,"Ideal General Hospital, Hospital","",89.2311889381292,25.7597383689668,BD55,BD5585,Rangpur,within,FALSE
13075777014,node,"International Hospital, Hospital","",89.2317899205868,25.7578759939007,BD55,BD5585,Rangpur,within,FALSE
9598732159,node,Islami Bank Community Hospital,"",89.2350025364351,25.7618481778146,BD55,BD5585,Rangpur,within,FALSE
9598732175,node,Kabir Uddin Memorial College Hospital,"",89.2396857571952,25.7611577604502,BD55,BD5585,Rangpur,within,FALSE
13033811658,node,"Khejmatpur Hospitals, Khejmatpur Union Sub-Health Center, Hospital","",89.3284113874101,25.3780490457645,BD55,BD5585,Rangpur,within,FALSE
9598732176,node,Lifeline Community Hospital,"",89.2393684183411,25.7611216344475,BD55,BD5585,Rangpur,within,FALSE
13075738953,node,"Lucky Hospital, Hospital","",89.2344235983829,25.7401328459869,BD55,BD5585,Rangpur,within,FALSE
13065127429,node,"Manob Seba Hospital, Hospital","",89.2314080410782,25.7569398191353,BD55,BD5585,Rangpur,within,FALSE
13084246356,node,"Medinova Clinic And Nursing Home, Hospital","",89.2286682483879,25.7699372172912,BD55,BD5585,Rangpur,within,FALSE
13065134686,node,"Metro Hospital, Hospital","",89.2310046200784,25.7587183751696,BD55,BD5585,Rangpur,within,FALSE
536272772,way,Mithapukur upazila health complex মিঠাপুকুর থানা স্বাস্থ্য কমপ্লেক্স,"",89.2754110935652,25.5716623338029,BD55,BD5585,Rangpur,within,FALSE
13037236274,node,"Nagar Matrisadan, Hospital","",89.3119152990504,25.4223982821888,BD55,BD5585,Rangpur,within,FALSE
1292823822,way,Nazmun Nahar Hospital,"",89.2781480896542,25.7378455503394,BD55,BD5585,Rangpur,within,FALSE
13065144854,node,"Nirjon Clinic And Nursing Home, Hospital","",89.231161948401,25.7582563646667,BD55,BD5585,Rangpur,within,FALSE
13081698049,node,"Nurunnahar Community Clinic, Hospital","",89.2559689452143,25.857756596135,BD55,BD5585,Rangpur,within,FALSE
13033830292,node,"Pirganj General Hospital And Diagnostic Center, Hospital","",89.3167108373131,25.4173104669625,BD55,BD5585,Rangpur,within,FALSE
535555800,way,Pirganj upajila health complex,"",89.3110671571477,25.4174567730824,BD55,BD5585,Rangpur,within,FALSE
13068622421,node,"Prime Care Hospital And Diagnostic Center, Hospital","",89.2379056924183,25.7606703527807,BD55,BD5585,Rangpur,within,FALSE
13075764396,node,"RK Hospital, Hospital","",89.2359599174156,25.7609427646338,BD55,BD5585,Rangpur,within,FALSE
13075837210,node,"Rainbow Clinic, Private hospital","",89.2323732172286,25.764191841761,BD55,BD5585,Rangpur,within,FALSE
13075798880,node,"Rangpur General Hospital, Hospital","",89.2341903300176,25.7623093501272,BD55,BD5585,Rangpur,within,FALSE
13084204881,node,"Rangpur Good Health Nursing College, Hospital","",89.235588599105,25.767601599972,BD55,BD5585,Rangpur,within,FALSE
1950821381,node,Rangpur Medial College Hospital,"",89.2315590829734,25.7670136932834,BD55,BD5585,Rangpur,within,FALSE
180018211,way,Rangpur Medical College Hospital,"",89.232715346057,25.7673239913389,BD55,BD5585,Rangpur,within,TRUE
13075841207,node,"Rangpur Talukdar Hospital Private Limited, Hospital","",89.2318679561053,25.7633038629388,BD55,BD5585,Rangpur,within,FALSE
13045451460,node,"Royal Health City Hospital, Hospital","",89.2733159643842,25.579843699943,BD55,BD5585,Rangpur,within,FALSE
13048104933,node,"Safura Eye Hospital, Hospital","",89.2849852499823,25.5323648285118,BD55,BD5585,Rangpur,within,FALSE
9596436433,node,Sheba Hospital,"",89.2325456329769,25.7642013971306,BD55,BD5585,Rangpur,within,FALSE
447867275,way,Surgi Home সার্জি হোম,"",89.2319960739287,25.7561633615348,BD55,BD5585,Rangpur,within,FALSE
13100419644,node,"Taragonj Upazilla Health Complex, Hospital","",89.0314113889494,25.8108782880662,BD55,BD5585,Rangpur,within,FALSE
13077628798,node,"Upazila Health Complex, Sadar Rangpur, Government hospital","",89.2508839798351,25.7525090612987,BD55,BD5585,Rangpur,within,FALSE
9596532351,node,Uttam Sheba Hospital,"",89.2347576172244,25.7622968610915,BD55,BD5585,Rangpur,within,FALSE
13075784450,node,"Uttomsheba Hospital, Hospital","",89.2344516777586,25.7621968649866,BD55,BD5585,Rangpur,within,FALSE
452862651,way,BGB Hospital Thakurgoan,"",88.466676756402,26.0186992791693,BD55,BD5594,Thakurgaon,within,FALSE
538676049,way,Baliadangi Upazila Health Comlex,"",88.2767444855529,26.0965233222977,BD55,BD5594,Thakurgaon,within,FALSE
556332617,way,Diabetic hospital,"",88.2470871068166,25.8901970759874,BD55,BD5594,Thakurgaon,within,FALSE
538924755,way,Friends Apollo Hospital ফ্রেন্ডস এ্যাপোলো হাসপাতাল,"",88.4741935701563,26.0291435077091,BD55,BD5594,Thakurgaon,within,FALSE
538929734,way,Grameen Eye Hospital Thakurgaon গ্রামীন চক্ষু হাসপাতাল,"",88.4929396967897,26.0411346164797,BD55,BD5594,Thakurgaon,within,FALSE
538926206,way,Northern Hospital & Diagnostic Center,"",88.4818816533057,26.0322826980857,BD55,BD5594,Thakurgaon,within,FALSE
538924327,way,Popular Hospital পপুলার হাসপাতাল,"",88.4730669091333,26.0295069470308,BD55,BD5594,Thakurgaon,within,FALSE
556312089,way,Ranisankail Upzilla Sastho Complex,"",88.2540634143481,25.9010615731524,BD55,BD5594,Thakurgaon,within,FALSE
11958146651,node,Thakurgaon BGB Hospital,"",88.4669857639094,26.0191094895106,BD55,BD5594,Thakurgaon,within,FALSE
2381388293,node,Thakurgaon General Hospital,"",88.4758422504406,26.0305928644964,BD55,BD5594,Thakurgaon,within,FALSE
4727903891,node,"","",91.4173899485437,24.3722666815912,BD60,BD6036,Habiganj,within,FALSE
5730090442,node,"","",91.3799021380573,24.2718980849542,BD60,BD6036,Habiganj,within,FALSE
2332892994,node,Ajmiriganj Upazila Health Complex,"",91.2355888994621,24.5515793950777,BD60,BD6036,Habiganj,within,FALSE
795286625,way,Dighalbak Union Family Clinic & Health Center,"",91.6148306485549,24.6351830119013,BD60,BD6036,Habiganj,within,FALSE
2332892996,node,Habiganj General Hospital,"",91.4176424952863,24.3735428263494,BD60,BD6036,Habiganj,within,FALSE
8234519170,node,Habiganj Hospital Pvt. Ltd.,"",91.4123931607859,24.3711349570247,BD60,BD6036,Habiganj,within,FALSE
1350003313,way,Habiganj Medical College,"",91.4170763710605,24.3735952,BD60,BD6036,Habiganj,within,TRUE
8234513411,node,Jaspus Habiganj Adhunik Eye Hospital,"",91.4122199906663,24.3705762193592,BD60,BD6036,Habiganj,within,FALSE
2333151684,node,Madhabpur Upazila Health Complex,"",91.2875088384708,24.0971493177457,BD60,BD6036,Habiganj,within,FALSE
5619077147,node,Nabiganj Upazila Health Complex,"",91.5139363973337,24.5636260339568,BD60,BD6036,Habiganj,within,FALSE
1350001389,way,Surjomukhi General Hospital,"",91.4146738404971,24.3715788,BD60,BD6036,Habiganj,within,FALSE
8234473095,node,The Lab Aid Hospital,"",91.4137365284075,24.3723065794503,BD60,BD6036,Habiganj,within,FALSE
2332892995,node,বানিয়াচং ঊপজেলা স্বাস্থ্য কমপ্লেক্স,"",91.3639709899715,24.5043955666382,BD60,BD6036,Habiganj,within,FALSE
11449665766,node,লস্করপুর বাগান হাসপাতাল,"",91.4741747441543,24.1708008494742,BD60,BD6036,Habiganj,within,FALSE
1432707054,way,"","",92.1165297655812,24.5992239,BD60,BD6058,Moulvibazar,within,FALSE
224994111,way,"","",92.0386282864744,24.5282116548583,BD60,BD6058,Moulvibazar,within,FALSE
13176659961,node,"Barlekha City Clinik, Hospital","",92.1832908772513,24.691159875865,BD60,BD6058,Moulvibazar,within,FALSE
2332872326,node,Barlekha Upazila Health Complex,"",92.1848569520403,24.6938787976164,BD60,BD6058,Moulvibazar,within,FALSE
13165013170,node,"Bodor Uddin General Hospital,","",92.1166465327568,24.5991664768789,BD60,BD6058,Moulvibazar,within,FALSE
13168901571,node,"Bodor Uddin General Hospital, Hospital","",92.1166583512402,24.5991519761864,BD60,BD6058,Moulvibazar,within,FALSE
7385965799,node,Dipshikha Infertility Center,"",91.7335546656964,24.3107296821574,BD60,BD6058,Moulvibazar,within,FALSE
13167444529,node,"JURI ADHUNIK PVT., HOSPITAL, Hospital","",92.1142692573787,24.5975351908833,BD60,BD6058,Moulvibazar,within,FALSE
2332892997,node,Kamalganj Upazila Health Complex,"",91.8570805329642,24.3659436252942,BD60,BD6058,Moulvibazar,within,FALSE
2332892998,node,Kulaura Upazila Health Complex,"",92.0384990319849,24.5279661489144,BD60,BD6058,Moulvibazar,within,FALSE
6787831161,node,Life Care Pvt Hospital,"",91.7650812666459,24.4788831488538,BD60,BD6058,Moulvibazar,within,FALSE
6787831177,node,Life Line Hospital,"",91.7656729451909,24.4841781647266,BD60,BD6058,Moulvibazar,within,FALSE
8064477261,node,Mamun Private Hospital,"",91.7656208935722,24.4770904274031,BD60,BD6058,Moulvibazar,within,FALSE
7385945593,node,Mazumder Nursing Clinic,"",91.7337184480845,24.3108309355477,BD60,BD6058,Moulvibazar,within,FALSE
2332892999,node,Moulvibaza Sadar Hospital,"",91.7662743467436,24.4811473523581,BD60,BD6058,Moulvibazar,within,FALSE
2332893000,node,Rajanagar Upazila Health Complex,"",91.8529605760973,24.5277417653664,BD60,BD6058,Moulvibazar,within,FALSE
7388623578,node,Sharifpur Health Center,government,91.9774390466607,24.3442839493035,BD60,BD6058,Moulvibazar,within,FALSE
224494108,way,Sreemangal Labour Hospital,"",91.7380424725102,24.3323342890442,BD60,BD6058,Moulvibazar,within,FALSE
2332919090,node,Sreemangal Upazila Health Complex,"",91.7364248808001,24.300897961192,BD60,BD6058,Moulvibazar,within,FALSE
11031718905,node,মা ও শিশু প্রাঃ হাসপাতাল আন্ড ডায়াগনস্টিক সেন্টার,"",91.7706148314829,24.4865846929467,BD60,BD6058,Moulvibazar,within,FALSE
539361524,way,"","",91.3971823085838,24.9452029558375,BD60,BD6090,Sunamganj,within,FALSE
2332856859,node,"","",91.3039971316605,25.101402571323,BD60,BD6090,Sunamganj,within,FALSE
9916643514,node,"","",91.3107247824237,24.9380431341467,BD60,BD6090,Sunamganj,within,FALSE
1075303043,way,Bishwamvarpur Upazila Health Complex,"",91.3034285581729,25.1015373104165,BD60,BD6090,Sunamganj,within,FALSE
1075303059,way,Bishwamvpur Upazila Health Complex,"",91.3035190439358,25.1016372227024,BD60,BD6090,Sunamganj,within,FALSE
2332856879,node,Dowarbazar Upazila Health Complex,"",91.5678366447861,25.0429617631024,BD60,BD6090,Sunamganj,within,FALSE
2332872337,node,Jagannathpur Upazila Health Complex,"",91.563158788444,24.7794346435081,BD60,BD6090,Sunamganj,within,FALSE
2332872344,node,Jamalganj Upazila Health Complex,"",91.2356037354308,24.9987898877493,BD60,BD6090,Sunamganj,within,FALSE
2616255489,node,Khaled General Hospital,"",91.4433541509092,24.9218233971346,BD60,BD6090,Sunamganj,within,FALSE
2332856927,node,Sunamganj General Hospital,"",91.4106469588977,25.0651230959981,BD60,BD6090,Sunamganj,within,FALSE
2332856931,node,Tahirpur Upazila Health Complex,"",91.1854830557573,25.0979171245264,BD60,BD6090,Sunamganj,within,FALSE
6124500176,node,Union health and family welfare center,"",91.1597777703809,24.7655021602341,BD60,BD6090,Sunamganj,within,FALSE
6124500126,node,Vojendroganj up health and family welfare centre,"",91.2311955249137,24.7475303540017,BD60,BD6090,Sunamganj,within,FALSE
539203370,way,koitok hospital,"",91.5658076362193,24.9284216313128,BD60,BD6090,Sunamganj,within,FALSE
558368065,way,"","",91.7566595075228,25.085399590327,BD60,BD6091,Sylhet,within,FALSE
558368063,way,"","",91.7565771807896,25.0856258598032,BD60,BD6091,Sylhet,within,FALSE
10791274805,node,"","",91.8626940611575,24.8907867184257,BD60,BD6091,Sylhet,within,FALSE
10791276005,node,"","",91.8783303338897,24.8943461774273,BD60,BD6091,Sylhet,within,FALSE
521300782,way,"","",91.8833688609063,24.8866535600613,BD60,BD6091,Sylhet,within,FALSE
1085835917,way,"","",91.9376032937453,24.6975871611279,BD60,BD6091,Sylhet,within,FALSE
558368067,way,"","",91.7564804721635,25.0854159769477,BD60,BD6091,Sylhet,within,FALSE
537079689,way,Adhunik Hospital আধুনিক হাসপাতালের,"",91.8619680464711,24.8976685962073,BD60,BD6091,Sylhet,within,FALSE
9692896252,node,Balaganj Upazila Health Complex,"",91.8365115940335,24.6549968251751,BD60,BD6091,Sylhet,within,FALSE
508427366,way,Beanibazar Cancer Hospital,"",92.1502884405194,24.822270653043,BD60,BD6091,Sylhet,within,FALSE
4977329873,node,Beanibazar Cancer Hospital,"",92.1502706211563,24.8221818467789,BD60,BD6091,Sylhet,within,FALSE
13197508558,node,"Beanibazar Diabetic and Hormone Centre, Hospital","",92.1609816875837,24.8267327172879,BD60,BD6091,Sylhet,within,FALSE
508000234,way,Beanibazar Hospital,"",92.1625531650617,24.8284750215911,BD60,BD6091,Sylhet,within,FALSE
13200518824,node,"Beanibazar animal hospital, Hospital","",92.1620955586964,24.8298611788284,BD60,BD6091,Sylhet,within,FALSE
3720261994,node,Central Hospital,"",91.8709394231283,24.8985677229607,BD60,BD6091,Sylhet,within,FALSE
558368069,way,Companygonj Upazila Health Complex,"",91.7566397265003,25.0853764562743,BD60,BD6091,Sylhet,within,FALSE
2332856867,node,Companygonj Upazila Health Complex,"",91.7554135795255,25.0854566710877,BD60,BD6091,Sylhet,within,FALSE
2332872335,node,Golabganj Upazila Health Complex,"",92.0291638549635,24.8321256337897,BD60,BD6091,Sylhet,within,FALSE
1093202023,way,Gowainghat Upazila Health Complex,"",91.9798966772061,25.0893813296106,BD60,BD6091,Sylhet,within,FALSE
13197708485,node,"Hill View Hospital, Hospital","",92.1610450547717,24.8236947803017,BD60,BD6091,Sylhet,within,FALSE
3720274144,node,IBN SINA Hospital,private,91.8777266692231,24.8918060416706,BD60,BD6091,Sylhet,within,FALSE
2332856892,node,Jaintapur Upazila Health Complex,"",92.126580764398,25.1361744775432,BD60,BD6091,Sylhet,within,FALSE
6063402777,node,Jalalabad Eye Hospital,"",91.9095546834106,24.8993353376533,BD60,BD6091,Sylhet,within,FALSE
9812388576,node,Jalalabad Ragib Rabeya Medical  College  & Hospital,"",91.8523864995489,24.9134101456432,BD60,BD6091,Sylhet,within,FALSE
2332856901,node,Kanaighat Upazila Health Complex,"",92.2558594670899,25.0120630505197,BD60,BD6091,Sylhet,within,FALSE
368010825,way,"M.A.G Osmani Medical College Hospital, Sylhet","",91.8535767065517,24.9020250903817,BD60,BD6091,Sylhet,within,TRUE
265945386,node,"M.A.G Osmani Medical College Hospital, Sylhet","",91.8532443873388,24.9003677366672,BD60,BD6091,Sylhet,within,TRUE
6062978892,node,Mohanagar Hospital,"",91.865574250726,24.9003240669517,BD60,BD6091,Sylhet,within,FALSE
12511401694,node,Mount Adora Hospital,"",91.8739424913974,24.9001441913096,BD60,BD6091,Sylhet,within,FALSE
974896494,way,Mount Adora Hospital,"",91.8441308905699,24.9095629778152,BD60,BD6091,Sylhet,within,FALSE
13197540283,node,"New Life General Hospital, Hospital","",92.1617705923104,24.8279280604995,BD60,BD6091,Sylhet,within,FALSE
986184679,way,North East Medical College Hospital,"",91.8567600466437,24.8649437602897,BD60,BD6091,Sylhet,within,TRUE
9603054353,node,Oyesis Hospital,"",91.8801887694613,24.8878228774635,BD60,BD6091,Sylhet,within,FALSE
3715197755,node,Police Lines Hospital,"",91.8592554691996,24.8995779937502,BD60,BD6091,Sylhet,within,FALSE
13059204801,node,Shah Jalal Hospital,"",91.8595488358107,24.8984468559169,BD60,BD6091,Sylhet,within,FALSE
3720243035,node,Shahid Samsuddin Ahmed Hospital,"",91.8673141661868,24.8990648536379,BD60,BD6091,Sylhet,within,FALSE
9812654386,node,Sylhet Pet Care,"",91.86203767432,24.9067000968767,BD60,BD6091,Sylhet,within,FALSE
3715212193,node,Trust Medical Services,"",91.860120146331,24.8983945528411,BD60,BD6091,Sylhet,within,FALSE
1085835916,way,Upazila Fenchugonj Health Complex,"",91.9378607595116,24.6977654022989,BD60,BD6091,Sylhet,within,FALSE
2332872340,node,Zakiganj Upazila Health Complex,"",92.3642291770392,24.8842776676973,BD60,BD6091,Sylhet,within,FALSE
6062653342,node,আল আমিন ডেন্টাল কলেজ ও জেনারেল হাসপাতালে,"",91.8833746470385,24.8866371734406,BD60,BD6091,Sylhet,within,FALSE
1352899133,way,জালালাবাদ রাগিব-রাবেয়া মেডিকেল কলেজ এন্ড হাসপাতাল,"",91.8520707710058,24.9134186,BD60,BD6091,Sylhet,within,FALSE
2332872329,node,বিশ্বনাথ উপজেলা স্বাস্থ্য কমপ্লেক্স,"",91.7257034208128,24.8405594209439,BD60,BD6091,Sylhet,within,FALSE
1077007727,way,মতিন ডাক্তার হাসপাতাল,private,92.4569443366429,24.9141421791569,BD60,BD6091,Sylhet,within,FALSE
