country_code,indicator_id,sex,age,wealth_quintile,residence,maternal_education,time_period,coverage_time,value_pct,ci_low,ci_high,sample_size,data_source,indicator
BGD,NT_ANT_WHZ_NE2,_T,_T,_T,_T,_T,1986,1985-86,17.3,,,2675,Bangladesh household expenditure survey 1985-86. Bangladesh bureau of statistics. Dhaka  Bangladesh  1987,wasting (< -2 SD)
BGD,NT_ANT_WHZ_NE2,_T,_T,_T,_T,_T,1990,1989-90,17.5,,,1914,Report of the child nutrition status survey 1989-90. Bangladesh bureau of statistics. Dhaka  Bangladesh  1991,wasting (< -2 SD)
BGD,NT_ANT_WHZ_NE2,_T,_T,_T,_T,_T,1991,1991,15.2,,,32493,Nutritional Surveillance Project 1991  data on rural national (using the WHO Child Growth Standards). Unpublished estimates. Dhaka  Bangladesh  HKI and Institute of Public Health Nutrition  2008,wasting (< -2 SD)
BGD,NT_ANT_WHZ_NE2,_T,_T,_T,_T,_T,1992,1992,16.1,,,36997,Nutritional Surveillance Project 1992  data on rural national (using the WHO Child Growth Standards). Unpublished estimates. Dhaka  Bangladesh  HKI and Institute of Public Health Nutrition  2008.,wasting (< -2 SD)
BGD,NT_ANT_WHZ_NE2,_T,_T,_T,_T,_T,1993,1993,14,,,42826,Nutritional Surveillance Project 1993  data on rural national (using the WHO Child Growth Standards). Unpublished estimates. Dhaka  Bangladesh  HKI and Institute of Public Health Nutrition  2008.,wasting (< -2 SD)
BGD,NT_ANT_WHZ_NE2,_T,_T,_T,_T,_T,1994,1994,16.7,,,63753,Nutritional Surveillance Project 1994  data on rural national (using the WHO Child Growth Standards). Unpublished estimates. Dhaka  Bangladesh  HKI and Institute of Public Health Nutrition  2008.,wasting (< -2 SD)
BGD,NT_ANT_WHZ_NE2,_T,_T,_T,_T,_T,1995,1995,15.1,,,87051,Nutritional Surveillance Project 1995  data on rural national (using the WHO Child Growth Standards). Unpublished estimates. Dhaka  Bangladesh  HKI and Institute of Public Health Nutrition  2008.,wasting (< -2 SD)
BGD,NT_ANT_WHZ_NE2,_T,_T,_T,_T,_T,1996,1996,15.5,,,81067,Nutritional Surveillance Project 1996  data on rural national (using the WHO Child Growth Standards). Unpublished estimates. Dhaka  Bangladesh  HKI and Institute of Public Health Nutrition  2008.,wasting (< -2 SD)
BGD,NT_ANT_WHZ_NE2,F,M0T11,_T,_T,_T,1997,1996-97,25.3986,21.2688,30.0245,511.130767822266,Bangladesh demographic and health survey 1996-97. Demographic and Health Surveys. National Institute for Population Research and Training. Dhaka  Bangladesh  1997,wasting (< -2 SD)
BGD,NT_ANT_WHZ_NE2,F,M0T23,_T,_T,_T,1997,1996-97,26.5992,23.3814,30.0858,974.125915527344,Bangladesh demographic and health survey 1996-97. Demographic and Health Surveys. National Institute for Population Research and Training. Dhaka  Bangladesh  1997,wasting (< -2 SD)
BGD,NT_ANT_WHZ_NE2,F,M0T5,_T,_T,_T,1997,1996-97,23.4405,18.4666,29.2732,256.744995117188,Bangladesh demographic and health survey 1996-97. Demographic and Health Surveys. National Institute for Population Research and Training. Dhaka  Bangladesh  1997,wasting (< -2 SD)
BGD,NT_ANT_WHZ_NE2,F,M12T17,_T,_T,_T,1997,1996-97,28.3339,22.5795,34.8939,266.69921875,Bangladesh demographic and health survey 1996-97. Demographic and Health Surveys. National Institute for Population Research and Training. Dhaka  Bangladesh  1997,wasting (< -2 SD)
BGD,NT_ANT_WHZ_NE2,F,M12T23,_T,_T,_T,1997,1996-97,27.9245,23.768,32.498,462.9951171875,Bangladesh demographic and health survey 1996-97. Demographic and Health Surveys. National Institute for Population Research and Training. Dhaka  Bangladesh  1997,wasting (< -2 SD)
BGD,NT_ANT_WHZ_NE2,F,M18T23,_T,_T,_T,1997,1996-97,27.3683,21.0317,34.7733,196.295883178711,Bangladesh demographic and health survey 1996-97. Demographic and Health Surveys. National Institute for Population Research and Training. Dhaka  Bangladesh  1997,wasting (< -2 SD)
BGD,NT_ANT_WHZ_NE2,F,M24T29,_T,_T,_T,1997,1996-97,14.9007,10.4254,20.8498,255.063842773438,Bangladesh demographic and health survey 1996-97. Demographic and Health Surveys. National Institute for Population Research and Training. Dhaka  Bangladesh  1997,wasting (< -2 SD)
BGD,NT_ANT_WHZ_NE2,F,M24T35,_T,_T,_T,1997,1996-97,16.4344,12.8217,20.822,498.258331298828,Bangladesh demographic and health survey 1996-97. Demographic and Health Surveys. National Institute for Population Research and Training. Dhaka  Bangladesh  1997,wasting (< -2 SD)
BGD,NT_ANT_WHZ_NE2,F,M24T59,_T,_T,_T,1997,1996-97,14.7142,12.8438,16.8044,1475.81115722656,Bangladesh demographic and health survey 1996-97. Demographic and Health Surveys. National Institute for Population Research and Training. Dhaka  Bangladesh  1997,wasting (< -2 SD)
BGD,NT_ANT_WHZ_NE2,F,M30T35,_T,_T,_T,1997,1996-97,18.0431,12.9272,24.6113,243.19450378418,Bangladesh demographic and health survey 1996-97. Demographic and Health Surveys. National Institute for Population Research and Training. Dhaka  Bangladesh  1997,wasting (< -2 SD)
BGD,NT_ANT_WHZ_NE2,F,M36T41,_T,_T,_T,1997,1996-97,11.0711,8.1022,14.9509,274.523193359375,Bangladesh demographic and health survey 1996-97. Demographic and Health Surveys. National Institute for Population Research and Training. Dhaka  Bangladesh  1997,wasting (< -2 SD)
BGD,NT_ANT_WHZ_NE2,F,M36T47,_T,_T,_T,1997,1996-97,12.3931,9.9437,15.343,505.002685546875,Bangladesh demographic and health survey 1996-97. Demographic and Health Surveys. National Institute for Population Research and Training. Dhaka  Bangladesh  1997,wasting (< -2 SD)
BGD,NT_ANT_WHZ_NE2,F,M42T47,_T,_T,_T,1997,1996-97,13.9677,10.1205,18.9687,230.4794921875,Bangladesh demographic and health survey 1996-97. Demographic and Health Surveys. National Institute for Population Research and Training. Dhaka  Bangladesh  1997,wasting (< -2 SD)
BGD,NT_ANT_WHZ_NE2,F,M48T53,_T,_T,_T,1997,1996-97,12.3811,8.8769,17.0103,273.372283935547,Bangladesh demographic and health survey 1996-97. Demographic and Health Surveys. National Institute for Population Research and Training. Dhaka  Bangladesh  1997,wasting (< -2 SD)
BGD,NT_ANT_WHZ_NE2,F,M48T59,_T,_T,_T,1997,1996-97,15.3807,12.3871,18.9415,472.550170898438,Bangladesh demographic and health survey 1996-97. Demographic and Health Surveys. National Institute for Population Research and Training. Dhaka  Bangladesh  1997,wasting (< -2 SD)
BGD,NT_ANT_WHZ_NE2,F,M54T59,_T,_T,_T,1997,1996-97,19.4978,14.548,25.6266,199.17790222168,Bangladesh demographic and health survey 1996-97. Demographic and Health Surveys. National Institute for Population Research and Training. Dhaka  Bangladesh  1997,wasting (< -2 SD)
BGD,NT_ANT_WHZ_NE2,F,M6T11,_T,_T,_T,1997,1996-97,27.3749,21.5817,34.0481,254.385787963867,Bangladesh demographic and health survey 1996-97. Demographic and Health Surveys. National Institute for Population Research and Training. Dhaka  Bangladesh  1997,wasting (< -2 SD)
BGD,NT_ANT_WHZ_NE2,F,_T,_T,_T,_T,1997,1996-97,19.4189,17.6544,21.3142,2452.5693359375,Bangladesh demographic and health survey 1996-97. Demographic and Health Surveys. National Institute for Population Research and Training. Dhaka  Bangladesh  1997,wasting (< -2 SD)
BGD,NT_ANT_WHZ_NE2,M,M0T11,_T,_T,_T,1997,1996-97,31.9084,27.9173,36.1837,497.622589111328,Bangladesh demographic and health survey 1996-97. Demographic and Health Surveys. National Institute for Population Research and Training. Dhaka  Bangladesh  1997,wasting (< -2 SD)
BGD,NT_ANT_WHZ_NE2,M,M0T23,_T,_T,_T,1997,1996-97,31.1065,28.269,34.0935,1001.56011962891,Bangladesh demographic and health survey 1996-97. Demographic and Health Surveys. National Institute for Population Research and Training. Dhaka  Bangladesh  1997,wasting (< -2 SD)
BGD,NT_ANT_WHZ_NE2,M,M0T5,_T,_T,_T,1997,1996-97,27.7068,22.5274,33.5611,268.904602050781,Bangladesh demographic and health survey 1996-97. Demographic and Health Surveys. National Institute for Population Research and Training. Dhaka  Bangladesh  1997,wasting (< -2 SD)
BGD,NT_ANT_WHZ_NE2,M,M12T17,_T,_T,_T,1997,1996-97,35.5954,29.9488,41.6734,273.5810546875,Bangladesh demographic and health survey 1996-97. Demographic and Health Surveys. National Institute for Population Research and Training. Dhaka  Bangladesh  1997,wasting (< -2 SD)
BGD,NT_ANT_WHZ_NE2,M,M12T23,_T,_T,_T,1997,1996-97,30.3146,26.5706,34.3395,503.937530517578,Bangladesh demographic and health survey 1996-97. Demographic and Health Surveys. National Institute for Population Research and Training. Dhaka  Bangladesh  1997,wasting (< -2 SD)
BGD,NT_ANT_WHZ_NE2,M,M18T23,_T,_T,_T,1997,1996-97,24.0429,19.0771,29.825,230.356475830078,Bangladesh demographic and health survey 1996-97. Demographic and Health Surveys. National Institute for Population Research and Training. Dhaka  Bangladesh  1997,wasting (< -2 SD)
BGD,NT_ANT_WHZ_NE2,M,M24T29,_T,_T,_T,1997,1996-97,15.1912,11.1387,20.3799,255.287841796875,Bangladesh demographic and health survey 1996-97. Demographic and Health Surveys. National Institute for Population Research and Training. Dhaka  Bangladesh  1997,wasting (< -2 SD)
BGD,NT_ANT_WHZ_NE2,M,M24T35,_T,_T,_T,1997,1996-97,18.2119,14.7767,22.2374,477.904815673828,Bangladesh demographic and health survey 1996-97. Demographic and Health Surveys. National Institute for Population Research and Training. Dhaka  Bangladesh  1997,wasting (< -2 SD)
BGD,NT_ANT_WHZ_NE2,M,M24T59,_T,_T,_T,1997,1996-97,15.6736,13.9524,17.5637,1425.65368652344,Bangladesh demographic and health survey 1996-97. Demographic and Health Surveys. National Institute for Population Research and Training. Dhaka  Bangladesh  1997,wasting (< -2 SD)
BGD,NT_ANT_WHZ_NE2,M,M30T35,_T,_T,_T,1997,1996-97,21.676,16.3422,28.1646,222.616958618164,Bangladesh demographic and health survey 1996-97. Demographic and Health Surveys. National Institute for Population Research and Training. Dhaka  Bangladesh  1997,wasting (< -2 SD)
BGD,NT_ANT_WHZ_NE2,M,M36T41,_T,_T,_T,1997,1996-97,11.4737,7.5402,17.0801,243.546447753906,Bangladesh demographic and health survey 1996-97. Demographic and Health Surveys. National Institute for Population Research and Training. Dhaka  Bangladesh  1997,wasting (< -2 SD)
BGD,NT_ANT_WHZ_NE2,M,M36T47,_T,_T,_T,1997,1996-97,14.834,12.0932,18.0683,492.003662109375,Bangladesh demographic and health survey 1996-97. Demographic and Health Surveys. National Institute for Population Research and Training. Dhaka  Bangladesh  1997,wasting (< -2 SD)
BGD,NT_ANT_WHZ_NE2,M,M42T47,_T,_T,_T,1997,1996-97,18.1278,13.4209,24.0274,248.457214355469,Bangladesh demographic and health survey 1996-97. Demographic and Health Surveys. National Institute for Population Research and Training. Dhaka  Bangladesh  1997,wasting (< -2 SD)
BGD,NT_ANT_WHZ_NE2,M,M48T53,_T,_T,_T,1997,1996-97,13.4694,9.2772,19.156,252.123275756836,Bangladesh demographic and health survey 1996-97. Demographic and Health Surveys. National Institute for Population Research and Training. Dhaka  Bangladesh  1997,wasting (< -2 SD)
BGD,NT_ANT_WHZ_NE2,M,M48T59,_T,_T,_T,1997,1996-97,13.9182,10.6781,17.9439,455.745269775391,Bangladesh demographic and health survey 1996-97. Demographic and Health Surveys. National Institute for Population Research and Training. Dhaka  Bangladesh  1997,wasting (< -2 SD)
BGD,NT_ANT_WHZ_NE2,M,M54T59,_T,_T,_T,1997,1996-97,14.4738,9.8156,20.8321,203.621994018555,Bangladesh demographic and health survey 1996-97. Demographic and Health Surveys. National Institute for Population Research and Training. Dhaka  Bangladesh  1997,wasting (< -2 SD)
BGD,NT_ANT_WHZ_NE2,M,M6T11,_T,_T,_T,1997,1996-97,36.8483,30.5328,43.6492,228.717971801758,Bangladesh demographic and health survey 1996-97. Demographic and Health Surveys. National Institute for Population Research and Training. Dhaka  Bangladesh  1997,wasting (< -2 SD)
BGD,NT_ANT_WHZ_NE2,M,_T,_T,_T,_T,1997,1996-97,22.0418,20.4266,23.7466,2427.2138671875,Bangladesh demographic and health survey 1996-97. Demographic and Health Surveys. National Institute for Population Research and Training. Dhaka  Bangladesh  1997,wasting (< -2 SD)
BGD,NT_ANT_WHZ_NE2,_T,M0T11,_T,_T,_T,1997,1996-97,28.6099,25.6439,31.7724,1008.75341796875,Bangladesh demographic and health survey 1996-97. Demographic and Health Surveys. National Institute for Population Research and Training. Dhaka  Bangladesh  1997,wasting (< -2 SD)
BGD,NT_ANT_WHZ_NE2,_T,M0T23,_T,_T,_T,1997,1996-97,28.8841,26.7575,31.108,1975.68603515625,Bangladesh demographic and health survey 1996-97. Demographic and Health Surveys. National Institute for Population Research and Training. Dhaka  Bangladesh  1997,wasting (< -2 SD)
BGD,NT_ANT_WHZ_NE2,_T,M0T5,_T,_T,_T,1997,1996-97,25.623,21.9528,29.6735,525.649597167969,Bangladesh demographic and health survey 1996-97. Demographic and Health Surveys. National Institute for Population Research and Training. Dhaka  Bangladesh  1997,wasting (< -2 SD)
BGD,NT_ANT_WHZ_NE2,_T,M12T17,_T,_T,_T,1997,1996-97,32.0109,27.9773,36.3327,540.2802734375,Bangladesh demographic and health survey 1996-97. Demographic and Health Surveys. National Institute for Population Research and Training. Dhaka  Bangladesh  1997,wasting (< -2 SD)
BGD,NT_ANT_WHZ_NE2,_T,M12T23,_T,_T,_T,1997,1996-97,29.1702,26.3629,32.1459,966.932678222656,Bangladesh demographic and health survey 1996-97. Demographic and Health Surveys. National Institute for Population Research and Training. Dhaka  Bangladesh  1997,wasting (< -2 SD)
BGD,NT_ANT_WHZ_NE2,_T,M18T23,_T,_T,_T,1997,1996-97,25.5729,21.4141,30.2286,426.65234375,Bangladesh demographic and health survey 1996-97. Demographic and Health Surveys. National Institute for Population Research and Training. Dhaka  Bangladesh  1997,wasting (< -2 SD)
BGD,NT_ANT_WHZ_NE2,_T,M24T29,_T,_T,_T,1997,1996-97,15.046,11.7468,19.0717,510.351684570312,Bangladesh demographic and health survey 1996-97. Demographic and Health Surveys. National Institute for Population Research and Training. Dhaka  Bangladesh  1997,wasting (< -2 SD)
BGD,NT_ANT_WHZ_NE2,_T,M24T35,_T,_T,_T,1997,1996-97,17.3047,14.6339,20.3467,976.163146972656,Bangladesh demographic and health survey 1996-97. Demographic and Health Surveys. National Institute for Population Research and Training. Dhaka  Bangladesh  1997,wasting (< -2 SD)
BGD,NT_ANT_WHZ_NE2,_T,M24T59,_T,_T,_T,1997,1996-97,15.1856,13.7096,16.7895,2901.46484375,Bangladesh demographic and health survey 1996-97. Demographic and Health Surveys. National Institute for Population Research and Training. Dhaka  Bangladesh  1997,wasting (< -2 SD)
BGD,NT_ANT_WHZ_NE2,_T,M30T35,_T,_T,_T,1997,1996-97,19.7793,16.1974,23.9272,465.811462402344,Bangladesh demographic and health survey 1996-97. Demographic and Health Surveys. National Institute for Population Research and Training. Dhaka  Bangladesh  1997,wasting (< -2 SD)
BGD,NT_ANT_WHZ_NE2,_T,M36T41,_T,_T,_T,1997,1996-97,11.2604,8.8383,14.2426,518.069641113281,Bangladesh demographic and health survey 1996-97. Demographic and Health Surveys. National Institute for Population Research and Training. Dhaka  Bangladesh  1997,wasting (< -2 SD)
BGD,NT_ANT_WHZ_NE2,_T,M36T47,_T,_T,_T,1997,1996-97,13.5976,11.7198,15.7227,997.00634765625,Bangladesh demographic and health survey 1996-97. Demographic and Health Surveys. National Institute for Population Research and Training. Dhaka  Bangladesh  1997,wasting (< -2 SD)
BGD,NT_ANT_WHZ_NE2,_T,M42T47,_T,_T,_T,1997,1996-97,16.1258,12.9686,19.8762,478.936706542969,Bangladesh demographic and health survey 1996-97. Demographic and Health Surveys. National Institute for Population Research and Training. Dhaka  Bangladesh  1997,wasting (< -2 SD)
BGD,NT_ANT_WHZ_NE2,_T,M48T53,_T,_T,_T,1997,1996-97,12.9033,9.9962,16.5008,525.495544433594,Bangladesh demographic and health survey 1996-97. Demographic and Health Surveys. National Institute for Population Research and Training. Dhaka  Bangladesh  1997,wasting (< -2 SD)
BGD,NT_ANT_WHZ_NE2,_T,M48T59,_T,_T,_T,1997,1996-97,14.6627,12.3098,17.3762,928.295471191406,Bangladesh demographic and health survey 1996-97. Demographic and Health Surveys. National Institute for Population Research and Training. Dhaka  Bangladesh  1997,wasting (< -2 SD)
BGD,NT_ANT_WHZ_NE2,_T,M54T59,_T,_T,_T,1997,1996-97,16.9581,13.1487,21.5967,402.799896240234,Bangladesh demographic and health survey 1996-97. Demographic and Health Surveys. National Institute for Population Research and Training. Dhaka  Bangladesh  1997,wasting (< -2 SD)
BGD,NT_ANT_WHZ_NE2,_T,M6T11,_T,_T,_T,1997,1996-97,31.8599,27.5056,36.556,483.103759765625,Bangladesh demographic and health survey 1996-97. Demographic and Health Surveys. National Institute for Population Research and Training. Dhaka  Bangladesh  1997,wasting (< -2 SD)
BGD,NT_ANT_WHZ_NE2,_T,_T,B20,R,_T,1997,1996-97,23.7299,20.8098,26.9203,1046.51684570312,Bangladesh demographic and health survey 1996-97. Demographic and Health Surveys. National Institute for Population Research and Training. Dhaka  Bangladesh  1997,wasting (< -2 SD)
BGD,NT_ANT_WHZ_NE2,_T,_T,B40,R,_T,1997,1996-97,22.7206,20.8202,24.7404,2142.10180664062,Bangladesh demographic and health survey 1996-97. Demographic and Health Surveys. National Institute for Population Research and Training. Dhaka  Bangladesh  1997,wasting (< -2 SD)
BGD,NT_ANT_WHZ_NE2,_T,_T,B40,U,_T,1997,1996-97,24.0623,15.5609,35.2683,39.2180709838867,Bangladesh demographic and health survey 1996-97. Demographic and Health Surveys. National Institute for Population Research and Training. Dhaka  Bangladesh  1997,wasting (< -2 SD)
BGD,NT_ANT_WHZ_NE2,_T,_T,B60,R,_T,1997,1996-97,22.5811,20.8984,24.3575,3061.0283203125,Bangladesh demographic and health survey 1996-97. Demographic and Health Surveys. National Institute for Population Research and Training. Dhaka  Bangladesh  1997,wasting (< -2 SD)
BGD,NT_ANT_WHZ_NE2,_T,_T,B60,U,_T,1997,1996-97,19.8117,13.4725,28.1627,71.2576599121094,Bangladesh demographic and health survey 1996-97. Demographic and Health Surveys. National Institute for Population Research and Training. Dhaka  Bangladesh  1997,wasting (< -2 SD)
BGD,NT_ANT_WHZ_NE2,_T,_T,B80,R,_T,1997,1996-97,22.0224,20.51,23.6132,3946.98046875,Bangladesh demographic and health survey 1996-97. Demographic and Health Surveys. National Institute for Population Research and Training. Dhaka  Bangladesh  1997,wasting (< -2 SD)
BGD,NT_ANT_WHZ_NE2,_T,_T,B80,U,_T,1997,1996-97,19.7582,14.8534,25.7922,141.814498901367,Bangladesh demographic and health survey 1996-97. Demographic and Health Surveys. National Institute for Population Research and Training. Dhaka  Bangladesh  1997,wasting (< -2 SD)
BGD,NT_ANT_WHZ_NE2,_T,_T,Q1,R,_T,1997,1996-97,23.7299,20.8098,26.9203,1046.51684570312,Bangladesh demographic and health survey 1996-97. Demographic and Health Surveys. National Institute for Population Research and Training. Dhaka  Bangladesh  1997,wasting (< -2 SD)
BGD,NT_ANT_WHZ_NE2,_T,_T,Q1,_T,_T,1997,1996-97,23.8833,20.9687,27.0644,1050.90869140625,Bangladesh demographic and health survey 1996-97. Demographic and Health Surveys. National Institute for Population Research and Training. Dhaka  Bangladesh  1997,wasting (< -2 SD)
BGD,NT_ANT_WHZ_NE2,_T,_T,Q2,R,_T,1997,1996-97,21.7566,19.2942,24.4382,1095.5849609375,Bangladesh demographic and health survey 1996-97. Demographic and Health Surveys. National Institute for Population Research and Training. Dhaka  Bangladesh  1997,wasting (< -2 SD)
BGD,NT_ANT_WHZ_NE2,_T,_T,Q2,U,_T,1997,1996-97,19.4737,12.0923,29.8317,34.826171875,Bangladesh demographic and health survey 1996-97. Demographic and Health Surveys. National Institute for Population Research and Training. Dhaka  Bangladesh  1997,wasting (< -2 SD)
BGD,NT_ANT_WHZ_NE2,_T,_T,Q2,_T,_T,1997,1996-97,21.6863,19.2917,24.2887,1130.4111328125,Bangladesh demographic and health survey 1996-97. Demographic and Health Surveys. National Institute for Population Research and Training. Dhaka  Bangladesh  1997,wasting (< -2 SD)
BGD,NT_ANT_WHZ_NE2,_T,_T,Q3,R,_T,1997,1996-97,22.2558,19.5248,25.2489,918.926513671875,Bangladesh demographic and health survey 1996-97. Demographic and Health Surveys. National Institute for Population Research and Training. Dhaka  Bangladesh  1997,wasting (< -2 SD)
BGD,NT_ANT_WHZ_NE2,_T,_T,Q3,U,_T,1997,1996-97,14.6087,6.7815,28.6895,32.0395889282227,Bangladesh demographic and health survey 1996-97. Demographic and Health Surveys. National Institute for Population Research and Training. Dhaka  Bangladesh  1997,wasting (< -2 SD)
BGD,NT_ANT_WHZ_NE2,_T,_T,Q3,_T,_T,1997,1996-97,21.9981,19.3395,24.9094,950.966125488281,Bangladesh demographic and health survey 1996-97. Demographic and Health Surveys. National Institute for Population Research and Training. Dhaka  Bangladesh  1997,wasting (< -2 SD)
BGD,NT_ANT_WHZ_NE2,_T,_T,Q4,R,_T,1997,1996-97,20.0921,17.2893,23.2217,885.952209472656,Bangladesh demographic and health survey 1996-97. Demographic and Health Surveys. National Institute for Population Research and Training. Dhaka  Bangladesh  1997,wasting (< -2 SD)
BGD,NT_ANT_WHZ_NE2,_T,_T,Q4,U,_T,1997,1996-97,19.7043,13.023,28.6829,70.5568389892578,Bangladesh demographic and health survey 1996-97. Demographic and Health Surveys. National Institute for Population Research and Training. Dhaka  Bangladesh  1997,wasting (< -2 SD)
BGD,NT_ANT_WHZ_NE2,_T,_T,Q4,_T,_T,1997,1996-97,20.0635,17.4101,23.0086,956.509033203125,Bangladesh demographic and health survey 1996-97. Demographic and Health Surveys. National Institute for Population Research and Training. Dhaka  Bangladesh  1997,wasting (< -2 SD)
BGD,NT_ANT_WHZ_NE2,_T,_T,Q5,R,_T,1997,1996-97,14.7491,11.3471,18.9531,477.483673095703,Bangladesh demographic and health survey 1996-97. Demographic and Health Surveys. National Institute for Population Research and Training. Dhaka  Bangladesh  1997,wasting (< -2 SD)
BGD,NT_ANT_WHZ_NE2,_T,_T,Q5,U,_T,1997,1996-97,13.9069,9.8239,19.3234,313.504486083984,Bangladesh demographic and health survey 1996-97. Demographic and Health Surveys. National Institute for Population Research and Training. Dhaka  Bangladesh  1997,wasting (< -2 SD)
BGD,NT_ANT_WHZ_NE2,_T,_T,Q5,_T,_T,1997,1996-97,14.4153,11.7224,17.6036,790.988159179688,Bangladesh demographic and health survey 1996-97. Demographic and Health Surveys. National Institute for Population Research and Training. Dhaka  Bangladesh  1997,wasting (< -2 SD)
BGD,NT_ANT_WHZ_NE2,_T,_T,R20,R,_T,1997,1996-97,14.7491,11.3471,18.9531,477.483673095703,Bangladesh demographic and health survey 1996-97. Demographic and Health Surveys. National Institute for Population Research and Training. Dhaka  Bangladesh  1997,wasting (< -2 SD)
BGD,NT_ANT_WHZ_NE2,_T,_T,R20,U,_T,1997,1996-97,13.9069,9.8239,19.3234,313.504486083984,Bangladesh demographic and health survey 1996-97. Demographic and Health Surveys. National Institute for Population Research and Training. Dhaka  Bangladesh  1997,wasting (< -2 SD)
BGD,NT_ANT_WHZ_NE2,_T,_T,R40,R,_T,1997,1996-97,18.221,15.9449,20.7417,1363.43591308594,Bangladesh demographic and health survey 1996-97. Demographic and Health Surveys. National Institute for Population Research and Training. Dhaka  Bangladesh  1997,wasting (< -2 SD)
BGD,NT_ANT_WHZ_NE2,_T,_T,R40,U,_T,1997,1996-97,14.972,11.1576,19.7998,384.061309814453,Bangladesh demographic and health survey 1996-97. Demographic and Health Surveys. National Institute for Population Research and Training. Dhaka  Bangladesh  1997,wasting (< -2 SD)
BGD,NT_ANT_WHZ_NE2,_T,_T,R60,R,_T,1997,1996-97,19.8455,18.0958,21.7194,2282.3623046875,Bangladesh demographic and health survey 1996-97. Demographic and Health Surveys. National Institute for Population Research and Training. Dhaka  Bangladesh  1997,wasting (< -2 SD)
BGD,NT_ANT_WHZ_NE2,_T,_T,R60,U,_T,1997,1996-97,14.944,11.2846,19.5289,416.100921630859,Bangladesh demographic and health survey 1996-97. Demographic and Health Surveys. National Institute for Population Research and Training. Dhaka  Bangladesh  1997,wasting (< -2 SD)
BGD,NT_ANT_WHZ_NE2,_T,_T,R80,R,_T,1997,1996-97,20.4653,18.9497,22.0692,3377.94750976562,Bangladesh demographic and health survey 1996-97. Demographic and Health Surveys. National Institute for Population Research and Training. Dhaka  Bangladesh  1997,wasting (< -2 SD)
BGD,NT_ANT_WHZ_NE2,_T,_T,R80,U,_T,1997,1996-97,15.2938,11.7933,19.6026,450.927093505859,Bangladesh demographic and health survey 1996-97. Demographic and Health Surveys. National Institute for Population Research and Training. Dhaka  Bangladesh  1997,wasting (< -2 SD)
BGD,NT_ANT_WHZ_NE2,_T,_T,_T,R,_T,1997,1996-97,21.2375,19.8709,22.6714,4424.46435546875,Bangladesh demographic and health survey 1996-97. Demographic and Health Surveys. National Institute for Population Research and Training. Dhaka  Bangladesh  1997,wasting (< -2 SD)
BGD,NT_ANT_WHZ_NE2,_T,_T,_T,U,_T,1997,1996-97,15.7294,12.1748,20.0845,455.318969726562,Bangladesh demographic and health survey 1996-97. Demographic and Health Surveys. National Institute for Population Research and Training. Dhaka  Bangladesh  1997,wasting (< -2 SD)
BGD,NT_ANT_WHZ_NE2,_T,_T,_T,_T,ISCED11A_01,1997,1996-97,22.8545,21.054,24.7606,2740.1103515625,Bangladesh demographic and health survey 1996-97. Demographic and Health Surveys. National Institute for Population Research and Training. Dhaka  Bangladesh  1997,wasting (< -2 SD)
BGD,NT_ANT_WHZ_NE2,_T,_T,_T,_T,AGG_5T8,1997,1996-97,17.5083,10.4086,27.9403,116.935760498047,Bangladesh demographic and health survey 1996-97. Demographic and Health Surveys. National Institute for Population Research and Training. Dhaka  Bangladesh  1997,wasting (< -2 SD)
BGD,NT_ANT_WHZ_NE2,_T,_T,_T,_T,ISCED11_1,1997,1996-97,18.0104,15.9178,20.3116,1334.98010253906,Bangladesh demographic and health survey 1996-97. Demographic and Health Surveys. National Institute for Population Research and Training. Dhaka  Bangladesh  1997,wasting (< -2 SD)
BGD,NT_ANT_WHZ_NE2,_T,_T,_T,_T,AGG_2_3,1997,1996-97,18.0467,15.2895,21.1769,687.757019042969,Bangladesh demographic and health survey 1996-97. Demographic and Health Surveys. National Institute for Population Research and Training. Dhaka  Bangladesh  1997,wasting (< -2 SD)
BGD,NT_ANT_WHZ_NE2,_T,_T,_T,_T,AGG_3S_H,1997,1996-97,17.9685,15.3449,20.9297,804.692810058594,Bangladesh demographic and health survey 1996-97. Demographic and Health Surveys. National Institute for Population Research and Training. Dhaka  Bangladesh  1997,wasting (< -2 SD)
BGD,NT_ANT_WHZ_NE2,_T,_T,_T,_T,AGG_0_1,1997,1996-97,21.2676,19.9144,22.6866,4075.09033203125,Bangladesh demographic and health survey 1996-97. Demographic and Health Surveys. National Institute for Population Research and Training. Dhaka  Bangladesh  1997,wasting (< -2 SD)
BGD,NT_ANT_WHZ_NE2,_T,_T,_T,_T,_T,1997,1996-97,20.7235,19.437,22.0719,4879.783203125,Bangladesh demographic and health survey 1996-97. Demographic and Health Surveys. National Institute for Population Research and Training. Dhaka  Bangladesh  1997,wasting (< -2 SD)
BGD,NT_ANT_WHZ_NE2,_T,_T,_T,_T,_T,1998,1998,15,,,49496,Nutritional Surveillance Project 1998  data on rural national (using the WHO Child Growth Standards). Unpublished estimates. Dhaka  Bangladesh  HKI and Institute of Public Health Nutrition  2008.,wasting (< -2 SD)
BGD,NT_ANT_WHZ_NE2,_T,_T,_T,_T,_T,1999,1999,13.7,,,49374,Nutritional Surveillance Project 1999  data on rural national (using the WHO Child Growth Standards). Unpublished estimates. Dhaka  Bangladesh  HKI and Institute of Public Health Nutrition  2008.,wasting (< -2 SD)
BGD,NT_ANT_WHZ_NE2,F,M0T11,_T,_T,_T,2000,1999-00,15.9293,12.8737,19.5474,573.621643066406,Bangladesh demographic and health survey 1999-2000 (DHS). Dhaka  Bangladesh and Calverton  Maryland  National Institute of Population Research and Training  Mitra and Associates  and ORC Macro  2001,wasting (< -2 SD)
BGD,NT_ANT_WHZ_NE2,F,M0T23,_T,_T,_T,2000,1999-00,15.5056,13.3363,17.9548,1129.31811523438,Bangladesh demographic and health survey 1999-2000 (DHS). Dhaka  Bangladesh and Calverton  Maryland  National Institute of Population Research and Training  Mitra and Associates  and ORC Macro  2001,wasting (< -2 SD)
BGD,NT_ANT_WHZ_NE2,F,M0T5,_T,_T,_T,2000,1999-00,13.6231,10.1259,18.085,338.190460205078,Bangladesh demographic and health survey 1999-2000 (DHS). Dhaka  Bangladesh and Calverton  Maryland  National Institute of Population Research and Training  Mitra and Associates  and ORC Macro  2001,wasting (< -2 SD)
BGD,NT_ANT_WHZ_NE2,F,M12T17,_T,_T,_T,2000,1999-00,18.2192,13.9283,23.4715,325.381866455078,Bangladesh demographic and health survey 1999-2000 (DHS). Dhaka  Bangladesh and Calverton  Maryland  National Institute of Population Research and Training  Mitra and Associates  and ORC Macro  2001,wasting (< -2 SD)
BGD,NT_ANT_WHZ_NE2,F,M12T23,_T,_T,_T,2000,1999-00,15.0683,11.9018,18.8966,555.696472167969,Bangladesh demographic and health survey 1999-2000 (DHS). Dhaka  Bangladesh and Calverton  Maryland  National Institute of Population Research and Training  Mitra and Associates  and ORC Macro  2001,wasting (< -2 SD)
BGD,NT_ANT_WHZ_NE2,F,M18T23,_T,_T,_T,2000,1999-00,10.6169,7.0747,15.6342,230.314636230469,Bangladesh demographic and health survey 1999-2000 (DHS). Dhaka  Bangladesh and Calverton  Maryland  National Institute of Population Research and Training  Mitra and Associates  and ORC Macro  2001,wasting (< -2 SD)
BGD,NT_ANT_WHZ_NE2,F,M24T29,_T,_T,_T,2000,1999-00,8.1883,5.3439,12.3493,295.678466796875,Bangladesh demographic and health survey 1999-2000 (DHS). Dhaka  Bangladesh and Calverton  Maryland  National Institute of Population Research and Training  Mitra and Associates  and ORC Macro  2001,wasting (< -2 SD)
BGD,NT_ANT_WHZ_NE2,F,M24T35,_T,_T,_T,2000,1999-00,8.2857,6.0031,11.3315,529.652954101562,Bangladesh demographic and health survey 1999-2000 (DHS). Dhaka  Bangladesh and Calverton  Maryland  National Institute of Population Research and Training  Mitra and Associates  and ORC Macro  2001,wasting (< -2 SD)
BGD,NT_ANT_WHZ_NE2,F,M24T59,_T,_T,_T,2000,1999-00,8.7908,7.3655,10.4608,1577.06701660156,Bangladesh demographic and health survey 1999-2000 (DHS). Dhaka  Bangladesh and Calverton  Maryland  National Institute of Population Research and Training  Mitra and Associates  and ORC Macro  2001,wasting (< -2 SD)
BGD,NT_ANT_WHZ_NE2,F,M30T35,_T,_T,_T,2000,1999-00,8.4087,5.4211,12.8196,233.974456787109,Bangladesh demographic and health survey 1999-2000 (DHS). Dhaka  Bangladesh and Calverton  Maryland  National Institute of Population Research and Training  Mitra and Associates  and ORC Macro  2001,wasting (< -2 SD)
BGD,NT_ANT_WHZ_NE2,F,M36T41,_T,_T,_T,2000,1999-00,7.1061,4.4631,11.1317,299.761108398438,Bangladesh demographic and health survey 1999-2000 (DHS). Dhaka  Bangladesh and Calverton  Maryland  National Institute of Population Research and Training  Mitra and Associates  and ORC Macro  2001,wasting (< -2 SD)
BGD,NT_ANT_WHZ_NE2,F,M36T47,_T,_T,_T,2000,1999-00,8.598,6.2117,11.7856,520.957946777344,Bangladesh demographic and health survey 1999-2000 (DHS). Dhaka  Bangladesh and Calverton  Maryland  National Institute of Population Research and Training  Mitra and Associates  and ORC Macro  2001,wasting (< -2 SD)
BGD,NT_ANT_WHZ_NE2,F,M42T47,_T,_T,_T,2000,1999-00,10.6198,7.1909,15.412,221.196823120117,Bangladesh demographic and health survey 1999-2000 (DHS). Dhaka  Bangladesh and Calverton  Maryland  National Institute of Population Research and Training  Mitra and Associates  and ORC Macro  2001,wasting (< -2 SD)
BGD,NT_ANT_WHZ_NE2,F,M48T53,_T,_T,_T,2000,1999-00,6.0481,3.8587,9.3588,307.502868652344,Bangladesh demographic and health survey 1999-2000 (DHS). Dhaka  Bangladesh and Calverton  Maryland  National Institute of Population Research and Training  Mitra and Associates  and ORC Macro  2001,wasting (< -2 SD)
BGD,NT_ANT_WHZ_NE2,F,M48T59,_T,_T,_T,2000,1999-00,9.4899,7.0573,12.647,526.456176757812,Bangladesh demographic and health survey 1999-2000 (DHS). Dhaka  Bangladesh and Calverton  Maryland  National Institute of Population Research and Training  Mitra and Associates  and ORC Macro  2001,wasting (< -2 SD)
BGD,NT_ANT_WHZ_NE2,F,M54T59,_T,_T,_T,2000,1999-00,14.3236,9.4965,21.0341,218.953323364258,Bangladesh demographic and health survey 1999-2000 (DHS). Dhaka  Bangladesh and Calverton  Maryland  National Institute of Population Research and Training  Mitra and Associates  and ORC Macro  2001,wasting (< -2 SD)
BGD,NT_ANT_WHZ_NE2,F,M6T11,_T,_T,_T,2000,1999-00,19.2421,14.5598,24.9897,235.431182861328,Bangladesh demographic and health survey 1999-2000 (DHS). Dhaka  Bangladesh and Calverton  Maryland  National Institute of Population Research and Training  Mitra and Associates  and ORC Macro  2001,wasting (< -2 SD)
BGD,NT_ANT_WHZ_NE2,F,_T,_T,_T,_T,2000,1999-00,11.5928,10.2324,13.1076,2706.38525390625,Bangladesh demographic and health survey 1999-2000 (DHS). Dhaka  Bangladesh and Calverton  Maryland  National Institute of Population Research and Training  Mitra and Associates  and ORC Macro  2001,wasting (< -2 SD)
BGD,NT_ANT_WHZ_NE2,M,M0T11,_T,_T,_T,2000,1999-00,15.2193,12.2778,18.7153,614.148010253906,Bangladesh demographic and health survey 1999-2000 (DHS). Dhaka  Bangladesh and Calverton  Maryland  National Institute of Population Research and Training  Mitra and Associates  and ORC Macro  2001,wasting (< -2 SD)
BGD,NT_ANT_WHZ_NE2,M,M0T23,_T,_T,_T,2000,1999-00,17.6406,15.1517,20.4399,1221.73669433594,Bangladesh demographic and health survey 1999-2000 (DHS). Dhaka  Bangladesh and Calverton  Maryland  National Institute of Population Research and Training  Mitra and Associates  and ORC Macro  2001,wasting (< -2 SD)
BGD,NT_ANT_WHZ_NE2,M,M0T5,_T,_T,_T,2000,1999-00,12.1038,8.7489,16.5124,353.094482421875,Bangladesh demographic and health survey 1999-2000 (DHS). Dhaka  Bangladesh and Calverton  Maryland  National Institute of Population Research and Training  Mitra and Associates  and ORC Macro  2001,wasting (< -2 SD)
BGD,NT_ANT_WHZ_NE2,M,M12T17,_T,_T,_T,2000,1999-00,20.8679,16.3805,26.1994,343.264953613281,Bangladesh demographic and health survey 1999-2000 (DHS). Dhaka  Bangladesh and Calverton  Maryland  National Institute of Population Research and Training  Mitra and Associates  and ORC Macro  2001,wasting (< -2 SD)
BGD,NT_ANT_WHZ_NE2,M,M12T23,_T,_T,_T,2000,1999-00,20.088,16.516,24.2085,607.588745117188,Bangladesh demographic and health survey 1999-2000 (DHS). Dhaka  Bangladesh and Calverton  Maryland  National Institute of Population Research and Training  Mitra and Associates  and ORC Macro  2001,wasting (< -2 SD)
BGD,NT_ANT_WHZ_NE2,M,M18T23,_T,_T,_T,2000,1999-00,19.0753,14.514,24.6567,264.323822021484,Bangladesh demographic and health survey 1999-2000 (DHS). Dhaka  Bangladesh and Calverton  Maryland  National Institute of Population Research and Training  Mitra and Associates  and ORC Macro  2001,wasting (< -2 SD)
BGD,NT_ANT_WHZ_NE2,M,M24T29,_T,_T,_T,2000,1999-00,9.5476,6.6747,13.4785,290.152923583984,Bangladesh demographic and health survey 1999-2000 (DHS). Dhaka  Bangladesh and Calverton  Maryland  National Institute of Population Research and Training  Mitra and Associates  and ORC Macro  2001,wasting (< -2 SD)
BGD,NT_ANT_WHZ_NE2,M,M24T35,_T,_T,_T,2000,1999-00,10.8809,8.3245,14.1016,511.999481201172,Bangladesh demographic and health survey 1999-2000 (DHS). Dhaka  Bangladesh and Calverton  Maryland  National Institute of Population Research and Training  Mitra and Associates  and ORC Macro  2001,wasting (< -2 SD)
BGD,NT_ANT_WHZ_NE2,M,M24T59,_T,_T,_T,2000,1999-00,9.9605,8.5729,11.5445,1561.14404296875,Bangladesh demographic and health survey 1999-2000 (DHS). Dhaka  Bangladesh and Calverton  Maryland  National Institute of Population Research and Training  Mitra and Associates  and ORC Macro  2001,wasting (< -2 SD)
BGD,NT_ANT_WHZ_NE2,M,M30T35,_T,_T,_T,2000,1999-00,12.6248,8.7726,17.8377,221.846557617188,Bangladesh demographic and health survey 1999-2000 (DHS). Dhaka  Bangladesh and Calverton  Maryland  National Institute of Population Research and Training  Mitra and Associates  and ORC Macro  2001,wasting (< -2 SD)
BGD,NT_ANT_WHZ_NE2,M,M36T41,_T,_T,_T,2000,1999-00,9.5761,6.7252,13.4611,281.667633056641,Bangladesh demographic and health survey 1999-2000 (DHS). Dhaka  Bangladesh and Calverton  Maryland  National Institute of Population Research and Training  Mitra and Associates  and ORC Macro  2001,wasting (< -2 SD)
BGD,NT_ANT_WHZ_NE2,M,M36T47,_T,_T,_T,2000,1999-00,9.3846,6.9617,12.5373,489.105651855469,Bangladesh demographic and health survey 1999-2000 (DHS). Dhaka  Bangladesh and Calverton  Maryland  National Institute of Population Research and Training  Mitra and Associates  and ORC Macro  2001,wasting (< -2 SD)
BGD,NT_ANT_WHZ_NE2,M,M42T47,_T,_T,_T,2000,1999-00,9.1247,5.7119,14.268,207.438018798828,Bangladesh demographic and health survey 1999-2000 (DHS). Dhaka  Bangladesh and Calverton  Maryland  National Institute of Population Research and Training  Mitra and Associates  and ORC Macro  2001,wasting (< -2 SD)
BGD,NT_ANT_WHZ_NE2,M,M48T53,_T,_T,_T,2000,1999-00,9.3353,6.2927,13.635,316.230133056641,Bangladesh demographic and health survey 1999-2000 (DHS). Dhaka  Bangladesh and Calverton  Maryland  National Institute of Population Research and Training  Mitra and Associates  and ORC Macro  2001,wasting (< -2 SD)
BGD,NT_ANT_WHZ_NE2,M,M48T59,_T,_T,_T,2000,1999-00,9.6221,7.2977,12.5862,560.038940429688,Bangladesh demographic and health survey 1999-2000 (DHS). Dhaka  Bangladesh and Calverton  Maryland  National Institute of Population Research and Training  Mitra and Associates  and ORC Macro  2001,wasting (< -2 SD)
BGD,NT_ANT_WHZ_NE2,M,M54T59,_T,_T,_T,2000,1999-00,9.994,6.6024,14.8507,243.808792114258,Bangladesh demographic and health survey 1999-2000 (DHS). Dhaka  Bangladesh and Calverton  Maryland  National Institute of Population Research and Training  Mitra and Associates  and ORC Macro  2001,wasting (< -2 SD)
BGD,NT_ANT_WHZ_NE2,M,M6T11,_T,_T,_T,2000,1999-00,19.4333,14.9672,24.8428,261.053527832031,Bangladesh demographic and health survey 1999-2000 (DHS). Dhaka  Bangladesh and Calverton  Maryland  National Institute of Population Research and Training  Mitra and Associates  and ORC Macro  2001,wasting (< -2 SD)
BGD,NT_ANT_WHZ_NE2,M,_T,_T,_T,_T,2000,1999-00,13.3283,11.9847,14.7971,2783.71240234375,Bangladesh demographic and health survey 1999-2000 (DHS). Dhaka  Bangladesh and Calverton  Maryland  National Institute of Population Research and Training  Mitra and Associates  and ORC Macro  2001,wasting (< -2 SD)
BGD,NT_ANT_WHZ_NE2,_T,M0T11,_T,_T,_T,2000,1999-00,15.5622,13.423,17.9716,1187.76965332031,Bangladesh demographic and health survey 1999-2000 (DHS). Dhaka  Bangladesh and Calverton  Maryland  National Institute of Population Research and Training  Mitra and Associates  and ORC Macro  2001,wasting (< -2 SD)
BGD,NT_ANT_WHZ_NE2,_T,M0T23,_T,_T,_T,2000,1999-00,16.6151,14.8214,18.5785,2351.05493164062,Bangladesh demographic and health survey 1999-2000 (DHS). Dhaka  Bangladesh and Calverton  Maryland  National Institute of Population Research and Training  Mitra and Associates  and ORC Macro  2001,wasting (< -2 SD)
BGD,NT_ANT_WHZ_NE2,_T,M0T5,_T,_T,_T,2000,1999-00,12.8471,10.5687,15.5312,691.284912109375,Bangladesh demographic and health survey 1999-2000 (DHS). Dhaka  Bangladesh and Calverton  Maryland  National Institute of Population Research and Training  Mitra and Associates  and ORC Macro  2001,wasting (< -2 SD)
BGD,NT_ANT_WHZ_NE2,_T,M12T17,_T,_T,_T,2000,1999-00,19.5789,16.3304,23.2938,668.646789550781,Bangladesh demographic and health survey 1999-2000 (DHS). Dhaka  Bangladesh and Calverton  Maryland  National Institute of Population Research and Training  Mitra and Associates  and ORC Macro  2001,wasting (< -2 SD)
BGD,NT_ANT_WHZ_NE2,_T,M12T23,_T,_T,_T,2000,1999-00,17.6901,15.1156,20.5968,1163.28527832031,Bangladesh demographic and health survey 1999-2000 (DHS). Dhaka  Bangladesh and Calverton  Maryland  National Institute of Population Research and Training  Mitra and Associates  and ORC Macro  2001,wasting (< -2 SD)
BGD,NT_ANT_WHZ_NE2,_T,M18T23,_T,_T,_T,2000,1999-00,15.1369,11.9132,19.0444,494.638427734375,Bangladesh demographic and health survey 1999-2000 (DHS). Dhaka  Bangladesh and Calverton  Maryland  National Institute of Population Research and Training  Mitra and Associates  and ORC Macro  2001,wasting (< -2 SD)
BGD,NT_ANT_WHZ_NE2,_T,M24T29,_T,_T,_T,2000,1999-00,8.8615,6.7932,11.4821,585.831420898438,Bangladesh demographic and health survey 1999-2000 (DHS). Dhaka  Bangladesh and Calverton  Maryland  National Institute of Population Research and Training  Mitra and Associates  and ORC Macro  2001,wasting (< -2 SD)
BGD,NT_ANT_WHZ_NE2,_T,M24T35,_T,_T,_T,2000,1999-00,9.5613,7.8203,11.6409,1041.65246582031,Bangladesh demographic and health survey 1999-2000 (DHS). Dhaka  Bangladesh and Calverton  Maryland  National Institute of Population Research and Training  Mitra and Associates  and ORC Macro  2001,wasting (< -2 SD)
BGD,NT_ANT_WHZ_NE2,_T,M24T59,_T,_T,_T,2000,1999-00,9.3727,8.3728,10.4783,3138.21118164062,Bangladesh demographic and health survey 1999-2000 (DHS). Dhaka  Bangladesh and Calverton  Maryland  National Institute of Population Research and Training  Mitra and Associates  and ORC Macro  2001,wasting (< -2 SD)
BGD,NT_ANT_WHZ_NE2,_T,M30T35,_T,_T,_T,2000,1999-00,10.4606,7.887,13.7487,455.821014404297,Bangladesh demographic and health survey 1999-2000 (DHS). Dhaka  Bangladesh and Calverton  Maryland  National Institute of Population Research and Training  Mitra and Associates  and ORC Macro  2001,wasting (< -2 SD)
BGD,NT_ANT_WHZ_NE2,_T,M36T41,_T,_T,_T,2000,1999-00,8.3026,6.327,10.8239,581.4287109375,Bangladesh demographic and health survey 1999-2000 (DHS). Dhaka  Bangladesh and Calverton  Maryland  National Institute of Population Research and Training  Mitra and Associates  and ORC Macro  2001,wasting (< -2 SD)
BGD,NT_ANT_WHZ_NE2,_T,M36T47,_T,_T,_T,2000,1999-00,8.9789,7.3061,10.9893,1010.06359863281,Bangladesh demographic and health survey 1999-2000 (DHS). Dhaka  Bangladesh and Calverton  Maryland  National Institute of Population Research and Training  Mitra and Associates  and ORC Macro  2001,wasting (< -2 SD)
BGD,NT_ANT_WHZ_NE2,_T,M42T47,_T,_T,_T,2000,1999-00,9.8962,7.3682,13.1682,428.634857177734,Bangladesh demographic and health survey 1999-2000 (DHS). Dhaka  Bangladesh and Calverton  Maryland  National Institute of Population Research and Training  Mitra and Associates  and ORC Macro  2001,wasting (< -2 SD)
BGD,NT_ANT_WHZ_NE2,_T,M48T53,_T,_T,_T,2000,1999-00,7.7147,5.7066,10.352,623.733032226562,Bangladesh demographic and health survey 1999-2000 (DHS). Dhaka  Bangladesh and Calverton  Maryland  National Institute of Population Research and Training  Mitra and Associates  and ORC Macro  2001,wasting (< -2 SD)
BGD,NT_ANT_WHZ_NE2,_T,M48T59,_T,_T,_T,2000,1999-00,9.558,7.7064,11.7977,1086.4951171875,Bangladesh demographic and health survey 1999-2000 (DHS). Dhaka  Bangladesh and Calverton  Maryland  National Institute of Population Research and Training  Mitra and Associates  and ORC Macro  2001,wasting (< -2 SD)
BGD,NT_ANT_WHZ_NE2,_T,M54T59,_T,_T,_T,2000,1999-00,12.0425,8.7839,16.2941,462.762115478516,Bangladesh demographic and health survey 1999-2000 (DHS). Dhaka  Bangladesh and Calverton  Maryland  National Institute of Population Research and Training  Mitra and Associates  and ORC Macro  2001,wasting (< -2 SD)
BGD,NT_ANT_WHZ_NE2,_T,M6T11,_T,_T,_T,2000,1999-00,19.3427,15.9094,23.3114,496.484710693359,Bangladesh demographic and health survey 1999-2000 (DHS). Dhaka  Bangladesh and Calverton  Maryland  National Institute of Population Research and Training  Mitra and Associates  and ORC Macro  2001,wasting (< -2 SD)
BGD,NT_ANT_WHZ_NE2,_T,_T,B20,R,_T,2000,1999-00,16.1327,14.0424,18.4673,1323.53491210938,Bangladesh demographic and health survey 1999-2000 (DHS). Dhaka  Bangladesh and Calverton  Maryland  National Institute of Population Research and Training  Mitra and Associates  and ORC Macro  2001,wasting (< -2 SD)
BGD,NT_ANT_WHZ_NE2,_T,_T,B20,U,_T,2000,1999-00,17.5029,10.6499,27.4125,64.3711090087891,Bangladesh demographic and health survey 1999-2000 (DHS). Dhaka  Bangladesh and Calverton  Maryland  National Institute of Population Research and Training  Mitra and Associates  and ORC Macro  2001,wasting (< -2 SD)
BGD,NT_ANT_WHZ_NE2,_T,_T,B40,R,_T,2000,1999-00,14.8278,13.2423,16.5668,2438.7001953125,Bangladesh demographic and health survey 1999-2000 (DHS). Dhaka  Bangladesh and Calverton  Maryland  National Institute of Population Research and Training  Mitra and Associates  and ORC Macro  2001,wasting (< -2 SD)
BGD,NT_ANT_WHZ_NE2,_T,_T,B40,U,_T,2000,1999-00,18.8687,14.3505,24.4041,164.70295715332,Bangladesh demographic and health survey 1999-2000 (DHS). Dhaka  Bangladesh and Calverton  Maryland  National Institute of Population Research and Training  Mitra and Associates  and ORC Macro  2001,wasting (< -2 SD)
BGD,NT_ANT_WHZ_NE2,_T,_T,B60,R,_T,2000,1999-00,13.8359,12.4609,15.336,3379.13647460938,Bangladesh demographic and health survey 1999-2000 (DHS). Dhaka  Bangladesh and Calverton  Maryland  National Institute of Population Research and Training  Mitra and Associates  and ORC Macro  2001,wasting (< -2 SD)
BGD,NT_ANT_WHZ_NE2,_T,_T,B60,U,_T,2000,1999-00,16.0096,12.959,19.6165,286.035919189453,Bangladesh demographic and health survey 1999-2000 (DHS). Dhaka  Bangladesh and Calverton  Maryland  National Institute of Population Research and Training  Mitra and Associates  and ORC Macro  2001,wasting (< -2 SD)
BGD,NT_ANT_WHZ_NE2,_T,_T,B80,R,_T,2000,1999-00,13.214,12.0147,14.5133,4188.32763671875,Bangladesh demographic and health survey 1999-2000 (DHS). Dhaka  Bangladesh and Calverton  Maryland  National Institute of Population Research and Training  Mitra and Associates  and ORC Macro  2001,wasting (< -2 SD)
BGD,NT_ANT_WHZ_NE2,_T,_T,B80,U,_T,2000,1999-00,15.208,12.8113,17.9608,422.123779296875,Bangladesh demographic and health survey 1999-2000 (DHS). Dhaka  Bangladesh and Calverton  Maryland  National Institute of Population Research and Training  Mitra and Associates  and ORC Macro  2001,wasting (< -2 SD)
BGD,NT_ANT_WHZ_NE2,_T,_T,Q1,R,_T,2000,1999-00,16.1327,14.0424,18.4673,1323.53491210938,Bangladesh demographic and health survey 1999-2000 (DHS). Dhaka  Bangladesh and Calverton  Maryland  National Institute of Population Research and Training  Mitra and Associates  and ORC Macro  2001,wasting (< -2 SD)
BGD,NT_ANT_WHZ_NE2,_T,_T,Q1,U,_T,2000,1999-00,17.5029,10.6499,27.4125,64.3711090087891,Bangladesh demographic and health survey 1999-2000 (DHS). Dhaka  Bangladesh and Calverton  Maryland  National Institute of Population Research and Training  Mitra and Associates  and ORC Macro  2001,wasting (< -2 SD)
BGD,NT_ANT_WHZ_NE2,_T,_T,Q1,_T,_T,2000,1999-00,16.1962,14.1719,18.4476,1387.90600585938,Bangladesh demographic and health survey 1999-2000 (DHS). Dhaka  Bangladesh and Calverton  Maryland  National Institute of Population Research and Training  Mitra and Associates  and ORC Macro  2001,wasting (< -2 SD)
BGD,NT_ANT_WHZ_NE2,_T,_T,Q2,R,_T,2000,1999-00,13.279,10.7363,16.3139,1115.16528320312,Bangladesh demographic and health survey 1999-2000 (DHS). Dhaka  Bangladesh and Calverton  Maryland  National Institute of Population Research and Training  Mitra and Associates  and ORC Macro  2001,wasting (< -2 SD)
BGD,NT_ANT_WHZ_NE2,_T,_T,Q2,U,_T,2000,1999-00,19.745,14.4794,26.3358,100.331840515137,Bangladesh demographic and health survey 1999-2000 (DHS). Dhaka  Bangladesh and Calverton  Maryland  National Institute of Population Research and Training  Mitra and Associates  and ORC Macro  2001,wasting (< -2 SD)
BGD,NT_ANT_WHZ_NE2,_T,_T,Q2,_T,_T,2000,1999-00,13.8128,11.4267,16.6036,1215.4970703125,Bangladesh demographic and health survey 1999-2000 (DHS). Dhaka  Bangladesh and Calverton  Maryland  National Institute of Population Research and Training  Mitra and Associates  and ORC Macro  2001,wasting (< -2 SD)
BGD,NT_ANT_WHZ_NE2,_T,_T,Q3,R,_T,2000,1999-00,11.2637,8.9691,14.0547,940.436218261719,Bangladesh demographic and health survey 1999-2000 (DHS). Dhaka  Bangladesh and Calverton  Maryland  National Institute of Population Research and Training  Mitra and Associates  and ORC Macro  2001,wasting (< -2 SD)
BGD,NT_ANT_WHZ_NE2,_T,_T,Q3,U,_T,2000,1999-00,12.1285,9.0908,16.0026,121.332946777344,Bangladesh demographic and health survey 1999-2000 (DHS). Dhaka  Bangladesh and Calverton  Maryland  National Institute of Population Research and Training  Mitra and Associates  and ORC Macro  2001,wasting (< -2 SD)
BGD,NT_ANT_WHZ_NE2,_T,_T,Q3,_T,_T,2000,1999-00,11.3625,9.282,13.8382,1061.76916503906,Bangladesh demographic and health survey 1999-2000 (DHS). Dhaka  Bangladesh and Calverton  Maryland  National Institute of Population Research and Training  Mitra and Associates  and ORC Macro  2001,wasting (< -2 SD)
BGD,NT_ANT_WHZ_NE2,_T,_T,Q4,R,_T,2000,1999-00,10.6173,8.4901,13.2007,809.191162109375,Bangladesh demographic and health survey 1999-2000 (DHS). Dhaka  Bangladesh and Calverton  Maryland  National Institute of Population Research and Training  Mitra and Associates  and ORC Macro  2001,wasting (< -2 SD)
BGD,NT_ANT_WHZ_NE2,_T,_T,Q4,U,_T,2000,1999-00,13.5231,9.1462,19.5441,136.087875366211,Bangladesh demographic and health survey 1999-2000 (DHS). Dhaka  Bangladesh and Calverton  Maryland  National Institute of Population Research and Training  Mitra and Associates  and ORC Macro  2001,wasting (< -2 SD)
BGD,NT_ANT_WHZ_NE2,_T,_T,Q4,_T,_T,2000,1999-00,11.0357,9.0727,13.3609,945.279052734375,Bangladesh demographic and health survey 1999-2000 (DHS). Dhaka  Bangladesh and Calverton  Maryland  National Institute of Population Research and Training  Mitra and Associates  and ORC Macro  2001,wasting (< -2 SD)
BGD,NT_ANT_WHZ_NE2,_T,_T,Q5,R,_T,2000,1999-00,8.1995,5.6139,11.8268,403.317657470703,Bangladesh demographic and health survey 1999-2000 (DHS). Dhaka  Bangladesh and Calverton  Maryland  National Institute of Population Research and Training  Mitra and Associates  and ORC Macro  2001,wasting (< -2 SD)
BGD,NT_ANT_WHZ_NE2,_T,_T,Q5,U,_T,2000,1999-00,7.1488,5.335,9.5171,476.328460693359,Bangladesh demographic and health survey 1999-2000 (DHS). Dhaka  Bangladesh and Calverton  Maryland  National Institute of Population Research and Training  Mitra and Associates  and ORC Macro  2001,wasting (< -2 SD)
BGD,NT_ANT_WHZ_NE2,_T,_T,Q5,_T,_T,2000,1999-00,7.6305,6.0315,9.6101,879.646118164062,Bangladesh demographic and health survey 1999-2000 (DHS). Dhaka  Bangladesh and Calverton  Maryland  National Institute of Population Research and Training  Mitra and Associates  and ORC Macro  2001,wasting (< -2 SD)
BGD,NT_ANT_WHZ_NE2,_T,_T,R20,R,_T,2000,1999-00,8.1995,5.6139,11.8268,403.317657470703,Bangladesh demographic and health survey 1999-2000 (DHS). Dhaka  Bangladesh and Calverton  Maryland  National Institute of Population Research and Training  Mitra and Associates  and ORC Macro  2001,wasting (< -2 SD)
BGD,NT_ANT_WHZ_NE2,_T,_T,R20,U,_T,2000,1999-00,7.1488,5.335,9.5171,476.328460693359,Bangladesh demographic and health survey 1999-2000 (DHS). Dhaka  Bangladesh and Calverton  Maryland  National Institute of Population Research and Training  Mitra and Associates  and ORC Macro  2001,wasting (< -2 SD)
BGD,NT_ANT_WHZ_NE2,_T,_T,R40,R,_T,2000,1999-00,9.8131,8.2182,11.6782,1212.5087890625,Bangladesh demographic and health survey 1999-2000 (DHS). Dhaka  Bangladesh and Calverton  Maryland  National Institute of Population Research and Training  Mitra and Associates  and ORC Macro  2001,wasting (< -2 SD)
BGD,NT_ANT_WHZ_NE2,_T,_T,R40,U,_T,2000,1999-00,8.5652,6.5991,11.0479,612.416320800781,Bangladesh demographic and health survey 1999-2000 (DHS). Dhaka  Bangladesh and Calverton  Maryland  National Institute of Population Research and Training  Mitra and Associates  and ORC Macro  2001,wasting (< -2 SD)
BGD,NT_ANT_WHZ_NE2,_T,_T,R60,R,_T,2000,1999-00,10.4467,9.0033,12.0908,2152.94506835938,Bangladesh demographic and health survey 1999-2000 (DHS). Dhaka  Bangladesh and Calverton  Maryland  National Institute of Population Research and Training  Mitra and Associates  and ORC Macro  2001,wasting (< -2 SD)
BGD,NT_ANT_WHZ_NE2,_T,_T,R60,U,_T,2000,1999-00,9.1545,7.3855,11.2955,733.749267578125,Bangladesh demographic and health survey 1999-2000 (DHS). Dhaka  Bangladesh and Calverton  Maryland  National Institute of Population Research and Training  Mitra and Associates  and ORC Macro  2001,wasting (< -2 SD)
BGD,NT_ANT_WHZ_NE2,_T,_T,R80,R,_T,2000,1999-00,11.4132,10.0646,12.9166,3268.1103515625,Bangladesh demographic and health survey 1999-2000 (DHS). Dhaka  Bangladesh and Calverton  Maryland  National Institute of Population Research and Training  Mitra and Associates  and ORC Macro  2001,wasting (< -2 SD)
BGD,NT_ANT_WHZ_NE2,_T,_T,R80,U,_T,2000,1999-00,10.4284,8.5505,12.6617,834.081115722656,Bangladesh demographic and health survey 1999-2000 (DHS). Dhaka  Bangladesh and Calverton  Maryland  National Institute of Population Research and Training  Mitra and Associates  and ORC Macro  2001,wasting (< -2 SD)
BGD,NT_ANT_WHZ_NE2,_T,_T,_T,R,_T,2000,1999-00,12.7736,11.6472,13.9916,4591.64501953125,Bangladesh demographic and health survey 1999-2000 (DHS). Dhaka  Bangladesh and Calverton  Maryland  National Institute of Population Research and Training  Mitra and Associates  and ORC Macro  2001,wasting (< -2 SD)
BGD,NT_ANT_WHZ_NE2,_T,_T,_T,U,_T,2000,1999-00,10.9353,9.1852,12.9711,898.452270507812,Bangladesh demographic and health survey 1999-2000 (DHS). Dhaka  Bangladesh and Calverton  Maryland  National Institute of Population Research and Training  Mitra and Associates  and ORC Macro  2001,wasting (< -2 SD)
BGD,NT_ANT_WHZ_NE2,_T,_T,_T,_T,ISCED11A_01,2000,1999-00,14.674,13.2679,16.2013,2554.10571289062,Bangladesh demographic and health survey 1999-2000 (DHS). Dhaka  Bangladesh and Calverton  Maryland  National Institute of Population Research and Training  Mitra and Associates  and ORC Macro  2001,wasting (< -2 SD)
BGD,NT_ANT_WHZ_NE2,_T,_T,_T,_T,AGG_5T8,2000,1999-00,8.6408,5.3555,13.6508,207.587875366211,Bangladesh demographic and health survey 1999-2000 (DHS). Dhaka  Bangladesh and Calverton  Maryland  National Institute of Population Research and Training  Mitra and Associates  and ORC Macro  2001,wasting (< -2 SD)
BGD,NT_ANT_WHZ_NE2,_T,_T,_T,_T,ISCED11_1,2000,1999-00,11.5722,10.0201,13.3291,1599.27819824219,Bangladesh demographic and health survey 1999-2000 (DHS). Dhaka  Bangladesh and Calverton  Maryland  National Institute of Population Research and Training  Mitra and Associates  and ORC Macro  2001,wasting (< -2 SD)
BGD,NT_ANT_WHZ_NE2,_T,_T,_T,_T,AGG_2_3,2000,1999-00,9.4734,7.7595,11.5186,1129.12561035156,Bangladesh demographic and health survey 1999-2000 (DHS). Dhaka  Bangladesh and Calverton  Maryland  National Institute of Population Research and Training  Mitra and Associates  and ORC Macro  2001,wasting (< -2 SD)
BGD,NT_ANT_WHZ_NE2,_T,_T,_T,_T,AGG_3S_H,2000,1999-00,9.3441,7.82,11.1295,1336.71350097656,Bangladesh demographic and health survey 1999-2000 (DHS). Dhaka  Bangladesh and Calverton  Maryland  National Institute of Population Research and Training  Mitra and Associates  and ORC Macro  2001,wasting (< -2 SD)
BGD,NT_ANT_WHZ_NE2,_T,_T,_T,_T,AGG_0_1,2000,1999-00,13.4796,12.3481,14.6975,4153.3837890625,Bangladesh demographic and health survey 1999-2000 (DHS). Dhaka  Bangladesh and Calverton  Maryland  National Institute of Population Research and Training  Mitra and Associates  and ORC Macro  2001,wasting (< -2 SD)
BGD,NT_ANT_WHZ_NE2,_T,_T,_T,_T,_T,2000,1999-00,12.4727,11.4882,13.5288,5490.09765625,Bangladesh demographic and health survey 1999-2000 (DHS). Dhaka  Bangladesh and Calverton  Maryland  National Institute of Population Research and Training  Mitra and Associates  and ORC Macro  2001,wasting (< -2 SD)
BGD,NT_ANT_WHZ_NE2,_T,_T,_T,_T,_T,2001,2001,12.7,,,63444,Nutritional Surveillance Project 2001  data on rural national (using the WHO Child Growth Standards). Unpublished estimates. Dhaka  Bangladesh  HKI and Institute of Public Health Nutrition  2008.,wasting (< -2 SD)
BGD,NT_ANT_WHZ_NE2,_T,_T,_T,_T,_T,2002,2002,12.4,,,53315,Nutritional Surveillance Project 2002  data on rural national (using the WHO Child Growth Standards). Unpublished estimates. Dhaka  Bangladesh  HKI and Institute of Public Health Nutrition  2008.,wasting (< -2 SD)
BGD,NT_ANT_WHZ_NE2,_T,_T,_T,_T,_T,2003,2003,12.5,,,86999,Nutritional Surveillance Project 2003  data on rural national (using the WHO Child Growth Standards). Unpublished estimates. Dhaka  Bangladesh  HKI and Institute of Public Health Nutrition  2008.,wasting (< -2 SD)
BGD,NT_ANT_WHZ_NE2,F,M0T11,_T,_T,_T,2004,2004,14.3625,11.3526,18.0083,605.105224609375,Bangladesh demographic and health survey 2004. Demographic and Health Surveys. Dhaka  Bangladesh and Calverton  Maryland [USA]  NIPORT  Mitra and Associates  and ORC Macro  2005,wasting (< -2 SD)
BGD,NT_ANT_WHZ_NE2,F,M0T23,_T,_T,_T,2004,2004,16.1448,13.8046,18.7952,1222.06335449219,Bangladesh demographic and health survey 2004. Demographic and Health Surveys. Dhaka  Bangladesh and Calverton  Maryland [USA]  NIPORT  Mitra and Associates  and ORC Macro  2005,wasting (< -2 SD)
BGD,NT_ANT_WHZ_NE2,F,M0T5,_T,_T,_T,2004,2004,13.8307,10.3052,18.316,342.385589599609,Bangladesh demographic and health survey 2004. Demographic and Health Surveys. Dhaka  Bangladesh and Calverton  Maryland [USA]  NIPORT  Mitra and Associates  and ORC Macro  2005,wasting (< -2 SD)
BGD,NT_ANT_WHZ_NE2,F,M12T17,_T,_T,_T,2004,2004,21.2365,16.8903,26.3465,362.083618164062,Bangladesh demographic and health survey 2004. Demographic and Health Surveys. Dhaka  Bangladesh and Calverton  Maryland [USA]  NIPORT  Mitra and Associates  and ORC Macro  2005,wasting (< -2 SD)
BGD,NT_ANT_WHZ_NE2,F,M12T23,_T,_T,_T,2004,2004,17.8928,14.7024,21.6002,616.958129882812,Bangladesh demographic and health survey 2004. Demographic and Health Surveys. Dhaka  Bangladesh and Calverton  Maryland [USA]  NIPORT  Mitra and Associates  and ORC Macro  2005,wasting (< -2 SD)
BGD,NT_ANT_WHZ_NE2,F,M18T23,_T,_T,_T,2004,2004,13.1427,9.2518,18.3392,254.874465942383,Bangladesh demographic and health survey 2004. Demographic and Health Surveys. Dhaka  Bangladesh and Calverton  Maryland [USA]  NIPORT  Mitra and Associates  and ORC Macro  2005,wasting (< -2 SD)
BGD,NT_ANT_WHZ_NE2,F,M24T29,_T,_T,_T,2004,2004,12.792,9.8762,16.4119,358.864532470703,Bangladesh demographic and health survey 2004. Demographic and Health Surveys. Dhaka  Bangladesh and Calverton  Maryland [USA]  NIPORT  Mitra and Associates  and ORC Macro  2005,wasting (< -2 SD)
BGD,NT_ANT_WHZ_NE2,F,M24T35,_T,_T,_T,2004,2004,13.4943,11.0973,16.314,596.90625,Bangladesh demographic and health survey 2004. Demographic and Health Surveys. Dhaka  Bangladesh and Calverton  Maryland [USA]  NIPORT  Mitra and Associates  and ORC Macro  2005,wasting (< -2 SD)
BGD,NT_ANT_WHZ_NE2,F,M24T59,_T,_T,_T,2004,2004,11.7578,10.3072,13.3822,1773.58532714844,Bangladesh demographic and health survey 2004. Demographic and Health Surveys. Dhaka  Bangladesh and Calverton  Maryland [USA]  NIPORT  Mitra and Associates  and ORC Macro  2005,wasting (< -2 SD)
BGD,NT_ANT_WHZ_NE2,F,M30T35,_T,_T,_T,2004,2004,14.553,10.5037,19.8176,238.041732788086,Bangladesh demographic and health survey 2004. Demographic and Health Surveys. Dhaka  Bangladesh and Calverton  Maryland [USA]  NIPORT  Mitra and Associates  and ORC Macro  2005,wasting (< -2 SD)
BGD,NT_ANT_WHZ_NE2,F,M36T41,_T,_T,_T,2004,2004,10.4044,7.449,14.3507,354.381011962891,Bangladesh demographic and health survey 2004. Demographic and Health Surveys. Dhaka  Bangladesh and Calverton  Maryland [USA]  NIPORT  Mitra and Associates  and ORC Macro  2005,wasting (< -2 SD)
BGD,NT_ANT_WHZ_NE2,F,M36T47,_T,_T,_T,2004,2004,11.8611,9.336,14.9564,609.178039550781,Bangladesh demographic and health survey 2004. Demographic and Health Surveys. Dhaka  Bangladesh and Calverton  Maryland [USA]  NIPORT  Mitra and Associates  and ORC Macro  2005,wasting (< -2 SD)
BGD,NT_ANT_WHZ_NE2,F,M42T47,_T,_T,_T,2004,2004,13.887,9.99,18.9836,254.79704284668,Bangladesh demographic and health survey 2004. Demographic and Health Surveys. Dhaka  Bangladesh and Calverton  Maryland [USA]  NIPORT  Mitra and Associates  and ORC Macro  2005,wasting (< -2 SD)
BGD,NT_ANT_WHZ_NE2,F,M48T53,_T,_T,_T,2004,2004,8.7817,6.1321,12.4245,355.875762939453,Bangladesh demographic and health survey 2004. Demographic and Health Surveys. Dhaka  Bangladesh and Calverton  Maryland [USA]  NIPORT  Mitra and Associates  and ORC Macro  2005,wasting (< -2 SD)
BGD,NT_ANT_WHZ_NE2,F,M48T59,_T,_T,_T,2004,2004,9.8206,7.7213,12.4139,567.5009765625,Bangladesh demographic and health survey 2004. Demographic and Health Surveys. Dhaka  Bangladesh and Calverton  Maryland [USA]  NIPORT  Mitra and Associates  and ORC Macro  2005,wasting (< -2 SD)
BGD,NT_ANT_WHZ_NE2,F,M54T59,_T,_T,_T,2004,2004,11.5677,7.5994,17.2219,211.625259399414,Bangladesh demographic and health survey 2004. Demographic and Health Surveys. Dhaka  Bangladesh and Calverton  Maryland [USA]  NIPORT  Mitra and Associates  and ORC Macro  2005,wasting (< -2 SD)
BGD,NT_ANT_WHZ_NE2,F,M6T11,_T,_T,_T,2004,2004,15.0555,10.3872,21.3226,262.719635009766,Bangladesh demographic and health survey 2004. Demographic and Health Surveys. Dhaka  Bangladesh and Calverton  Maryland [USA]  NIPORT  Mitra and Associates  and ORC Macro  2005,wasting (< -2 SD)
BGD,NT_ANT_WHZ_NE2,F,_T,_T,_T,_T,2004,2004,13.5296,12.1458,15.0442,3011.86743164062,Bangladesh demographic and health survey 2004. Demographic and Health Surveys. Dhaka  Bangladesh and Calverton  Maryland [USA]  NIPORT  Mitra and Associates  and ORC Macro  2005,wasting (< -2 SD)
BGD,NT_ANT_WHZ_NE2,M,M0T11,_T,_T,_T,2004,2004,19.0408,15.7099,22.886,612.989685058594,Bangladesh demographic and health survey 2004. Demographic and Health Surveys. Dhaka  Bangladesh and Calverton  Maryland [USA]  NIPORT  Mitra and Associates  and ORC Macro  2005,wasting (< -2 SD)
BGD,NT_ANT_WHZ_NE2,M,M0T23,_T,_T,_T,2004,2004,20.3675,18.005,22.9532,1168.56225585938,Bangladesh demographic and health survey 2004. Demographic and Health Surveys. Dhaka  Bangladesh and Calverton  Maryland [USA]  NIPORT  Mitra and Associates  and ORC Macro  2005,wasting (< -2 SD)
BGD,NT_ANT_WHZ_NE2,M,M0T5,_T,_T,_T,2004,2004,17.3369,13.0232,22.7066,315.786987304688,Bangladesh demographic and health survey 2004. Demographic and Health Surveys. Dhaka  Bangladesh and Calverton  Maryland [USA]  NIPORT  Mitra and Associates  and ORC Macro  2005,wasting (< -2 SD)
BGD,NT_ANT_WHZ_NE2,M,M12T17,_T,_T,_T,2004,2004,20.5079,16.2019,25.6086,332.537750244141,Bangladesh demographic and health survey 2004. Demographic and Health Surveys. Dhaka  Bangladesh and Calverton  Maryland [USA]  NIPORT  Mitra and Associates  and ORC Macro  2005,wasting (< -2 SD)
BGD,NT_ANT_WHZ_NE2,M,M12T23,_T,_T,_T,2004,2004,21.8313,18.1114,26.072,555.572570800781,Bangladesh demographic and health survey 2004. Demographic and Health Surveys. Dhaka  Bangladesh and Calverton  Maryland [USA]  NIPORT  Mitra and Associates  and ORC Macro  2005,wasting (< -2 SD)
BGD,NT_ANT_WHZ_NE2,M,M18T23,_T,_T,_T,2004,2004,23.8044,18.1399,30.5771,223.034790039062,Bangladesh demographic and health survey 2004. Demographic and Health Surveys. Dhaka  Bangladesh and Calverton  Maryland [USA]  NIPORT  Mitra and Associates  and ORC Macro  2005,wasting (< -2 SD)
BGD,NT_ANT_WHZ_NE2,M,M24T29,_T,_T,_T,2004,2004,14.6224,11.0704,19.0698,374.461761474609,Bangladesh demographic and health survey 2004. Demographic and Health Surveys. Dhaka  Bangladesh and Calverton  Maryland [USA]  NIPORT  Mitra and Associates  and ORC Macro  2005,wasting (< -2 SD)
BGD,NT_ANT_WHZ_NE2,M,M24T35,_T,_T,_T,2004,2004,13.3237,10.5707,16.66,632.26611328125,Bangladesh demographic and health survey 2004. Demographic and Health Surveys. Dhaka  Bangladesh and Calverton  Maryland [USA]  NIPORT  Mitra and Associates  and ORC Macro  2005,wasting (< -2 SD)
BGD,NT_ANT_WHZ_NE2,M,M24T59,_T,_T,_T,2004,2004,12.9063,11.3039,14.6982,1889.49731445312,Bangladesh demographic and health survey 2004. Demographic and Health Surveys. Dhaka  Bangladesh and Calverton  Maryland [USA]  NIPORT  Mitra and Associates  and ORC Macro  2005,wasting (< -2 SD)
BGD,NT_ANT_WHZ_NE2,M,M30T35,_T,_T,_T,2004,2004,11.4372,7.6733,16.7132,257.804321289062,Bangladesh demographic and health survey 2004. Demographic and Health Surveys. Dhaka  Bangladesh and Calverton  Maryland [USA]  NIPORT  Mitra and Associates  and ORC Macro  2005,wasting (< -2 SD)
BGD,NT_ANT_WHZ_NE2,M,M36T41,_T,_T,_T,2004,2004,10.6488,7.6609,14.6175,374.862579345703,Bangladesh demographic and health survey 2004. Demographic and Health Surveys. Dhaka  Bangladesh and Calverton  Maryland [USA]  NIPORT  Mitra and Associates  and ORC Macro  2005,wasting (< -2 SD)
BGD,NT_ANT_WHZ_NE2,M,M36T47,_T,_T,_T,2004,2004,11.1363,8.6087,14.2899,639.014221191406,Bangladesh demographic and health survey 2004. Demographic and Health Surveys. Dhaka  Bangladesh and Calverton  Maryland [USA]  NIPORT  Mitra and Associates  and ORC Macro  2005,wasting (< -2 SD)
BGD,NT_ANT_WHZ_NE2,M,M42T47,_T,_T,_T,2004,2004,11.828,8.1542,16.8533,264.151611328125,Bangladesh demographic and health survey 2004. Demographic and Health Surveys. Dhaka  Bangladesh and Calverton  Maryland [USA]  NIPORT  Mitra and Associates  and ORC Macro  2005,wasting (< -2 SD)
BGD,NT_ANT_WHZ_NE2,M,M48T53,_T,_T,_T,2004,2004,13.7062,9.8495,18.7589,358.921661376953,Bangladesh demographic and health survey 2004. Demographic and Health Surveys. Dhaka  Bangladesh and Calverton  Maryland [USA]  NIPORT  Mitra and Associates  and ORC Macro  2005,wasting (< -2 SD)
BGD,NT_ANT_WHZ_NE2,M,M48T59,_T,_T,_T,2004,2004,14.3091,11.6319,17.4805,618.217041015625,Bangladesh demographic and health survey 2004. Demographic and Health Surveys. Dhaka  Bangladesh and Calverton  Maryland [USA]  NIPORT  Mitra and Associates  and ORC Macro  2005,wasting (< -2 SD)
BGD,NT_ANT_WHZ_NE2,M,M54T59,_T,_T,_T,2004,2004,15.1436,11.0445,20.4148,259.29541015625,Bangladesh demographic and health survey 2004. Demographic and Health Surveys. Dhaka  Bangladesh and Calverton  Maryland [USA]  NIPORT  Mitra and Associates  and ORC Macro  2005,wasting (< -2 SD)
BGD,NT_ANT_WHZ_NE2,M,M6T11,_T,_T,_T,2004,2004,20.8511,16.1957,26.4228,297.202697753906,Bangladesh demographic and health survey 2004. Demographic and Health Surveys. Dhaka  Bangladesh and Calverton  Maryland [USA]  NIPORT  Mitra and Associates  and ORC Macro  2005,wasting (< -2 SD)
BGD,NT_ANT_WHZ_NE2,M,_T,_T,_T,_T,2004,2004,15.7329,14.32,17.2571,3071.0361328125,Bangladesh demographic and health survey 2004. Demographic and Health Surveys. Dhaka  Bangladesh and Calverton  Maryland [USA]  NIPORT  Mitra and Associates  and ORC Macro  2005,wasting (< -2 SD)
BGD,NT_ANT_WHZ_NE2,_T,M0T11,_T,_T,_T,2004,2004,16.7168,14.2789,19.4763,1218.09497070312,Bangladesh demographic and health survey 2004. Demographic and Health Surveys. Dhaka  Bangladesh and Calverton  Maryland [USA]  NIPORT  Mitra and Associates  and ORC Macro  2005,wasting (< -2 SD)
BGD,NT_ANT_WHZ_NE2,_T,M0T23,_T,_T,_T,2004,2004,18.2089,16.4046,20.1637,2390.62548828125,Bangladesh demographic and health survey 2004. Demographic and Health Surveys. Dhaka  Bangladesh and Calverton  Maryland [USA]  NIPORT  Mitra and Associates  and ORC Macro  2005,wasting (< -2 SD)
BGD,NT_ANT_WHZ_NE2,_T,M0T5,_T,_T,_T,2004,2004,15.513,12.5566,19.0141,658.172607421875,Bangladesh demographic and health survey 2004. Demographic and Health Surveys. Dhaka  Bangladesh and Calverton  Maryland [USA]  NIPORT  Mitra and Associates  and ORC Macro  2005,wasting (< -2 SD)
BGD,NT_ANT_WHZ_NE2,_T,M12T17,_T,_T,_T,2004,2004,20.8877,17.7265,24.4452,694.621398925781,Bangladesh demographic and health survey 2004. Demographic and Health Surveys. Dhaka  Bangladesh and Calverton  Maryland [USA]  NIPORT  Mitra and Associates  and ORC Macro  2005,wasting (< -2 SD)
BGD,NT_ANT_WHZ_NE2,_T,M12T23,_T,_T,_T,2004,2004,19.759,17.3332,22.432,1172.53063964844,Bangladesh demographic and health survey 2004. Demographic and Health Surveys. Dhaka  Bangladesh and Calverton  Maryland [USA]  NIPORT  Mitra and Associates  and ORC Macro  2005,wasting (< -2 SD)
BGD,NT_ANT_WHZ_NE2,_T,M18T23,_T,_T,_T,2004,2004,18.1184,14.6882,22.1417,477.909271240234,Bangladesh demographic and health survey 2004. Demographic and Health Surveys. Dhaka  Bangladesh and Calverton  Maryland [USA]  NIPORT  Mitra and Associates  and ORC Macro  2005,wasting (< -2 SD)
BGD,NT_ANT_WHZ_NE2,_T,M24T29,_T,_T,_T,2004,2004,13.7267,11.3883,16.4561,733.326293945312,Bangladesh demographic and health survey 2004. Demographic and Health Surveys. Dhaka  Bangladesh and Calverton  Maryland [USA]  NIPORT  Mitra and Associates  and ORC Macro  2005,wasting (< -2 SD)
BGD,NT_ANT_WHZ_NE2,_T,M24T35,_T,_T,_T,2004,2004,13.4065,11.516,15.5529,1229.17236328125,Bangladesh demographic and health survey 2004. Demographic and Health Surveys. Dhaka  Bangladesh and Calverton  Maryland [USA]  NIPORT  Mitra and Associates  and ORC Macro  2005,wasting (< -2 SD)
BGD,NT_ANT_WHZ_NE2,_T,M24T59,_T,_T,_T,2004,2004,12.3502,11.376,13.3953,3663.08276367188,Bangladesh demographic and health survey 2004. Demographic and Health Surveys. Dhaka  Bangladesh and Calverton  Maryland [USA]  NIPORT  Mitra and Associates  and ORC Macro  2005,wasting (< -2 SD)
BGD,NT_ANT_WHZ_NE2,_T,M30T35,_T,_T,_T,2004,2004,12.933,10.1723,16.3069,495.846038818359,Bangladesh demographic and health survey 2004. Demographic and Health Surveys. Dhaka  Bangladesh and Calverton  Maryland [USA]  NIPORT  Mitra and Associates  and ORC Macro  2005,wasting (< -2 SD)
BGD,NT_ANT_WHZ_NE2,_T,M36T41,_T,_T,_T,2004,2004,10.53,8.2798,13.3032,729.243591308594,Bangladesh demographic and health survey 2004. Demographic and Health Surveys. Dhaka  Bangladesh and Calverton  Maryland [USA]  NIPORT  Mitra and Associates  and ORC Macro  2005,wasting (< -2 SD)
BGD,NT_ANT_WHZ_NE2,_T,M36T47,_T,_T,_T,2004,2004,11.49,9.7043,13.555,1248.19226074219,Bangladesh demographic and health survey 2004. Demographic and Health Surveys. Dhaka  Bangladesh and Calverton  Maryland [USA]  NIPORT  Mitra and Associates  and ORC Macro  2005,wasting (< -2 SD)
BGD,NT_ANT_WHZ_NE2,_T,M42T47,_T,_T,_T,2004,2004,12.839,10.2009,16.0374,518.948669433594,Bangladesh demographic and health survey 2004. Demographic and Health Surveys. Dhaka  Bangladesh and Calverton  Maryland [USA]  NIPORT  Mitra and Associates  and ORC Macro  2005,wasting (< -2 SD)
BGD,NT_ANT_WHZ_NE2,_T,M48T53,_T,_T,_T,2004,2004,11.2544,8.9716,14.0286,714.797424316406,Bangladesh demographic and health survey 2004. Demographic and Health Surveys. Dhaka  Bangladesh and Calverton  Maryland [USA]  NIPORT  Mitra and Associates  and ORC Macro  2005,wasting (< -2 SD)
BGD,NT_ANT_WHZ_NE2,_T,M48T59,_T,_T,_T,2004,2004,12.1608,10.4687,14.0834,1185.71801757812,Bangladesh demographic and health survey 2004. Demographic and Health Surveys. Dhaka  Bangladesh and Calverton  Maryland [USA]  NIPORT  Mitra and Associates  and ORC Macro  2005,wasting (< -2 SD)
BGD,NT_ANT_WHZ_NE2,_T,M54T59,_T,_T,_T,2004,2004,13.5366,10.5785,17.1631,470.920654296875,Bangladesh demographic and health survey 2004. Demographic and Health Surveys. Dhaka  Bangladesh and Calverton  Maryland [USA]  NIPORT  Mitra and Associates  and ORC Macro  2005,wasting (< -2 SD)
BGD,NT_ANT_WHZ_NE2,_T,M6T11,_T,_T,_T,2004,2004,18.1318,14.2345,22.8123,559.92236328125,Bangladesh demographic and health survey 2004. Demographic and Health Surveys. Dhaka  Bangladesh and Calverton  Maryland [USA]  NIPORT  Mitra and Associates  and ORC Macro  2005,wasting (< -2 SD)
BGD,NT_ANT_WHZ_NE2,_T,_T,B20,R,_T,2004,2004,17.731,15.2942,20.4622,1407.67944335938,Bangladesh demographic and health survey 2004. Demographic and Health Surveys. Dhaka  Bangladesh and Calverton  Maryland [USA]  NIPORT  Mitra and Associates  and ORC Macro  2005,wasting (< -2 SD)
BGD,NT_ANT_WHZ_NE2,_T,_T,B20,U,_T,2004,2004,18.0866,12.9403,24.699,128.028778076172,Bangladesh demographic and health survey 2004. Demographic and Health Surveys. Dhaka  Bangladesh and Calverton  Maryland [USA]  NIPORT  Mitra and Associates  and ORC Macro  2005,wasting (< -2 SD)
BGD,NT_ANT_WHZ_NE2,_T,_T,B40,R,_T,2004,2004,16.8093,15.1148,18.652,2554.29321289062,Bangladesh demographic and health survey 2004. Demographic and Health Surveys. Dhaka  Bangladesh and Calverton  Maryland [USA]  NIPORT  Mitra and Associates  and ORC Macro  2005,wasting (< -2 SD)
BGD,NT_ANT_WHZ_NE2,_T,_T,B40,U,_T,2004,2004,15.5333,12.1498,19.6483,236.128036499023,Bangladesh demographic and health survey 2004. Demographic and Health Surveys. Dhaka  Bangladesh and Calverton  Maryland [USA]  NIPORT  Mitra and Associates  and ORC Macro  2005,wasting (< -2 SD)
BGD,NT_ANT_WHZ_NE2,_T,_T,B60,R,_T,2004,2004,16.2413,14.907,17.6702,3586.59643554688,Bangladesh demographic and health survey 2004. Demographic and Health Surveys. Dhaka  Bangladesh and Calverton  Maryland [USA]  NIPORT  Mitra and Associates  and ORC Macro  2005,wasting (< -2 SD)
BGD,NT_ANT_WHZ_NE2,_T,_T,B60,U,_T,2004,2004,17.0733,13.3638,21.5562,394.147216796875,Bangladesh demographic and health survey 2004. Demographic and Health Surveys. Dhaka  Bangladesh and Calverton  Maryland [USA]  NIPORT  Mitra and Associates  and ORC Macro  2005,wasting (< -2 SD)
BGD,NT_ANT_WHZ_NE2,_T,_T,B80,R,_T,2004,2004,15.1663,13.9853,16.4281,4492.28662109375,Bangladesh demographic and health survey 2004. Demographic and Health Surveys. Dhaka  Bangladesh and Calverton  Maryland [USA]  NIPORT  Mitra and Associates  and ORC Macro  2005,wasting (< -2 SD)
BGD,NT_ANT_WHZ_NE2,_T,_T,B80,U,_T,2004,2004,16.3935,13.0106,20.4491,595.206359863281,Bangladesh demographic and health survey 2004. Demographic and Health Surveys. Dhaka  Bangladesh and Calverton  Maryland [USA]  NIPORT  Mitra and Associates  and ORC Macro  2005,wasting (< -2 SD)
BGD,NT_ANT_WHZ_NE2,_T,_T,Q1,R,_T,2004,2004,17.731,15.2942,20.4622,1407.67944335938,Bangladesh demographic and health survey 2004. Demographic and Health Surveys. Dhaka  Bangladesh and Calverton  Maryland [USA]  NIPORT  Mitra and Associates  and ORC Macro  2005,wasting (< -2 SD)
BGD,NT_ANT_WHZ_NE2,_T,_T,Q1,U,_T,2004,2004,18.0866,12.9403,24.699,128.028778076172,Bangladesh demographic and health survey 2004. Demographic and Health Surveys. Dhaka  Bangladesh and Calverton  Maryland [USA]  NIPORT  Mitra and Associates  and ORC Macro  2005,wasting (< -2 SD)
BGD,NT_ANT_WHZ_NE2,_T,_T,Q1,_T,_T,2004,2004,17.7606,15.4793,20.2974,1535.70825195312,Bangladesh demographic and health survey 2004. Demographic and Health Surveys. Dhaka  Bangladesh and Calverton  Maryland [USA]  NIPORT  Mitra and Associates  and ORC Macro  2005,wasting (< -2 SD)
BGD,NT_ANT_WHZ_NE2,_T,_T,Q2,R,_T,2004,2004,15.6778,13.4434,18.2054,1146.61376953125,Bangladesh demographic and health survey 2004. Demographic and Health Surveys. Dhaka  Bangladesh and Calverton  Maryland [USA]  NIPORT  Mitra and Associates  and ORC Macro  2005,wasting (< -2 SD)
BGD,NT_ANT_WHZ_NE2,_T,_T,Q2,U,_T,2004,2004,12.5093,8.1054,18.816,108.099273681641,Bangladesh demographic and health survey 2004. Demographic and Health Surveys. Dhaka  Bangladesh and Calverton  Maryland [USA]  NIPORT  Mitra and Associates  and ORC Macro  2005,wasting (< -2 SD)
BGD,NT_ANT_WHZ_NE2,_T,_T,Q2,_T,_T,2004,2004,15.4048,13.3189,17.7504,1254.71301269531,Bangladesh demographic and health survey 2004. Demographic and Health Surveys. Dhaka  Bangladesh and Calverton  Maryland [USA]  NIPORT  Mitra and Associates  and ORC Macro  2005,wasting (< -2 SD)
BGD,NT_ANT_WHZ_NE2,_T,_T,Q3,R,_T,2004,2004,14.8359,12.5089,17.5091,1032.30322265625,Bangladesh demographic and health survey 2004. Demographic and Health Surveys. Dhaka  Bangladesh and Calverton  Maryland [USA]  NIPORT  Mitra and Associates  and ORC Macro  2005,wasting (< -2 SD)
BGD,NT_ANT_WHZ_NE2,_T,_T,Q3,U,_T,2004,2004,19.3744,13.2849,27.374,158.019180297852,Bangladesh demographic and health survey 2004. Demographic and Health Surveys. Dhaka  Bangladesh and Calverton  Maryland [USA]  NIPORT  Mitra and Associates  and ORC Macro  2005,wasting (< -2 SD)
BGD,NT_ANT_WHZ_NE2,_T,_T,Q3,_T,_T,2004,2004,15.4384,13.2331,17.9352,1190.32238769531,Bangladesh demographic and health survey 2004. Demographic and Health Surveys. Dhaka  Bangladesh and Calverton  Maryland [USA]  NIPORT  Mitra and Associates  and ORC Macro  2005,wasting (< -2 SD)
BGD,NT_ANT_WHZ_NE2,_T,_T,Q4,R,_T,2004,2004,10.9095,8.9659,13.2133,905.690246582031,Bangladesh demographic and health survey 2004. Demographic and Health Surveys. Dhaka  Bangladesh and Calverton  Maryland [USA]  NIPORT  Mitra and Associates  and ORC Macro  2005,wasting (< -2 SD)
BGD,NT_ANT_WHZ_NE2,_T,_T,Q4,U,_T,2004,2004,15.0609,10.4577,21.2103,201.059143066406,Bangladesh demographic and health survey 2004. Demographic and Health Surveys. Dhaka  Bangladesh and Calverton  Maryland [USA]  NIPORT  Mitra and Associates  and ORC Macro  2005,wasting (< -2 SD)
BGD,NT_ANT_WHZ_NE2,_T,_T,Q4,_T,_T,2004,2004,11.6636,9.808,13.8166,1106.74938964844,Bangladesh demographic and health survey 2004. Demographic and Health Surveys. Dhaka  Bangladesh and Calverton  Maryland [USA]  NIPORT  Mitra and Associates  and ORC Macro  2005,wasting (< -2 SD)
BGD,NT_ANT_WHZ_NE2,_T,_T,Q5,R,_T,2004,2004,11.0122,7.4254,16.0316,408.529144287109,Bangladesh demographic and health survey 2004. Demographic and Health Surveys. Dhaka  Bangladesh and Calverton  Maryland [USA]  NIPORT  Mitra and Associates  and ORC Macro  2005,wasting (< -2 SD)
BGD,NT_ANT_WHZ_NE2,_T,_T,Q5,U,_T,2004,2004,11.3785,9.4684,13.6161,586.881469726562,Bangladesh demographic and health survey 2004. Demographic and Health Surveys. Dhaka  Bangladesh and Calverton  Maryland [USA]  NIPORT  Mitra and Associates  and ORC Macro  2005,wasting (< -2 SD)
BGD,NT_ANT_WHZ_NE2,_T,_T,Q5,_T,_T,2004,2004,11.2282,9.2837,13.5192,995.41064453125,Bangladesh demographic and health survey 2004. Demographic and Health Surveys. Dhaka  Bangladesh and Calverton  Maryland [USA]  NIPORT  Mitra and Associates  and ORC Macro  2005,wasting (< -2 SD)
BGD,NT_ANT_WHZ_NE2,_T,_T,R20,R,_T,2004,2004,11.0122,7.4254,16.0316,408.529144287109,Bangladesh demographic and health survey 2004. Demographic and Health Surveys. Dhaka  Bangladesh and Calverton  Maryland [USA]  NIPORT  Mitra and Associates  and ORC Macro  2005,wasting (< -2 SD)
BGD,NT_ANT_WHZ_NE2,_T,_T,R20,U,_T,2004,2004,11.3785,9.4684,13.6161,586.881469726562,Bangladesh demographic and health survey 2004. Demographic and Health Surveys. Dhaka  Bangladesh and Calverton  Maryland [USA]  NIPORT  Mitra and Associates  and ORC Macro  2005,wasting (< -2 SD)
BGD,NT_ANT_WHZ_NE2,_T,_T,R40,R,_T,2004,2004,10.9414,9.2588,12.8865,1314.21936035156,Bangladesh demographic and health survey 2004. Demographic and Health Surveys. Dhaka  Bangladesh and Calverton  Maryland [USA]  NIPORT  Mitra and Associates  and ORC Macro  2005,wasting (< -2 SD)
BGD,NT_ANT_WHZ_NE2,_T,_T,R40,U,_T,2004,2004,12.3182,10.3577,14.5893,787.940612792969,Bangladesh demographic and health survey 2004. Demographic and Health Surveys. Dhaka  Bangladesh and Calverton  Maryland [USA]  NIPORT  Mitra and Associates  and ORC Macro  2005,wasting (< -2 SD)
BGD,NT_ANT_WHZ_NE2,_T,_T,R60,R,_T,2004,2004,12.6547,11.1294,14.3553,2346.52270507812,Bangladesh demographic and health survey 2004. Demographic and Health Surveys. Dhaka  Bangladesh and Calverton  Maryland [USA]  NIPORT  Mitra and Associates  and ORC Macro  2005,wasting (< -2 SD)
BGD,NT_ANT_WHZ_NE2,_T,_T,R60,U,_T,2004,2004,13.4969,11.4829,15.8011,945.959838867188,Bangladesh demographic and health survey 2004. Demographic and Health Surveys. Dhaka  Bangladesh and Calverton  Maryland [USA]  NIPORT  Mitra and Associates  and ORC Macro  2005,wasting (< -2 SD)
BGD,NT_ANT_WHZ_NE2,_T,_T,R80,R,_T,2004,2004,13.647,12.3954,15.0034,3493.13623046875,Bangladesh demographic and health survey 2004. Demographic and Health Surveys. Dhaka  Bangladesh and Calverton  Maryland [USA]  NIPORT  Mitra and Associates  and ORC Macro  2005,wasting (< -2 SD)
BGD,NT_ANT_WHZ_NE2,_T,_T,R80,U,_T,2004,2004,13.3956,11.5589,15.4731,1054.05908203125,Bangladesh demographic and health survey 2004. Demographic and Health Surveys. Dhaka  Bangladesh and Calverton  Maryland [USA]  NIPORT  Mitra and Associates  and ORC Macro  2005,wasting (< -2 SD)
BGD,NT_ANT_WHZ_NE2,_T,_T,_T,R,_T,2004,2004,14.8201,13.6764,16.0416,4900.81591796875,Bangladesh demographic and health survey 2004. Demographic and Health Surveys. Dhaka  Bangladesh and Calverton  Maryland [USA]  NIPORT  Mitra and Associates  and ORC Macro  2005,wasting (< -2 SD)
BGD,NT_ANT_WHZ_NE2,_T,_T,_T,U,_T,2004,2004,13.9037,12.0016,16.0522,1182.087890625,Bangladesh demographic and health survey 2004. Demographic and Health Surveys. Dhaka  Bangladesh and Calverton  Maryland [USA]  NIPORT  Mitra and Associates  and ORC Macro  2005,wasting (< -2 SD)
BGD,NT_ANT_WHZ_NE2,_T,_T,_T,_T,ISCED11A_01,2004,2004,16.6518,14.917,18.5445,2241.93334960938,Bangladesh demographic and health survey 2004. Demographic and Health Surveys. Dhaka  Bangladesh and Calverton  Maryland [USA]  NIPORT  Mitra and Associates  and ORC Macro  2005,wasting (< -2 SD)
BGD,NT_ANT_WHZ_NE2,_T,_T,_T,_T,AGG_5T8,2004,2004,11.0982,7.5944,15.9398,300.280426025391,Bangladesh demographic and health survey 2004. Demographic and Health Surveys. Dhaka  Bangladesh and Calverton  Maryland [USA]  NIPORT  Mitra and Associates  and ORC Macro  2005,wasting (< -2 SD)
BGD,NT_ANT_WHZ_NE2,_T,_T,_T,_T,ISCED11_1,2004,2004,14.4191,12.8114,16.1912,1867.68933105469,Bangladesh demographic and health survey 2004. Demographic and Health Surveys. Dhaka  Bangladesh and Calverton  Maryland [USA]  NIPORT  Mitra and Associates  and ORC Macro  2005,wasting (< -2 SD)
BGD,NT_ANT_WHZ_NE2,_T,_T,_T,_T,AGG_2_3,2004,2004,13.0498,11.2595,15.0762,1561.5205078125,Bangladesh demographic and health survey 2004. Demographic and Health Surveys. Dhaka  Bangladesh and Calverton  Maryland [USA]  NIPORT  Mitra and Associates  and ORC Macro  2005,wasting (< -2 SD)
BGD,NT_ANT_WHZ_NE2,_T,_T,_T,_T,AGG_3S_H,2004,2004,12.735,11.0384,14.6495,1861.80090332031,Bangladesh demographic and health survey 2004. Demographic and Health Surveys. Dhaka  Bangladesh and Calverton  Maryland [USA]  NIPORT  Mitra and Associates  and ORC Macro  2005,wasting (< -2 SD)
BGD,NT_ANT_WHZ_NE2,_T,_T,_T,_T,AGG_0_1,2004,2004,15.6371,14.5026,16.8429,4109.62255859375,Bangladesh demographic and health survey 2004. Demographic and Health Surveys. Dhaka  Bangladesh and Calverton  Maryland [USA]  NIPORT  Mitra and Associates  and ORC Macro  2005,wasting (< -2 SD)
BGD,NT_ANT_WHZ_NE2,_T,_T,_T,_T,_T,2004,2004,14.642,13.646,15.6974,6082.90380859375,Bangladesh demographic and health survey 2004. Demographic and Health Surveys. Dhaka  Bangladesh and Calverton  Maryland [USA]  NIPORT  Mitra and Associates  and ORC Macro  2005,wasting (< -2 SD)
BGD,NT_ANT_WHZ_NE2,_T,_T,_T,_T,_T,2005,2005,11.8,,,74758,Nutritional Surveillance Project 2005  Rural data (using the WHO Child Growth Standards). Unpublished estimates. Dhakar  Bangladesh  HKI and Institute of Public Health Nutrition  2007.,wasting (< -2 SD)
BGD,NT_ANT_WHZ_NE2,F,_T,_T,_T,_T,2005-06,2005,14.5,,,,Child and Mother Nutrition Survey of Bangladesh 2005,wasting (< -2 SD)
BGD,NT_ANT_WHZ_NE2,M,_T,_T,_T,_T,2005-06,2005,14.5,,,,Child and Mother Nutrition Survey of Bangladesh 2005,wasting (< -2 SD)
BGD,NT_ANT_WHZ_NE2,_T,M0T23,_T,_T,_T,2005-06,2005,19.8,,,,Child and Mother Nutrition Survey of Bangladesh 2005,wasting (< -2 SD)
BGD,NT_ANT_WHZ_NE2,_T,M0T5,_T,_T,_T,2005-06,2005,24.1,,,,Child and Mother Nutrition Survey of Bangladesh 2005,wasting (< -2 SD)
BGD,NT_ANT_WHZ_NE2,_T,M12T17,_T,_T,_T,2005-06,2005,22.2,,,,Child and Mother Nutrition Survey of Bangladesh 2005,wasting (< -2 SD)
BGD,NT_ANT_WHZ_NE2,_T,M18T23,_T,_T,_T,2005-06,2005,14.5,,,,Child and Mother Nutrition Survey of Bangladesh 2005,wasting (< -2 SD)
BGD,NT_ANT_WHZ_NE2,_T,M24T35,_T,_T,_T,2005-06,2005,13.8,,,,Child and Mother Nutrition Survey of Bangladesh 2005,wasting (< -2 SD)
BGD,NT_ANT_WHZ_NE2,_T,M24T59,_T,_T,_T,2005-06,2005,11.3,,,,Child and Mother Nutrition Survey of Bangladesh 2005,wasting (< -2 SD)
BGD,NT_ANT_WHZ_NE2,_T,M36T47,_T,_T,_T,2005-06,2005,9.4,,,,Child and Mother Nutrition Survey of Bangladesh 2005,wasting (< -2 SD)
BGD,NT_ANT_WHZ_NE2,_T,M48T59,_T,_T,_T,2005-06,2005,10.9,,,,Child and Mother Nutrition Survey of Bangladesh 2005,wasting (< -2 SD)
BGD,NT_ANT_WHZ_NE2,_T,M6T11,_T,_T,_T,2005-06,2005,19,,,,Child and Mother Nutrition Survey of Bangladesh 2005,wasting (< -2 SD)
BGD,NT_ANT_WHZ_NE2,_T,_T,Q1,_T,_T,2005-06,2005,19.3,,,,Child and Mother Nutrition Survey of Bangladesh 2005,wasting (< -2 SD)
BGD,NT_ANT_WHZ_NE2,_T,_T,Q2,_T,_T,2005-06,2005,16.5,,,,Child and Mother Nutrition Survey of Bangladesh 2005,wasting (< -2 SD)
BGD,NT_ANT_WHZ_NE2,_T,_T,Q3,_T,_T,2005-06,2005,15.6,,,,Child and Mother Nutrition Survey of Bangladesh 2005,wasting (< -2 SD)
BGD,NT_ANT_WHZ_NE2,_T,_T,Q4,_T,_T,2005-06,2005,11,,,,Child and Mother Nutrition Survey of Bangladesh 2005,wasting (< -2 SD)
BGD,NT_ANT_WHZ_NE2,_T,_T,Q5,_T,_T,2005-06,2005,10.4,,,,Child and Mother Nutrition Survey of Bangladesh 2005,wasting (< -2 SD)
BGD,NT_ANT_WHZ_NE2,_T,_T,_T,R,_T,2005-06,2005,15.1,,,,Child and Mother Nutrition Survey of Bangladesh 2005,wasting (< -2 SD)
BGD,NT_ANT_WHZ_NE2,_T,_T,_T,U,_T,2005-06,2005,12.2,,,,Child and Mother Nutrition Survey of Bangladesh 2005,wasting (< -2 SD)
BGD,NT_ANT_WHZ_NE2,_T,_T,_T,_T,ISCED11A_01,2005-06,2005,17.3,,,,Child and Mother Nutrition Survey of Bangladesh 2005,wasting (< -2 SD)
BGD,NT_ANT_WHZ_NE2,_T,_T,_T,_T,AGG_5T8,2005-06,2005,9.2,,,,Child and Mother Nutrition Survey of Bangladesh 2005,wasting (< -2 SD)
BGD,NT_ANT_WHZ_NE2,_T,_T,_T,_T,ISCED11_1,2005-06,2005,14.1,,,,Child and Mother Nutrition Survey of Bangladesh 2005,wasting (< -2 SD)
BGD,NT_ANT_WHZ_NE2,_T,_T,_T,_T,AGG_2_3,2005-06,2005,10.9,,,,Child and Mother Nutrition Survey of Bangladesh 2005,wasting (< -2 SD)
BGD,NT_ANT_WHZ_NE2,_T,_T,_T,_T,_T,2005-06,2005,14.5,,,,Child and Mother Nutrition Survey of Bangladesh 2005,wasting (< -2 SD)
BGD,NT_ANT_WHZ_NE2,_T,_T,_T,_T,_T,2006,2006,11.9,,,24302,Nutritional Surveillance Project 2006  data on rural national data (using the WHO Child Growth Standards). Unpublished estimates. Dhaka  Bangladesh  HKI and Institute of Public Health Nutrition  2008,wasting (< -2 SD)
BGD,NT_ANT_WHZ_NE2,F,M0T11,_T,_T,_T,2007,2007,17.1693,14.0284,20.8431,547.14599609375,Bangladesh demographic and health survey 2007. DHS. Dhaka  Bangladesh and Calverton  Maryland  USA  National Institute of Population Research and Training  Mitra and Associates  and Macro International  2009,wasting (< -2 SD)
BGD,NT_ANT_WHZ_NE2,F,M0T23,_T,_T,_T,2007,2007,18.6163,16.052,21.4853,1114.89575195312,Bangladesh demographic and health survey 2007. DHS. Dhaka  Bangladesh and Calverton  Maryland  USA  National Institute of Population Research and Training  Mitra and Associates  and Macro International  2009,wasting (< -2 SD)
BGD,NT_ANT_WHZ_NE2,F,M0T5,_T,_T,_T,2007,2007,13.5567,9.3743,19.2097,265.413940429688,Bangladesh demographic and health survey 2007. DHS. Dhaka  Bangladesh and Calverton  Maryland  USA  National Institute of Population Research and Training  Mitra and Associates  and Macro International  2009,wasting (< -2 SD)
BGD,NT_ANT_WHZ_NE2,F,M12T17,_T,_T,_T,2007,2007,21.7622,15.9145,29.017,255.416275024414,Bangladesh demographic and health survey 2007. DHS. Dhaka  Bangladesh and Calverton  Maryland  USA  National Institute of Population Research and Training  Mitra and Associates  and Macro International  2009,wasting (< -2 SD)
BGD,NT_ANT_WHZ_NE2,F,M12T23,_T,_T,_T,2007,2007,20.0107,16.4357,24.1386,567.749816894531,Bangladesh demographic and health survey 2007. DHS. Dhaka  Bangladesh and Calverton  Maryland  USA  National Institute of Population Research and Training  Mitra and Associates  and Macro International  2009,wasting (< -2 SD)
BGD,NT_ANT_WHZ_NE2,F,M18T23,_T,_T,_T,2007,2007,18.5783,14.0835,24.1051,312.333526611328,Bangladesh demographic and health survey 2007. DHS. Dhaka  Bangladesh and Calverton  Maryland  USA  National Institute of Population Research and Training  Mitra and Associates  and Macro International  2009,wasting (< -2 SD)
BGD,NT_ANT_WHZ_NE2,F,M24T29,_T,_T,_T,2007,2007,15.1566,11.0876,20.3766,259.281585693359,Bangladesh demographic and health survey 2007. DHS. Dhaka  Bangladesh and Calverton  Maryland  USA  National Institute of Population Research and Training  Mitra and Associates  and Macro International  2009,wasting (< -2 SD)
BGD,NT_ANT_WHZ_NE2,F,M24T35,_T,_T,_T,2007,2007,15.1727,12.0555,18.9225,546.666015625,Bangladesh demographic and health survey 2007. DHS. Dhaka  Bangladesh and Calverton  Maryland  USA  National Institute of Population Research and Training  Mitra and Associates  and Macro International  2009,wasting (< -2 SD)
BGD,NT_ANT_WHZ_NE2,F,M24T59,_T,_T,_T,2007,2007,15.0435,13.1663,17.1355,1581.94067382812,Bangladesh demographic and health survey 2007. DHS. Dhaka  Bangladesh and Calverton  Maryland  USA  National Institute of Population Research and Training  Mitra and Associates  and Macro International  2009,wasting (< -2 SD)
BGD,NT_ANT_WHZ_NE2,F,M30T35,_T,_T,_T,2007,2007,15.1873,10.648,21.2026,287.384460449219,Bangladesh demographic and health survey 2007. DHS. Dhaka  Bangladesh and Calverton  Maryland  USA  National Institute of Population Research and Training  Mitra and Associates  and Macro International  2009,wasting (< -2 SD)
BGD,NT_ANT_WHZ_NE2,F,M36T41,_T,_T,_T,2007,2007,11.354,8.0125,15.8489,262.751922607422,Bangladesh demographic and health survey 2007. DHS. Dhaka  Bangladesh and Calverton  Maryland  USA  National Institute of Population Research and Training  Mitra and Associates  and Macro International  2009,wasting (< -2 SD)
BGD,NT_ANT_WHZ_NE2,F,M36T47,_T,_T,_T,2007,2007,13.4336,10.6891,16.7505,522.351806640625,Bangladesh demographic and health survey 2007. DHS. Dhaka  Bangladesh and Calverton  Maryland  USA  National Institute of Population Research and Training  Mitra and Associates  and Macro International  2009,wasting (< -2 SD)
BGD,NT_ANT_WHZ_NE2,F,M42T47,_T,_T,_T,2007,2007,15.5384,11.4932,20.6748,259.599884033203,Bangladesh demographic and health survey 2007. DHS. Dhaka  Bangladesh and Calverton  Maryland  USA  National Institute of Population Research and Training  Mitra and Associates  and Macro International  2009,wasting (< -2 SD)
BGD,NT_ANT_WHZ_NE2,F,M48T53,_T,_T,_T,2007,2007,18.396,13.7239,24.2123,275.216979980469,Bangladesh demographic and health survey 2007. DHS. Dhaka  Bangladesh and Calverton  Maryland  USA  National Institute of Population Research and Training  Mitra and Associates  and Macro International  2009,wasting (< -2 SD)
BGD,NT_ANT_WHZ_NE2,F,M48T59,_T,_T,_T,2007,2007,16.5452,12.3654,21.7867,512.9228515625,Bangladesh demographic and health survey 2007. DHS. Dhaka  Bangladesh and Calverton  Maryland  USA  National Institute of Population Research and Training  Mitra and Associates  and Macro International  2009,wasting (< -2 SD)
BGD,NT_ANT_WHZ_NE2,F,M54T59,_T,_T,_T,2007,2007,14.4024,9.1435,21.9549,237.705856323242,Bangladesh demographic and health survey 2007. DHS. Dhaka  Bangladesh and Calverton  Maryland  USA  National Institute of Population Research and Training  Mitra and Associates  and Macro International  2009,wasting (< -2 SD)
BGD,NT_ANT_WHZ_NE2,F,M6T11,_T,_T,_T,2007,2007,20.5727,15.8942,26.1994,281.732055664062,Bangladesh demographic and health survey 2007. DHS. Dhaka  Bangladesh and Calverton  Maryland  USA  National Institute of Population Research and Training  Mitra and Associates  and Macro International  2009,wasting (< -2 SD)
BGD,NT_ANT_WHZ_NE2,F,_T,_T,_T,_T,2007,2007,16.5391,14.8751,18.3491,2698.99267578125,Bangladesh demographic and health survey 2007. DHS. Dhaka  Bangladesh and Calverton  Maryland  USA  National Institute of Population Research and Training  Mitra and Associates  and Macro International  2009,wasting (< -2 SD)
BGD,NT_ANT_WHZ_NE2,M,M0T11,_T,_T,_T,2007,2007,18.5939,15.0002,22.8176,538.142456054688,Bangladesh demographic and health survey 2007. DHS. Dhaka  Bangladesh and Calverton  Maryland  USA  National Institute of Population Research and Training  Mitra and Associates  and Macro International  2009,wasting (< -2 SD)
BGD,NT_ANT_WHZ_NE2,M,M0T23,_T,_T,_T,2007,2007,22.017,19.4396,24.8309,1078.1796875,Bangladesh demographic and health survey 2007. DHS. Dhaka  Bangladesh and Calverton  Maryland  USA  National Institute of Population Research and Training  Mitra and Associates  and Macro International  2009,wasting (< -2 SD)
BGD,NT_ANT_WHZ_NE2,M,M0T5,_T,_T,_T,2007,2007,20.1058,14.4498,27.2699,259.867279052734,Bangladesh demographic and health survey 2007. DHS. Dhaka  Bangladesh and Calverton  Maryland  USA  National Institute of Population Research and Training  Mitra and Associates  and Macro International  2009,wasting (< -2 SD)
BGD,NT_ANT_WHZ_NE2,M,M12T17,_T,_T,_T,2007,2007,23.1277,18.1838,28.9404,259.515533447266,Bangladesh demographic and health survey 2007. DHS. Dhaka  Bangladesh and Calverton  Maryland  USA  National Institute of Population Research and Training  Mitra and Associates  and Macro International  2009,wasting (< -2 SD)
BGD,NT_ANT_WHZ_NE2,M,M12T23,_T,_T,_T,2007,2007,25.4281,21.6642,29.5988,540.037231445312,Bangladesh demographic and health survey 2007. DHS. Dhaka  Bangladesh and Calverton  Maryland  USA  National Institute of Population Research and Training  Mitra and Associates  and Macro International  2009,wasting (< -2 SD)
BGD,NT_ANT_WHZ_NE2,M,M18T23,_T,_T,_T,2007,2007,27.5562,22.1906,33.658,280.521667480469,Bangladesh demographic and health survey 2007. DHS. Dhaka  Bangladesh and Calverton  Maryland  USA  National Institute of Population Research and Training  Mitra and Associates  and Macro International  2009,wasting (< -2 SD)
BGD,NT_ANT_WHZ_NE2,M,M24T29,_T,_T,_T,2007,2007,18.026,13.7565,23.2632,279.605438232422,Bangladesh demographic and health survey 2007. DHS. Dhaka  Bangladesh and Calverton  Maryland  USA  National Institute of Population Research and Training  Mitra and Associates  and Macro International  2009,wasting (< -2 SD)
BGD,NT_ANT_WHZ_NE2,M,M24T35,_T,_T,_T,2007,2007,17.6141,14.5232,21.1996,529.990844726562,Bangladesh demographic and health survey 2007. DHS. Dhaka  Bangladesh and Calverton  Maryland  USA  National Institute of Population Research and Training  Mitra and Associates  and Macro International  2009,wasting (< -2 SD)
BGD,NT_ANT_WHZ_NE2,M,M24T59,_T,_T,_T,2007,2007,15.9467,13.8279,18.3212,1564.15930175781,Bangladesh demographic and health survey 2007. DHS. Dhaka  Bangladesh and Calverton  Maryland  USA  National Institute of Population Research and Training  Mitra and Associates  and Macro International  2009,wasting (< -2 SD)
BGD,NT_ANT_WHZ_NE2,M,M30T35,_T,_T,_T,2007,2007,17.1541,12.116,23.7217,250.385406494141,Bangladesh demographic and health survey 2007. DHS. Dhaka  Bangladesh and Calverton  Maryland  USA  National Institute of Population Research and Training  Mitra and Associates  and Macro International  2009,wasting (< -2 SD)
BGD,NT_ANT_WHZ_NE2,M,M36T41,_T,_T,_T,2007,2007,18.8678,13.9019,25.0906,280.988220214844,Bangladesh demographic and health survey 2007. DHS. Dhaka  Bangladesh and Calverton  Maryland  USA  National Institute of Population Research and Training  Mitra and Associates  and Macro International  2009,wasting (< -2 SD)
BGD,NT_ANT_WHZ_NE2,M,M36T47,_T,_T,_T,2007,2007,16.0398,12.4884,20.3662,523.19921875,Bangladesh demographic and health survey 2007. DHS. Dhaka  Bangladesh and Calverton  Maryland  USA  National Institute of Population Research and Training  Mitra and Associates  and Macro International  2009,wasting (< -2 SD)
BGD,NT_ANT_WHZ_NE2,M,M42T47,_T,_T,_T,2007,2007,12.7591,8.7577,18.2235,242.210983276367,Bangladesh demographic and health survey 2007. DHS. Dhaka  Bangladesh and Calverton  Maryland  USA  National Institute of Population Research and Training  Mitra and Associates  and Macro International  2009,wasting (< -2 SD)
BGD,NT_ANT_WHZ_NE2,M,M48T53,_T,_T,_T,2007,2007,14.036,9.8067,19.6912,260.417877197266,Bangladesh demographic and health survey 2007. DHS. Dhaka  Bangladesh and Calverton  Maryland  USA  National Institute of Population Research and Training  Mitra and Associates  and Macro International  2009,wasting (< -2 SD)
BGD,NT_ANT_WHZ_NE2,M,M48T59,_T,_T,_T,2007,2007,14.122,10.8927,18.114,510.969299316406,Bangladesh demographic and health survey 2007. DHS. Dhaka  Bangladesh and Calverton  Maryland  USA  National Institute of Population Research and Training  Mitra and Associates  and Macro International  2009,wasting (< -2 SD)
BGD,NT_ANT_WHZ_NE2,M,M54T59,_T,_T,_T,2007,2007,14.2113,9.3915,20.9332,250.55143737793,Bangladesh demographic and health survey 2007. DHS. Dhaka  Bangladesh and Calverton  Maryland  USA  National Institute of Population Research and Training  Mitra and Associates  and Macro International  2009,wasting (< -2 SD)
BGD,NT_ANT_WHZ_NE2,M,M6T11,_T,_T,_T,2007,2007,17.1821,12.9589,22.427,278.275207519531,Bangladesh demographic and health survey 2007. DHS. Dhaka  Bangladesh and Calverton  Maryland  USA  National Institute of Population Research and Training  Mitra and Associates  and Macro International  2009,wasting (< -2 SD)
BGD,NT_ANT_WHZ_NE2,M,_T,_T,_T,_T,2007,2007,18.4382,16.8065,20.1898,2644.90698242188,Bangladesh demographic and health survey 2007. DHS. Dhaka  Bangladesh and Calverton  Maryland  USA  National Institute of Population Research and Training  Mitra and Associates  and Macro International  2009,wasting (< -2 SD)
BGD,NT_ANT_WHZ_NE2,_T,M0T11,_T,_T,_T,2007,2007,17.8757,15.4007,20.6514,1085.28845214844,Bangladesh demographic and health survey 2007. DHS. Dhaka  Bangladesh and Calverton  Maryland  USA  National Institute of Population Research and Training  Mitra and Associates  and Macro International  2009,wasting (< -2 SD)
BGD,NT_ANT_WHZ_NE2,_T,M0T23,_T,_T,_T,2007,2007,20.2882,18.3151,22.4155,2193.07543945312,Bangladesh demographic and health survey 2007. DHS. Dhaka  Bangladesh and Calverton  Maryland  USA  National Institute of Population Research and Training  Mitra and Associates  and Macro International  2009,wasting (< -2 SD)
BGD,NT_ANT_WHZ_NE2,_T,M0T5,_T,_T,_T,2007,2007,16.7967,13.1518,21.2051,525.281188964844,Bangladesh demographic and health survey 2007. DHS. Dhaka  Bangladesh and Calverton  Maryland  USA  National Institute of Population Research and Training  Mitra and Associates  and Macro International  2009,wasting (< -2 SD)
BGD,NT_ANT_WHZ_NE2,_T,M12T17,_T,_T,_T,2007,2007,22.4504,18.2628,27.2777,514.931823730469,Bangladesh demographic and health survey 2007. DHS. Dhaka  Bangladesh and Calverton  Maryland  USA  National Institute of Population Research and Training  Mitra and Associates  and Macro International  2009,wasting (< -2 SD)
BGD,NT_ANT_WHZ_NE2,_T,M12T23,_T,_T,_T,2007,2007,22.6516,19.7843,25.8008,1107.78698730469,Bangladesh demographic and health survey 2007. DHS. Dhaka  Bangladesh and Calverton  Maryland  USA  National Institute of Population Research and Training  Mitra and Associates  and Macro International  2009,wasting (< -2 SD)
BGD,NT_ANT_WHZ_NE2,_T,M18T23,_T,_T,_T,2007,2007,22.8264,18.9618,27.2141,592.855224609375,Bangladesh demographic and health survey 2007. DHS. Dhaka  Bangladesh and Calverton  Maryland  USA  National Institute of Population Research and Training  Mitra and Associates  and Macro International  2009,wasting (< -2 SD)
BGD,NT_ANT_WHZ_NE2,_T,M24T29,_T,_T,_T,2007,2007,16.6454,13.8233,19.9106,538.887023925781,Bangladesh demographic and health survey 2007. DHS. Dhaka  Bangladesh and Calverton  Maryland  USA  National Institute of Population Research and Training  Mitra and Associates  and Macro International  2009,wasting (< -2 SD)
BGD,NT_ANT_WHZ_NE2,_T,M24T35,_T,_T,_T,2007,2007,16.3745,14.2103,18.7961,1076.65686035156,Bangladesh demographic and health survey 2007. DHS. Dhaka  Bangladesh and Calverton  Maryland  USA  National Institute of Population Research and Training  Mitra and Associates  and Macro International  2009,wasting (< -2 SD)
BGD,NT_ANT_WHZ_NE2,_T,M24T59,_T,_T,_T,2007,2007,15.4925,13.9563,17.1641,3146.10009765625,Bangladesh demographic and health survey 2007. DHS. Dhaka  Bangladesh and Calverton  Maryland  USA  National Institute of Population Research and Training  Mitra and Associates  and Macro International  2009,wasting (< -2 SD)
BGD,NT_ANT_WHZ_NE2,_T,M30T35,_T,_T,_T,2007,2007,16.103,13.0063,19.7695,537.769836425781,Bangladesh demographic and health survey 2007. DHS. Dhaka  Bangladesh and Calverton  Maryland  USA  National Institute of Population Research and Training  Mitra and Associates  and Macro International  2009,wasting (< -2 SD)
BGD,NT_ANT_WHZ_NE2,_T,M36T41,_T,_T,_T,2007,2007,15.2369,12.0004,19.1562,543.740112304688,Bangladesh demographic and health survey 2007. DHS. Dhaka  Bangladesh and Calverton  Maryland  USA  National Institute of Population Research and Training  Mitra and Associates  and Macro International  2009,wasting (< -2 SD)
BGD,NT_ANT_WHZ_NE2,_T,M36T47,_T,_T,_T,2007,2007,14.7377,12.3542,17.4894,1045.55102539062,Bangladesh demographic and health survey 2007. DHS. Dhaka  Bangladesh and Calverton  Maryland  USA  National Institute of Population Research and Training  Mitra and Associates  and Macro International  2009,wasting (< -2 SD)
BGD,NT_ANT_WHZ_NE2,_T,M42T47,_T,_T,_T,2007,2007,14.1969,11.0424,18.0694,501.810882568359,Bangladesh demographic and health survey 2007. DHS. Dhaka  Bangladesh and Calverton  Maryland  USA  National Institute of Population Research and Training  Mitra and Associates  and Macro International  2009,wasting (< -2 SD)
BGD,NT_ANT_WHZ_NE2,_T,M48T53,_T,_T,_T,2007,2007,16.2763,12.8779,20.3618,535.634826660156,Bangladesh demographic and health survey 2007. DHS. Dhaka  Bangladesh and Calverton  Maryland  USA  National Institute of Population Research and Training  Mitra and Associates  and Macro International  2009,wasting (< -2 SD)
BGD,NT_ANT_WHZ_NE2,_T,M48T59,_T,_T,_T,2007,2007,15.3359,12.2993,18.9601,1023.89221191406,Bangladesh demographic and health survey 2007. DHS. Dhaka  Bangladesh and Calverton  Maryland  USA  National Institute of Population Research and Training  Mitra and Associates  and Macro International  2009,wasting (< -2 SD)
BGD,NT_ANT_WHZ_NE2,_T,M54T59,_T,_T,_T,2007,2007,14.3043,10.0667,19.9305,488.257293701172,Bangladesh demographic and health survey 2007. DHS. Dhaka  Bangladesh and Calverton  Maryland  USA  National Institute of Population Research and Training  Mitra and Associates  and Macro International  2009,wasting (< -2 SD)
BGD,NT_ANT_WHZ_NE2,_T,M6T11,_T,_T,_T,2007,2007,18.8879,15.6123,22.666,560.007263183594,Bangladesh demographic and health survey 2007. DHS. Dhaka  Bangladesh and Calverton  Maryland  USA  National Institute of Population Research and Training  Mitra and Associates  and Macro International  2009,wasting (< -2 SD)
BGD,NT_ANT_WHZ_NE2,_T,_T,B20,R,_T,2007,2007,20.9787,18.0713,24.2158,1133.42578125,Bangladesh demographic and health survey 2007. DHS. Dhaka  Bangladesh and Calverton  Maryland  USA  National Institute of Population Research and Training  Mitra and Associates  and Macro International  2009,wasting (< -2 SD)
BGD,NT_ANT_WHZ_NE2,_T,_T,B20,U,_T,2007,2007,19.8564,12.5245,30.0082,74.0876617431641,Bangladesh demographic and health survey 2007. DHS. Dhaka  Bangladesh and Calverton  Maryland  USA  National Institute of Population Research and Training  Mitra and Associates  and Macro International  2009,wasting (< -2 SD)
BGD,NT_ANT_WHZ_NE2,_T,_T,B40,R,_T,2007,2007,19.2997,17.1946,21.5953,2186.5087890625,Bangladesh demographic and health survey 2007. DHS. Dhaka  Bangladesh and Calverton  Maryland  USA  National Institute of Population Research and Training  Mitra and Associates  and Macro International  2009,wasting (< -2 SD)
BGD,NT_ANT_WHZ_NE2,_T,_T,B40,U,_T,2007,2007,19.1233,14.7402,24.4363,176.677169799805,Bangladesh demographic and health survey 2007. DHS. Dhaka  Bangladesh and Calverton  Maryland  USA  National Institute of Population Research and Training  Mitra and Associates  and Macro International  2009,wasting (< -2 SD)
BGD,NT_ANT_WHZ_NE2,_T,_T,B60,R,_T,2007,2007,18.4908,16.7905,20.3212,3090.65283203125,Bangladesh demographic and health survey 2007. DHS. Dhaka  Bangladesh and Calverton  Maryland  USA  National Institute of Population Research and Training  Mitra and Associates  and Macro International  2009,wasting (< -2 SD)
BGD,NT_ANT_WHZ_NE2,_T,_T,B60,U,_T,2007,2007,19.1979,15.5659,23.442,310.45947265625,Bangladesh demographic and health survey 2007. DHS. Dhaka  Bangladesh and Calverton  Maryland  USA  National Institute of Population Research and Training  Mitra and Associates  and Macro International  2009,wasting (< -2 SD)
BGD,NT_ANT_WHZ_NE2,_T,_T,B80,R,_T,2007,2007,18.5784,16.9513,20.3235,3868.51635742188,Bangladesh demographic and health survey 2007. DHS. Dhaka  Bangladesh and Calverton  Maryland  USA  National Institute of Population Research and Training  Mitra and Associates  and Macro International  2009,wasting (< -2 SD)
BGD,NT_ANT_WHZ_NE2,_T,_T,B80,U,_T,2007,2007,16.9935,14.6407,19.6373,527.772583007812,Bangladesh demographic and health survey 2007. DHS. Dhaka  Bangladesh and Calverton  Maryland  USA  National Institute of Population Research and Training  Mitra and Associates  and Macro International  2009,wasting (< -2 SD)
BGD,NT_ANT_WHZ_NE2,_T,_T,Q1,R,_T,2007,2007,20.9787,18.0713,24.2158,1133.42578125,Bangladesh demographic and health survey 2007. DHS. Dhaka  Bangladesh and Calverton  Maryland  USA  National Institute of Population Research and Training  Mitra and Associates  and Macro International  2009,wasting (< -2 SD)
BGD,NT_ANT_WHZ_NE2,_T,_T,Q1,U,_T,2007,2007,19.8564,12.5245,30.0082,74.0876617431641,Bangladesh demographic and health survey 2007. DHS. Dhaka  Bangladesh and Calverton  Maryland  USA  National Institute of Population Research and Training  Mitra and Associates  and Macro International  2009,wasting (< -2 SD)
BGD,NT_ANT_WHZ_NE2,_T,_T,Q1,_T,_T,2007,2007,20.9099,18.1342,23.986,1207.51342773438,Bangladesh demographic and health survey 2007. DHS. Dhaka  Bangladesh and Calverton  Maryland  USA  National Institute of Population Research and Training  Mitra and Associates  and Macro International  2009,wasting (< -2 SD)
BGD,NT_ANT_WHZ_NE2,_T,_T,Q2,R,_T,2007,2007,17.4925,14.9559,20.3565,1053.08312988281,Bangladesh demographic and health survey 2007. DHS. Dhaka  Bangladesh and Calverton  Maryland  USA  National Institute of Population Research and Training  Mitra and Associates  and Macro International  2009,wasting (< -2 SD)
BGD,NT_ANT_WHZ_NE2,_T,_T,Q2,U,_T,2007,2007,18.5939,13.7235,24.698,102.589500427246,Bangladesh demographic and health survey 2007. DHS. Dhaka  Bangladesh and Calverton  Maryland  USA  National Institute of Population Research and Training  Mitra and Associates  and Macro International  2009,wasting (< -2 SD)
BGD,NT_ANT_WHZ_NE2,_T,_T,Q2,_T,_T,2007,2007,17.5903,15.2289,20.2305,1155.67260742188,Bangladesh demographic and health survey 2007. DHS. Dhaka  Bangladesh and Calverton  Maryland  USA  National Institute of Population Research and Training  Mitra and Associates  and Macro International  2009,wasting (< -2 SD)
BGD,NT_ANT_WHZ_NE2,_T,_T,Q3,R,_T,2007,2007,16.5345,13.8859,19.5736,904.143798828125,Bangladesh demographic and health survey 2007. DHS. Dhaka  Bangladesh and Calverton  Maryland  USA  National Institute of Population Research and Training  Mitra and Associates  and Macro International  2009,wasting (< -2 SD)
BGD,NT_ANT_WHZ_NE2,_T,_T,Q3,U,_T,2007,2007,19.2963,13.2363,27.2592,133.782287597656,Bangladesh demographic and health survey 2007. DHS. Dhaka  Bangladesh and Calverton  Maryland  USA  National Institute of Population Research and Training  Mitra and Associates  and Macro International  2009,wasting (< -2 SD)
BGD,NT_ANT_WHZ_NE2,_T,_T,Q3,_T,_T,2007,2007,16.8905,14.4293,19.6751,1037.92614746094,Bangladesh demographic and health survey 2007. DHS. Dhaka  Bangladesh and Calverton  Maryland  USA  National Institute of Population Research and Training  Mitra and Associates  and Macro International  2009,wasting (< -2 SD)
BGD,NT_ANT_WHZ_NE2,_T,_T,Q4,R,_T,2007,2007,18.9268,15.6361,22.7234,777.863708496094,Bangladesh demographic and health survey 2007. DHS. Dhaka  Bangladesh and Calverton  Maryland  USA  National Institute of Population Research and Training  Mitra and Associates  and Macro International  2009,wasting (< -2 SD)
BGD,NT_ANT_WHZ_NE2,_T,_T,Q4,U,_T,2007,2007,13.8441,10.2087,18.5074,217.313110351562,Bangladesh demographic and health survey 2007. DHS. Dhaka  Bangladesh and Calverton  Maryland  USA  National Institute of Population Research and Training  Mitra and Associates  and Macro International  2009,wasting (< -2 SD)
BGD,NT_ANT_WHZ_NE2,_T,_T,Q4,_T,_T,2007,2007,17.8169,15.1084,20.8915,995.176818847656,Bangladesh demographic and health survey 2007. DHS. Dhaka  Bangladesh and Calverton  Maryland  USA  National Institute of Population Research and Training  Mitra and Associates  and Macro International  2009,wasting (< -2 SD)
BGD,NT_ANT_WHZ_NE2,_T,_T,Q5,R,_T,2007,2007,14.7051,10.3078,20.5485,358.77197265625,Bangladesh demographic and health survey 2007. DHS. Dhaka  Bangladesh and Calverton  Maryland  USA  National Institute of Population Research and Training  Mitra and Associates  and Macro International  2009,wasting (< -2 SD)
BGD,NT_ANT_WHZ_NE2,_T,_T,Q5,U,_T,2007,2007,12.3814,10.0386,15.1787,588.838623046875,Bangladesh demographic and health survey 2007. DHS. Dhaka  Bangladesh and Calverton  Maryland  USA  National Institute of Population Research and Training  Mitra and Associates  and Macro International  2009,wasting (< -2 SD)
BGD,NT_ANT_WHZ_NE2,_T,_T,Q5,_T,_T,2007,2007,13.2611,10.9645,15.9527,947.610534667969,Bangladesh demographic and health survey 2007. DHS. Dhaka  Bangladesh and Calverton  Maryland  USA  National Institute of Population Research and Training  Mitra and Associates  and Macro International  2009,wasting (< -2 SD)
BGD,NT_ANT_WHZ_NE2,_T,_T,R20,R,_T,2007,2007,14.7051,10.3078,20.5485,358.77197265625,Bangladesh demographic and health survey 2007. DHS. Dhaka  Bangladesh and Calverton  Maryland  USA  National Institute of Population Research and Training  Mitra and Associates  and Macro International  2009,wasting (< -2 SD)
BGD,NT_ANT_WHZ_NE2,_T,_T,R20,U,_T,2007,2007,12.3814,10.0386,15.1787,588.838623046875,Bangladesh demographic and health survey 2007. DHS. Dhaka  Bangladesh and Calverton  Maryland  USA  National Institute of Population Research and Training  Mitra and Associates  and Macro International  2009,wasting (< -2 SD)
BGD,NT_ANT_WHZ_NE2,_T,_T,R40,R,_T,2007,2007,17.5942,14.8988,20.6589,1136.63562011719,Bangladesh demographic and health survey 2007. DHS. Dhaka  Bangladesh and Calverton  Maryland  USA  National Institute of Population Research and Training  Mitra and Associates  and Macro International  2009,wasting (< -2 SD)
BGD,NT_ANT_WHZ_NE2,_T,_T,R40,U,_T,2007,2007,12.7757,10.7292,15.1463,806.151733398438,Bangladesh demographic and health survey 2007. DHS. Dhaka  Bangladesh and Calverton  Maryland  USA  National Institute of Population Research and Training  Mitra and Associates  and Macro International  2009,wasting (< -2 SD)
BGD,NT_ANT_WHZ_NE2,_T,_T,R60,R,_T,2007,2007,17.1247,15.095,19.3652,2040.77954101562,Bangladesh demographic and health survey 2007. DHS. Dhaka  Bangladesh and Calverton  Maryland  USA  National Institute of Population Research and Training  Mitra and Associates  and Macro International  2009,wasting (< -2 SD)
BGD,NT_ANT_WHZ_NE2,_T,_T,R60,U,_T,2007,2007,13.7038,11.7502,15.9236,939.934020996094,Bangladesh demographic and health survey 2007. DHS. Dhaka  Bangladesh and Calverton  Maryland  USA  National Institute of Population Research and Training  Mitra and Associates  and Macro International  2009,wasting (< -2 SD)
BGD,NT_ANT_WHZ_NE2,_T,_T,R80,R,_T,2007,2007,17.2499,15.5575,19.0848,3093.86254882812,Bangladesh demographic and health survey 2007. DHS. Dhaka  Bangladesh and Calverton  Maryland  USA  National Institute of Population Research and Training  Mitra and Associates  and Macro International  2009,wasting (< -2 SD)
BGD,NT_ANT_WHZ_NE2,_T,_T,R80,U,_T,2007,2007,14.185,12.4893,16.0686,1042.52355957031,Bangladesh demographic and health survey 2007. DHS. Dhaka  Bangladesh and Calverton  Maryland  USA  National Institute of Population Research and Training  Mitra and Associates  and Macro International  2009,wasting (< -2 SD)
BGD,NT_ANT_WHZ_NE2,_T,_T,_T,R,_T,2007,2007,18.2497,16.6845,19.9266,4227.28857421875,Bangladesh demographic and health survey 2007. DHS. Dhaka  Bangladesh and Calverton  Maryland  USA  National Institute of Population Research and Training  Mitra and Associates  and Macro International  2009,wasting (< -2 SD)
BGD,NT_ANT_WHZ_NE2,_T,_T,_T,U,_T,2007,2007,14.5613,12.9168,16.3758,1116.61120605469,Bangladesh demographic and health survey 2007. DHS. Dhaka  Bangladesh and Calverton  Maryland  USA  National Institute of Population Research and Training  Mitra and Associates  and Macro International  2009,wasting (< -2 SD)
BGD,NT_ANT_WHZ_NE2,_T,_T,_T,_T,ISCED11A_01,2007,2007,19.2934,17.135,21.6528,1399.53479003906,Bangladesh demographic and health survey 2007. DHS. Dhaka  Bangladesh and Calverton  Maryland  USA  National Institute of Population Research and Training  Mitra and Associates  and Macro International  2009,wasting (< -2 SD)
BGD,NT_ANT_WHZ_NE2,_T,_T,_T,_T,AGG_5T8,2007,2007,13.7812,10.3986,18.0427,334.874389648438,Bangladesh demographic and health survey 2007. DHS. Dhaka  Bangladesh and Calverton  Maryland  USA  National Institute of Population Research and Training  Mitra and Associates  and Macro International  2009,wasting (< -2 SD)
BGD,NT_ANT_WHZ_NE2,_T,_T,_T,_T,ISCED11_1,2007,2007,19.237,16.8797,21.837,1648.90075683594,Bangladesh demographic and health survey 2007. DHS. Dhaka  Bangladesh and Calverton  Maryland  USA  National Institute of Population Research and Training  Mitra and Associates  and Macro International  2009,wasting (< -2 SD)
BGD,NT_ANT_WHZ_NE2,_T,_T,_T,_T,AGG_2_3,2007,2007,14.9415,12.749,17.4358,1835.80895996094,Bangladesh demographic and health survey 2007. DHS. Dhaka  Bangladesh and Calverton  Maryland  USA  National Institute of Population Research and Training  Mitra and Associates  and Macro International  2009,wasting (< -2 SD)
BGD,NT_ANT_WHZ_NE2,_T,_T,_T,_T,AGG_3S_H,2007,2007,14.7625,12.8843,16.8615,2170.68334960938,Bangladesh demographic and health survey 2007. DHS. Dhaka  Bangladesh and Calverton  Maryland  USA  National Institute of Population Research and Training  Mitra and Associates  and Macro International  2009,wasting (< -2 SD)
BGD,NT_ANT_WHZ_NE2,_T,_T,_T,_T,AGG_0_1,2007,2007,19.2629,17.6252,21.0139,3048.435546875,Bangladesh demographic and health survey 2007. DHS. Dhaka  Bangladesh and Calverton  Maryland  USA  National Institute of Population Research and Training  Mitra and Associates  and Macro International  2009,wasting (< -2 SD)
BGD,NT_ANT_WHZ_NE2,_T,_T,_T,_T,_T,2007,2007,17.479,16.1941,18.8429,5343.8994140625,Bangladesh demographic and health survey 2007. DHS. Dhaka  Bangladesh and Calverton  Maryland  USA  National Institute of Population Research and Training  Mitra and Associates  and Macro International  2009,wasting (< -2 SD)
BGD,NT_ANT_WHZ_NE2,F,_T,_T,_T,_T,2011-07,2011,11,,,,Bangladesh State of Food Security and Nutrition 2011,wasting (< -2 SD)
BGD,NT_ANT_WHZ_NE2,M,_T,_T,_T,_T,2011-07,2011,12,,,,Bangladesh State of Food Security and Nutrition 2011,wasting (< -2 SD)
BGD,NT_ANT_WHZ_NE2,_T,_T,_T,_T,_T,2011-07,2011,12,,,,Bangladesh State of Food Security and Nutrition 2011,wasting (< -2 SD)
BGD,NT_ANT_WHZ_NE2,F,M0T11,_T,_T,_T,2011-09,2011,15.3506,12.4786,18.7421,757.306579589844,Bangladesh demographic and health survey 2011. Demographic and Health Surveys. Dhaka  Bangladesh and Calverton  Maryland  USA  NIPORT  Mitra and Associates  and ICF International  2013,wasting (< -2 SD)
BGD,NT_ANT_WHZ_NE2,F,M0T23,_T,_T,_T,2011-09,2011,14.8182,12.7127,17.2037,1503.56762695312,Bangladesh demographic and health survey 2011. Demographic and Health Surveys. Dhaka  Bangladesh and Calverton  Maryland  USA  NIPORT  Mitra and Associates  and ICF International  2013,wasting (< -2 SD)
BGD,NT_ANT_WHZ_NE2,F,M0T5,_T,_T,_T,2011-09,2011,14.023,10.2026,18.9718,352.695953369141,Bangladesh demographic and health survey 2011. Demographic and Health Surveys. Dhaka  Bangladesh and Calverton  Maryland  USA  NIPORT  Mitra and Associates  and ICF International  2013,wasting (< -2 SD)
BGD,NT_ANT_WHZ_NE2,F,M12T17,_T,_T,_T,2011-09,2011,13.0572,9.5776,17.5554,397.14892578125,Bangladesh demographic and health survey 2011. Demographic and Health Surveys. Dhaka  Bangladesh and Calverton  Maryland  USA  NIPORT  Mitra and Associates  and ICF International  2013,wasting (< -2 SD)
BGD,NT_ANT_WHZ_NE2,F,M12T23,_T,_T,_T,2011-09,2011,14.2779,11.5535,17.5175,746.261047363281,Bangladesh demographic and health survey 2011. Demographic and Health Surveys. Dhaka  Bangladesh and Calverton  Maryland  USA  NIPORT  Mitra and Associates  and ICF International  2013,wasting (< -2 SD)
BGD,NT_ANT_WHZ_NE2,F,M18T23,_T,_T,_T,2011-09,2011,15.6666,11.7508,20.5828,349.112121582031,Bangladesh demographic and health survey 2011. Demographic and Health Surveys. Dhaka  Bangladesh and Calverton  Maryland  USA  NIPORT  Mitra and Associates  and ICF International  2013,wasting (< -2 SD)
BGD,NT_ANT_WHZ_NE2,F,M24T29,_T,_T,_T,2011-09,2011,14.5834,11.1223,18.8927,366.996734619141,Bangladesh demographic and health survey 2011. Demographic and Health Surveys. Dhaka  Bangladesh and Calverton  Maryland  USA  NIPORT  Mitra and Associates  and ICF International  2013,wasting (< -2 SD)
BGD,NT_ANT_WHZ_NE2,F,M24T35,_T,_T,_T,2011-09,2011,15.2086,12.6518,18.1745,754.656433105469,Bangladesh demographic and health survey 2011. Demographic and Health Surveys. Dhaka  Bangladesh and Calverton  Maryland  USA  NIPORT  Mitra and Associates  and ICF International  2013,wasting (< -2 SD)
BGD,NT_ANT_WHZ_NE2,F,M24T59,_T,_T,_T,2011-09,2011,15.6218,14.0285,17.3595,2419.11157226562,Bangladesh demographic and health survey 2011. Demographic and Health Surveys. Dhaka  Bangladesh and Calverton  Maryland  USA  NIPORT  Mitra and Associates  and ICF International  2013,wasting (< -2 SD)
BGD,NT_ANT_WHZ_NE2,F,M30T35,_T,_T,_T,2011-09,2011,15.8005,12.1445,20.3027,387.65966796875,Bangladesh demographic and health survey 2011. Demographic and Health Surveys. Dhaka  Bangladesh and Calverton  Maryland  USA  NIPORT  Mitra and Associates  and ICF International  2013,wasting (< -2 SD)
BGD,NT_ANT_WHZ_NE2,F,M36T41,_T,_T,_T,2011-09,2011,13.6464,10.2921,17.8762,400.991851806641,Bangladesh demographic and health survey 2011. Demographic and Health Surveys. Dhaka  Bangladesh and Calverton  Maryland  USA  NIPORT  Mitra and Associates  and ICF International  2013,wasting (< -2 SD)
BGD,NT_ANT_WHZ_NE2,F,M36T47,_T,_T,_T,2011-09,2011,16.6253,13.9408,19.7084,864.039245605469,Bangladesh demographic and health survey 2011. Demographic and Health Surveys. Dhaka  Bangladesh and Calverton  Maryland  USA  NIPORT  Mitra and Associates  and ICF International  2013,wasting (< -2 SD)
BGD,NT_ANT_WHZ_NE2,F,M42T47,_T,_T,_T,2011-09,2011,19.205,15.1718,24.0069,463.04736328125,Bangladesh demographic and health survey 2011. Demographic and Health Surveys. Dhaka  Bangladesh and Calverton  Maryland  USA  NIPORT  Mitra and Associates  and ICF International  2013,wasting (< -2 SD)
BGD,NT_ANT_WHZ_NE2,F,M48T53,_T,_T,_T,2011-09,2011,11.0422,8.0881,14.9001,384.24365234375,Bangladesh demographic and health survey 2011. Demographic and Health Surveys. Dhaka  Bangladesh and Calverton  Maryland  USA  NIPORT  Mitra and Associates  and ICF International  2013,wasting (< -2 SD)
BGD,NT_ANT_WHZ_NE2,F,M48T59,_T,_T,_T,2011-09,2011,14.928,12.333,17.9572,800.415954589844,Bangladesh demographic and health survey 2011. Demographic and Health Surveys. Dhaka  Bangladesh and Calverton  Maryland  USA  NIPORT  Mitra and Associates  and ICF International  2013,wasting (< -2 SD)
BGD,NT_ANT_WHZ_NE2,F,M54T59,_T,_T,_T,2011-09,2011,18.5158,14.6532,23.1208,416.172302246094,Bangladesh demographic and health survey 2011. Demographic and Health Surveys. Dhaka  Bangladesh and Calverton  Maryland  USA  NIPORT  Mitra and Associates  and ICF International  2013,wasting (< -2 SD)
BGD,NT_ANT_WHZ_NE2,F,M6T11,_T,_T,_T,2011-09,2011,16.5078,12.6925,21.1917,404.610656738281,Bangladesh demographic and health survey 2011. Demographic and Health Surveys. Dhaka  Bangladesh and Calverton  Maryland  USA  NIPORT  Mitra and Associates  and ICF International  2013,wasting (< -2 SD)
BGD,NT_ANT_WHZ_NE2,F,_T,_T,_T,_T,2011-09,2011,15.3212,14.0546,16.6799,3924.57934570312,Bangladesh demographic and health survey 2011. Demographic and Health Surveys. Dhaka  Bangladesh and Calverton  Maryland  USA  NIPORT  Mitra and Associates  and ICF International  2013,wasting (< -2 SD)
BGD,NT_ANT_WHZ_NE2,M,M0T11,_T,_T,_T,2011-09,2011,15.1821,12.3705,18.4979,828.822570800781,Bangladesh demographic and health survey 2011. Demographic and Health Surveys. Dhaka  Bangladesh and Calverton  Maryland  USA  NIPORT  Mitra and Associates  and ICF International  2013,wasting (< -2 SD)
BGD,NT_ANT_WHZ_NE2,M,M0T23,_T,_T,_T,2011-09,2011,15.8657,13.7523,18.2351,1539.88513183594,Bangladesh demographic and health survey 2011. Demographic and Health Surveys. Dhaka  Bangladesh and Calverton  Maryland  USA  NIPORT  Mitra and Associates  and ICF International  2013,wasting (< -2 SD)
BGD,NT_ANT_WHZ_NE2,M,M0T5,_T,_T,_T,2011-09,2011,18.3252,14.0373,23.5639,385.638610839844,Bangladesh demographic and health survey 2011. Demographic and Health Surveys. Dhaka  Bangladesh and Calverton  Maryland  USA  NIPORT  Mitra and Associates  and ICF International  2013,wasting (< -2 SD)
BGD,NT_ANT_WHZ_NE2,M,M12T17,_T,_T,_T,2011-09,2011,18.2862,14.2189,23.2023,374.803588867188,Bangladesh demographic and health survey 2011. Demographic and Health Surveys. Dhaka  Bangladesh and Calverton  Maryland  USA  NIPORT  Mitra and Associates  and ICF International  2013,wasting (< -2 SD)
BGD,NT_ANT_WHZ_NE2,M,M12T23,_T,_T,_T,2011-09,2011,16.6624,13.8333,19.9363,711.062561035156,Bangladesh demographic and health survey 2011. Demographic and Health Surveys. Dhaka  Bangladesh and Calverton  Maryland  USA  NIPORT  Mitra and Associates  and ICF International  2013,wasting (< -2 SD)
BGD,NT_ANT_WHZ_NE2,M,M18T23,_T,_T,_T,2011-09,2011,14.8525,11.0184,19.7249,336.259002685547,Bangladesh demographic and health survey 2011. Demographic and Health Surveys. Dhaka  Bangladesh and Calverton  Maryland  USA  NIPORT  Mitra and Associates  and ICF International  2013,wasting (< -2 SD)
BGD,NT_ANT_WHZ_NE2,M,M24T29,_T,_T,_T,2011-09,2011,15.1862,11.3104,20.0894,333.791961669922,Bangladesh demographic and health survey 2011. Demographic and Health Surveys. Dhaka  Bangladesh and Calverton  Maryland  USA  NIPORT  Mitra and Associates  and ICF International  2013,wasting (< -2 SD)
BGD,NT_ANT_WHZ_NE2,M,M24T35,_T,_T,_T,2011-09,2011,15.4076,12.8142,18.4149,740.997924804688,Bangladesh demographic and health survey 2011. Demographic and Health Surveys. Dhaka  Bangladesh and Calverton  Maryland  USA  NIPORT  Mitra and Associates  and ICF International  2013,wasting (< -2 SD)
BGD,NT_ANT_WHZ_NE2,M,M24T59,_T,_T,_T,2011-09,2011,16.1675,14.613,17.8529,2477.33935546875,Bangladesh demographic and health survey 2011. Demographic and Health Surveys. Dhaka  Bangladesh and Calverton  Maryland  USA  NIPORT  Mitra and Associates  and ICF International  2013,wasting (< -2 SD)
BGD,NT_ANT_WHZ_NE2,M,M30T35,_T,_T,_T,2011-09,2011,15.589,12.0837,19.8811,407.205993652344,Bangladesh demographic and health survey 2011. Demographic and Health Surveys. Dhaka  Bangladesh and Calverton  Maryland  USA  NIPORT  Mitra and Associates  and ICF International  2013,wasting (< -2 SD)
BGD,NT_ANT_WHZ_NE2,M,M36T41,_T,_T,_T,2011-09,2011,18.169,14.4197,22.6353,427.224273681641,Bangladesh demographic and health survey 2011. Demographic and Health Surveys. Dhaka  Bangladesh and Calverton  Maryland  USA  NIPORT  Mitra and Associates  and ICF International  2013,wasting (< -2 SD)
BGD,NT_ANT_WHZ_NE2,M,M36T47,_T,_T,_T,2011-09,2011,15.7427,13.3488,18.4745,918.954895019531,Bangladesh demographic and health survey 2011. Demographic and Health Surveys. Dhaka  Bangladesh and Calverton  Maryland  USA  NIPORT  Mitra and Associates  and ICF International  2013,wasting (< -2 SD)
BGD,NT_ANT_WHZ_NE2,M,M42T47,_T,_T,_T,2011-09,2011,13.6347,10.6853,17.2412,491.730621337891,Bangladesh demographic and health survey 2011. Demographic and Health Surveys. Dhaka  Bangladesh and Calverton  Maryland  USA  NIPORT  Mitra and Associates  and ICF International  2013,wasting (< -2 SD)
BGD,NT_ANT_WHZ_NE2,M,M48T53,_T,_T,_T,2011-09,2011,18.1141,14.0107,23.0965,410.523773193359,Bangladesh demographic and health survey 2011. Demographic and Health Surveys. Dhaka  Bangladesh and Calverton  Maryland  USA  NIPORT  Mitra and Associates  and ICF International  2013,wasting (< -2 SD)
BGD,NT_ANT_WHZ_NE2,M,M48T59,_T,_T,_T,2011-09,2011,17.3341,14.6189,20.4329,817.386535644531,Bangladesh demographic and health survey 2011. Demographic and Health Surveys. Dhaka  Bangladesh and Calverton  Maryland  USA  NIPORT  Mitra and Associates  and ICF International  2013,wasting (< -2 SD)
BGD,NT_ANT_WHZ_NE2,M,M54T59,_T,_T,_T,2011-09,2011,16.5471,12.9509,20.902,406.86279296875,Bangladesh demographic and health survey 2011. Demographic and Health Surveys. Dhaka  Bangladesh and Calverton  Maryland  USA  NIPORT  Mitra and Associates  and ICF International  2013,wasting (< -2 SD)
BGD,NT_ANT_WHZ_NE2,M,M6T11,_T,_T,_T,2011-09,2011,12.4472,9.2559,16.5382,443.183959960938,Bangladesh demographic and health survey 2011. Demographic and Health Surveys. Dhaka  Bangladesh and Calverton  Maryland  USA  NIPORT  Mitra and Associates  and ICF International  2013,wasting (< -2 SD)
BGD,NT_ANT_WHZ_NE2,M,_T,_T,_T,_T,2011-09,2011,16.0448,14.6764,17.5146,4018.99243164062,Bangladesh demographic and health survey 2011. Demographic and Health Surveys. Dhaka  Bangladesh and Calverton  Maryland  USA  NIPORT  Mitra and Associates  and ICF International  2013,wasting (< -2 SD)
BGD,NT_ANT_WHZ_NE2,_T,M0T11,_T,_T,_T,2011-09,2011,15.2626,13.1433,17.6541,1586.12915039062,Bangladesh demographic and health survey 2011. Demographic and Health Surveys. Dhaka  Bangladesh and Calverton  Maryland  USA  NIPORT  Mitra and Associates  and ICF International  2013,wasting (< -2 SD)
BGD,NT_ANT_WHZ_NE2,_T,M0T23,_T,_T,_T,2011-09,2011,15.3482,13.7109,17.1421,3043.45288085938,Bangladesh demographic and health survey 2011. Demographic and Health Surveys. Dhaka  Bangladesh and Calverton  Maryland  USA  NIPORT  Mitra and Associates  and ICF International  2013,wasting (< -2 SD)
BGD,NT_ANT_WHZ_NE2,_T,M0T5,_T,_T,_T,2011-09,2011,16.2701,13.1503,19.9599,738.334533691406,Bangladesh demographic and health survey 2011. Demographic and Health Surveys. Dhaka  Bangladesh and Calverton  Maryland  USA  NIPORT  Mitra and Associates  and ICF International  2013,wasting (< -2 SD)
BGD,NT_ANT_WHZ_NE2,_T,M12T17,_T,_T,_T,2011-09,2011,15.596,12.7985,18.8727,771.952514648438,Bangladesh demographic and health survey 2011. Demographic and Health Surveys. Dhaka  Bangladesh and Calverton  Maryland  USA  NIPORT  Mitra and Associates  and ICF International  2013,wasting (< -2 SD)
BGD,NT_ANT_WHZ_NE2,_T,M12T23,_T,_T,_T,2011-09,2011,15.4414,13.2856,17.8748,1457.32360839844,Bangladesh demographic and health survey 2011. Demographic and Health Surveys. Dhaka  Bangladesh and Calverton  Maryland  USA  NIPORT  Mitra and Associates  and ICF International  2013,wasting (< -2 SD)
BGD,NT_ANT_WHZ_NE2,_T,M18T23,_T,_T,_T,2011-09,2011,15.2672,12.4405,18.5997,685.37109375,Bangladesh demographic and health survey 2011. Demographic and Health Surveys. Dhaka  Bangladesh and Calverton  Maryland  USA  NIPORT  Mitra and Associates  and ICF International  2013,wasting (< -2 SD)
BGD,NT_ANT_WHZ_NE2,_T,M24T29,_T,_T,_T,2011-09,2011,14.8706,12.2535,17.9324,700.788696289062,Bangladesh demographic and health survey 2011. Demographic and Health Surveys. Dhaka  Bangladesh and Calverton  Maryland  USA  NIPORT  Mitra and Associates  and ICF International  2013,wasting (< -2 SD)
BGD,NT_ANT_WHZ_NE2,_T,M24T35,_T,_T,_T,2011-09,2011,15.3072,13.4418,17.3794,1495.654296875,Bangladesh demographic and health survey 2011. Demographic and Health Surveys. Dhaka  Bangladesh and Calverton  Maryland  USA  NIPORT  Mitra and Associates  and ICF International  2013,wasting (< -2 SD)
BGD,NT_ANT_WHZ_NE2,_T,M24T59,_T,_T,_T,2011-09,2011,15.8979,14.7377,17.1311,4896.451171875,Bangladesh demographic and health survey 2011. Demographic and Health Surveys. Dhaka  Bangladesh and Calverton  Maryland  USA  NIPORT  Mitra and Associates  and ICF International  2013,wasting (< -2 SD)
BGD,NT_ANT_WHZ_NE2,_T,M30T35,_T,_T,_T,2011-09,2011,15.6921,13.1034,18.6824,794.865661621094,Bangladesh demographic and health survey 2011. Demographic and Health Surveys. Dhaka  Bangladesh and Calverton  Maryland  USA  NIPORT  Mitra and Associates  and ICF International  2013,wasting (< -2 SD)
BGD,NT_ANT_WHZ_NE2,_T,M36T41,_T,_T,_T,2011-09,2011,15.9793,13.3167,19.0573,828.216125488281,Bangladesh demographic and health survey 2011. Demographic and Health Surveys. Dhaka  Bangladesh and Calverton  Maryland  USA  NIPORT  Mitra and Associates  and ICF International  2013,wasting (< -2 SD)
BGD,NT_ANT_WHZ_NE2,_T,M36T47,_T,_T,_T,2011-09,2011,16.1704,14.3245,18.2036,1782.994140625,Bangladesh demographic and health survey 2011. Demographic and Health Surveys. Dhaka  Bangladesh and Calverton  Maryland  USA  NIPORT  Mitra and Associates  and ICF International  2013,wasting (< -2 SD)
BGD,NT_ANT_WHZ_NE2,_T,M42T47,_T,_T,_T,2011-09,2011,16.3362,13.7125,19.3493,954.778015136719,Bangladesh demographic and health survey 2011. Demographic and Health Surveys. Dhaka  Bangladesh and Calverton  Maryland  USA  NIPORT  Mitra and Associates  and ICF International  2013,wasting (< -2 SD)
BGD,NT_ANT_WHZ_NE2,_T,M48T53,_T,_T,_T,2011-09,2011,14.6951,12.0859,17.7538,794.767456054688,Bangladesh demographic and health survey 2011. Demographic and Health Surveys. Dhaka  Bangladesh and Calverton  Maryland  USA  NIPORT  Mitra and Associates  and ICF International  2013,wasting (< -2 SD)
BGD,NT_ANT_WHZ_NE2,_T,M48T59,_T,_T,_T,2011-09,2011,16.1437,14.2405,18.2471,1617.80249023438,Bangladesh demographic and health survey 2011. Demographic and Health Surveys. Dhaka  Bangladesh and Calverton  Maryland  USA  NIPORT  Mitra and Associates  and ICF International  2013,wasting (< -2 SD)
BGD,NT_ANT_WHZ_NE2,_T,M54T59,_T,_T,_T,2011-09,2011,17.5426,14.7839,20.691,823.035095214844,Bangladesh demographic and health survey 2011. Demographic and Health Surveys. Dhaka  Bangladesh and Calverton  Maryland  USA  NIPORT  Mitra and Associates  and ICF International  2013,wasting (< -2 SD)
BGD,NT_ANT_WHZ_NE2,_T,M6T11,_T,_T,_T,2011-09,2011,14.3851,11.8326,17.3797,847.794616699219,Bangladesh demographic and health survey 2011. Demographic and Health Surveys. Dhaka  Bangladesh and Calverton  Maryland  USA  NIPORT  Mitra and Associates  and ICF International  2013,wasting (< -2 SD)
BGD,NT_ANT_WHZ_NE2,_T,_T,B20,R,_T,2011-09,2011,17.8452,15.5972,20.3391,1793.01184082031,Bangladesh demographic and health survey 2011. Demographic and Health Surveys. Dhaka  Bangladesh and Calverton  Maryland  USA  NIPORT  Mitra and Associates  and ICF International  2013,wasting (< -2 SD)
BGD,NT_ANT_WHZ_NE2,_T,_T,B20,U,_T,2011-09,2011,13.1684,8.9319,18.9951,113.633140563965,Bangladesh demographic and health survey 2011. Demographic and Health Surveys. Dhaka  Bangladesh and Calverton  Maryland  USA  NIPORT  Mitra and Associates  and ICF International  2013,wasting (< -2 SD)
BGD,NT_ANT_WHZ_NE2,_T,_T,B40,R,_T,2011-09,2011,17.0568,15.379,18.8767,3303.8828125,Bangladesh demographic and health survey 2011. Demographic and Health Surveys. Dhaka  Bangladesh and Calverton  Maryland  USA  NIPORT  Mitra and Associates  and ICF International  2013,wasting (< -2 SD)
BGD,NT_ANT_WHZ_NE2,_T,_T,B40,U,_T,2011-09,2011,15.4956,11.787,20.105,239.617477416992,Bangladesh demographic and health survey 2011. Demographic and Health Surveys. Dhaka  Bangladesh and Calverton  Maryland  USA  NIPORT  Mitra and Associates  and ICF International  2013,wasting (< -2 SD)
BGD,NT_ANT_WHZ_NE2,_T,_T,B60,R,_T,2011-09,2011,17.204,15.7554,18.7561,4650.6982421875,Bangladesh demographic and health survey 2011. Demographic and Health Surveys. Dhaka  Bangladesh and Calverton  Maryland  USA  NIPORT  Mitra and Associates  and ICF International  2013,wasting (< -2 SD)
BGD,NT_ANT_WHZ_NE2,_T,_T,B60,U,_T,2011-09,2011,16.7013,13.6224,20.3124,437.897979736328,Bangladesh demographic and health survey 2011. Demographic and Health Surveys. Dhaka  Bangladesh and Calverton  Maryland  USA  NIPORT  Mitra and Associates  and ICF International  2013,wasting (< -2 SD)
BGD,NT_ANT_WHZ_NE2,_T,_T,B80,R,_T,2011-09,2011,16.3976,15.105,17.7776,5704.16259765625,Bangladesh demographic and health survey 2011. Demographic and Health Surveys. Dhaka  Bangladesh and Calverton  Maryland  USA  NIPORT  Mitra and Associates  and ICF International  2013,wasting (< -2 SD)
BGD,NT_ANT_WHZ_NE2,_T,_T,B80,U,_T,2011-09,2011,16.0163,13.39,19.0444,873.000427246094,Bangladesh demographic and health survey 2011. Demographic and Health Surveys. Dhaka  Bangladesh and Calverton  Maryland  USA  NIPORT  Mitra and Associates  and ICF International  2013,wasting (< -2 SD)
BGD,NT_ANT_WHZ_NE2,_T,_T,Q1,R,_T,2011-09,2011,17.8452,15.5972,20.3391,1793.01184082031,Bangladesh demographic and health survey 2011. Demographic and Health Surveys. Dhaka  Bangladesh and Calverton  Maryland  USA  NIPORT  Mitra and Associates  and ICF International  2013,wasting (< -2 SD)
BGD,NT_ANT_WHZ_NE2,_T,_T,Q1,U,_T,2011-09,2011,13.1684,8.9319,18.9951,113.633140563965,Bangladesh demographic and health survey 2011. Demographic and Health Surveys. Dhaka  Bangladesh and Calverton  Maryland  USA  NIPORT  Mitra and Associates  and ICF International  2013,wasting (< -2 SD)
BGD,NT_ANT_WHZ_NE2,_T,_T,Q1,_T,_T,2011-09,2011,17.5665,15.4265,19.9334,1906.64501953125,Bangladesh demographic and health survey 2011. Demographic and Health Surveys. Dhaka  Bangladesh and Calverton  Maryland  USA  NIPORT  Mitra and Associates  and ICF International  2013,wasting (< -2 SD)
BGD,NT_ANT_WHZ_NE2,_T,_T,Q2,R,_T,2011-09,2011,16.1211,13.968,18.5346,1510.87109375,Bangladesh demographic and health survey 2011. Demographic and Health Surveys. Dhaka  Bangladesh and Calverton  Maryland  USA  NIPORT  Mitra and Associates  and ICF International  2013,wasting (< -2 SD)
BGD,NT_ANT_WHZ_NE2,_T,_T,Q2,U,_T,2011-09,2011,17.5947,12.041,24.9823,125.984336853027,Bangladesh demographic and health survey 2011. Demographic and Health Surveys. Dhaka  Bangladesh and Calverton  Maryland  USA  NIPORT  Mitra and Associates  and ICF International  2013,wasting (< -2 SD)
BGD,NT_ANT_WHZ_NE2,_T,_T,Q2,_T,_T,2011-09,2011,16.2345,14.1875,18.5132,1636.85534667969,Bangladesh demographic and health survey 2011. Demographic and Health Surveys. Dhaka  Bangladesh and Calverton  Maryland  USA  NIPORT  Mitra and Associates  and ICF International  2013,wasting (< -2 SD)
BGD,NT_ANT_WHZ_NE2,_T,_T,Q3,R,_T,2011-09,2011,17.5651,15.2327,20.1697,1346.8154296875,Bangladesh demographic and health survey 2011. Demographic and Health Surveys. Dhaka  Bangladesh and Calverton  Maryland  USA  NIPORT  Mitra and Associates  and ICF International  2013,wasting (< -2 SD)
BGD,NT_ANT_WHZ_NE2,_T,_T,Q3,U,_T,2011-09,2011,18.1583,13.2408,24.3887,198.280502319336,Bangladesh demographic and health survey 2011. Demographic and Health Surveys. Dhaka  Bangladesh and Calverton  Maryland  USA  NIPORT  Mitra and Associates  and ICF International  2013,wasting (< -2 SD)
BGD,NT_ANT_WHZ_NE2,_T,_T,Q3,_T,_T,2011-09,2011,17.6412,15.4902,20.0202,1545.09594726562,Bangladesh demographic and health survey 2011. Demographic and Health Surveys. Dhaka  Bangladesh and Calverton  Maryland  USA  NIPORT  Mitra and Associates  and ICF International  2013,wasting (< -2 SD)
BGD,NT_ANT_WHZ_NE2,_T,_T,Q4,R,_T,2011-09,2011,12.8374,10.5039,15.599,1053.46447753906,Bangladesh demographic and health survey 2011. Demographic and Health Surveys. Dhaka  Bangladesh and Calverton  Maryland  USA  NIPORT  Mitra and Associates  and ICF International  2013,wasting (< -2 SD)
BGD,NT_ANT_WHZ_NE2,_T,_T,Q4,U,_T,2011-09,2011,15.3268,11.4816,20.1664,435.102447509766,Bangladesh demographic and health survey 2011. Demographic and Health Surveys. Dhaka  Bangladesh and Calverton  Maryland  USA  NIPORT  Mitra and Associates  and ICF International  2013,wasting (< -2 SD)
BGD,NT_ANT_WHZ_NE2,_T,_T,Q4,_T,_T,2011-09,2011,13.5651,11.5142,15.9155,1488.56689453125,Bangladesh demographic and health survey 2011. Demographic and Health Surveys. Dhaka  Bangladesh and Calverton  Maryland  USA  NIPORT  Mitra and Associates  and ICF International  2013,wasting (< -2 SD)
BGD,NT_ANT_WHZ_NE2,_T,_T,Q5,R,_T,2011-09,2011,12.7113,9.6296,16.5979,514.975769042969,Bangladesh demographic and health survey 2011. Demographic and Health Surveys. Dhaka  Bangladesh and Calverton  Maryland  USA  NIPORT  Mitra and Associates  and ICF International  2013,wasting (< -2 SD)
BGD,NT_ANT_WHZ_NE2,_T,_T,Q5,U,_T,2011-09,2011,12.3917,10.3269,14.8012,851.432922363281,Bangladesh demographic and health survey 2011. Demographic and Health Surveys. Dhaka  Bangladesh and Calverton  Maryland  USA  NIPORT  Mitra and Associates  and ICF International  2013,wasting (< -2 SD)
BGD,NT_ANT_WHZ_NE2,_T,_T,Q5,_T,_T,2011-09,2011,12.5121,10.7301,14.5419,1366.40869140625,Bangladesh demographic and health survey 2011. Demographic and Health Surveys. Dhaka  Bangladesh and Calverton  Maryland  USA  NIPORT  Mitra and Associates  and ICF International  2013,wasting (< -2 SD)
BGD,NT_ANT_WHZ_NE2,_T,_T,R20,R,_T,2011-09,2011,12.7113,9.6296,16.5979,514.975769042969,Bangladesh demographic and health survey 2011. Demographic and Health Surveys. Dhaka  Bangladesh and Calverton  Maryland  USA  NIPORT  Mitra and Associates  and ICF International  2013,wasting (< -2 SD)
BGD,NT_ANT_WHZ_NE2,_T,_T,R20,U,_T,2011-09,2011,12.3917,10.3269,14.8012,851.432922363281,Bangladesh demographic and health survey 2011. Demographic and Health Surveys. Dhaka  Bangladesh and Calverton  Maryland  USA  NIPORT  Mitra and Associates  and ICF International  2013,wasting (< -2 SD)
BGD,NT_ANT_WHZ_NE2,_T,_T,R40,R,_T,2011-09,2011,12.796,10.8628,15.0153,1568.44018554688,Bangladesh demographic and health survey 2011. Demographic and Health Surveys. Dhaka  Bangladesh and Calverton  Maryland  USA  NIPORT  Mitra and Associates  and ICF International  2013,wasting (< -2 SD)
BGD,NT_ANT_WHZ_NE2,_T,_T,R40,U,_T,2011-09,2011,13.3844,11.3372,15.7356,1286.53527832031,Bangladesh demographic and health survey 2011. Demographic and Health Surveys. Dhaka  Bangladesh and Calverton  Maryland  USA  NIPORT  Mitra and Associates  and ICF International  2013,wasting (< -2 SD)
BGD,NT_ANT_WHZ_NE2,_T,_T,R60,R,_T,2011-09,2011,14.9993,13.4473,16.6958,2915.25561523438,Bangladesh demographic and health survey 2011. Demographic and Health Surveys. Dhaka  Bangladesh and Calverton  Maryland  USA  NIPORT  Mitra and Associates  and ICF International  2013,wasting (< -2 SD)
BGD,NT_ANT_WHZ_NE2,_T,_T,R60,U,_T,2011-09,2011,14.0219,12.1689,16.1052,1484.81579589844,Bangladesh demographic and health survey 2011. Demographic and Health Surveys. Dhaka  Bangladesh and Calverton  Maryland  USA  NIPORT  Mitra and Associates  and ICF International  2013,wasting (< -2 SD)
BGD,NT_ANT_WHZ_NE2,_T,_T,R80,R,_T,2011-09,2011,15.3822,14.0784,16.7832,4426.12646484375,Bangladesh demographic and health survey 2011. Demographic and Health Surveys. Dhaka  Bangladesh and Calverton  Maryland  USA  NIPORT  Mitra and Associates  and ICF International  2013,wasting (< -2 SD)
BGD,NT_ANT_WHZ_NE2,_T,_T,R80,U,_T,2011-09,2011,14.3013,12.4274,16.4048,1610.80017089844,Bangladesh demographic and health survey 2011. Demographic and Health Surveys. Dhaka  Bangladesh and Calverton  Maryland  USA  NIPORT  Mitra and Associates  and ICF International  2013,wasting (< -2 SD)
BGD,NT_ANT_WHZ_NE2,_T,_T,_T,R,_T,2011-09,2011,16.0923,14.8585,17.4076,6219.138671875,Bangladesh demographic and health survey 2011. Demographic and Health Surveys. Dhaka  Bangladesh and Calverton  Maryland  USA  NIPORT  Mitra and Associates  and ICF International  2013,wasting (< -2 SD)
BGD,NT_ANT_WHZ_NE2,_T,_T,_T,U,_T,2011-09,2011,14.2266,12.4373,16.2258,1724.43334960938,Bangladesh demographic and health survey 2011. Demographic and Health Surveys. Dhaka  Bangladesh and Calverton  Maryland  USA  NIPORT  Mitra and Associates  and ICF International  2013,wasting (< -2 SD)
BGD,NT_ANT_WHZ_NE2,_T,_T,_T,_T,ISCED11A_01,2011-09,2011,17.7327,15.4419,20.2818,1556.95361328125,Bangladesh demographic and health survey 2011. Demographic and Health Surveys. Dhaka  Bangladesh and Calverton  Maryland  USA  NIPORT  Mitra and Associates  and ICF International  2013,wasting (< -2 SD)
BGD,NT_ANT_WHZ_NE2,_T,_T,_T,_T,AGG_5T8,2011-09,2011,10.7821,8.0505,14.2966,534.411071777344,Bangladesh demographic and health survey 2011. Demographic and Health Surveys. Dhaka  Bangladesh and Calverton  Maryland  USA  NIPORT  Mitra and Associates  and ICF International  2013,wasting (< -2 SD)
BGD,NT_ANT_WHZ_NE2,_T,_T,_T,_T,ISCED11_1,2011-09,2011,18.1482,16.3643,20.0797,2371.05883789062,Bangladesh demographic and health survey 2011. Demographic and Health Surveys. Dhaka  Bangladesh and Calverton  Maryland  USA  NIPORT  Mitra and Associates  and ICF International  2013,wasting (< -2 SD)
BGD,NT_ANT_WHZ_NE2,_T,_T,_T,_T,AGG_2_3,2011-09,2011,13.5669,12.2616,14.9874,3245.28540039062,Bangladesh demographic and health survey 2011. Demographic and Health Surveys. Dhaka  Bangladesh and Calverton  Maryland  USA  NIPORT  Mitra and Associates  and ICF International  2013,wasting (< -2 SD)
BGD,NT_ANT_WHZ_NE2,_T,_T,_T,_T,AGG_3S_H,2011-09,2011,13.1732,11.9939,14.4494,3779.6962890625,Bangladesh demographic and health survey 2011. Demographic and Health Surveys. Dhaka  Bangladesh and Calverton  Maryland  USA  NIPORT  Mitra and Associates  and ICF International  2013,wasting (< -2 SD)
BGD,NT_ANT_WHZ_NE2,_T,_T,_T,_T,AGG_0_1,2011-09,2011,17.9835,16.4538,19.622,3928.01245117188,Bangladesh demographic and health survey 2011. Demographic and Health Surveys. Dhaka  Bangladesh and Calverton  Maryland  USA  NIPORT  Mitra and Associates  and ICF International  2013,wasting (< -2 SD)
BGD,NT_ANT_WHZ_NE2,_T,_T,_T,_T,_T,2011-09,2011,15.6873,14.6401,16.7947,7943.57177734375,Bangladesh demographic and health survey 2011. Demographic and Health Surveys. Dhaka  Bangladesh and Calverton  Maryland  USA  NIPORT  Mitra and Associates  and ICF International  2013,wasting (< -2 SD)
BGD,NT_ANT_WHZ_NE2,_T,_T,_T,_T,_T,2011-12,2011-12,12.0919,,,,Bangladesh Integrated Household Survey 2011-2012. Washington DC  United States  USAID.,wasting (< -2 SD)
BGD,NT_ANT_WHZ_NE2,F,_T,_T,_T,_T,2012,2012,10.92,,,,Bangladesh 2012 Child and Mother Nutrition Survey,wasting (< -2 SD)
BGD,NT_ANT_WHZ_NE2,M,_T,_T,_T,_T,2012,2012,15.7,,,,Bangladesh 2012 Child and Mother Nutrition Survey,wasting (< -2 SD)
BGD,NT_ANT_WHZ_NE2,_T,M0T23,_T,_T,_T,2012,2012,15.5,,,,Bangladesh 2012 Child and Mother Nutrition Survey,wasting (< -2 SD)
BGD,NT_ANT_WHZ_NE2,_T,M0T5,_T,_T,_T,2012,2012,17.4,,,,Bangladesh 2012 Child and Mother Nutrition Survey,wasting (< -2 SD)
BGD,NT_ANT_WHZ_NE2,_T,M12T17,_T,_T,_T,2012,2012,14.1,,,,Bangladesh 2012 Child and Mother Nutrition Survey,wasting (< -2 SD)
BGD,NT_ANT_WHZ_NE2,_T,M18T23,_T,_T,_T,2012,2012,16.1,,,,Bangladesh 2012 Child and Mother Nutrition Survey,wasting (< -2 SD)
BGD,NT_ANT_WHZ_NE2,_T,M24T35,_T,_T,_T,2012,2012,12.7,,,,Bangladesh 2012 Child and Mother Nutrition Survey,wasting (< -2 SD)
BGD,NT_ANT_WHZ_NE2,_T,M24T59,_T,_T,_T,2012,2012,12.1,,,,Bangladesh 2012 Child and Mother Nutrition Survey,wasting (< -2 SD)
BGD,NT_ANT_WHZ_NE2,_T,M36T47,_T,_T,_T,2012,2012,12,,,,Bangladesh 2012 Child and Mother Nutrition Survey,wasting (< -2 SD)
BGD,NT_ANT_WHZ_NE2,_T,M48T59,_T,_T,_T,2012,2012,11.8,,,,Bangladesh 2012 Child and Mother Nutrition Survey,wasting (< -2 SD)
BGD,NT_ANT_WHZ_NE2,_T,M6T11,_T,_T,_T,2012,2012,15.2,,,,Bangladesh 2012 Child and Mother Nutrition Survey,wasting (< -2 SD)
BGD,NT_ANT_WHZ_NE2,_T,_T,Q1,_T,_T,2012,2012,13.6,,,,Bangladesh 2012 Child and Mother Nutrition Survey,wasting (< -2 SD)
BGD,NT_ANT_WHZ_NE2,_T,_T,Q2,_T,_T,2012,2012,14.6,,,,Bangladesh 2012 Child and Mother Nutrition Survey,wasting (< -2 SD)
BGD,NT_ANT_WHZ_NE2,_T,_T,Q3,_T,_T,2012,2012,15,,,,Bangladesh 2012 Child and Mother Nutrition Survey,wasting (< -2 SD)
BGD,NT_ANT_WHZ_NE2,_T,_T,Q4,_T,_T,2012,2012,12.1,,,,Bangladesh 2012 Child and Mother Nutrition Survey,wasting (< -2 SD)
BGD,NT_ANT_WHZ_NE2,_T,_T,Q5,_T,_T,2012,2012,10.7,,,,Bangladesh 2012 Child and Mother Nutrition Survey,wasting (< -2 SD)
BGD,NT_ANT_WHZ_NE2,_T,_T,_T,R,_T,2012,2012,13.58,,,,Bangladesh 2012 Child and Mother Nutrition Survey,wasting (< -2 SD)
BGD,NT_ANT_WHZ_NE2,_T,_T,_T,U,_T,2012,2012,12.62,,,,Bangladesh 2012 Child and Mother Nutrition Survey,wasting (< -2 SD)
BGD,NT_ANT_WHZ_NE2,_T,_T,_T,_T,ISCED11A_01,2012,2012,15.3,,,,Bangladesh 2012 Child and Mother Nutrition Survey,wasting (< -2 SD)
BGD,NT_ANT_WHZ_NE2,_T,_T,_T,_T,AGG_5T8,2012,2012,10.3,,,,Bangladesh 2012 Child and Mother Nutrition Survey,wasting (< -2 SD)
BGD,NT_ANT_WHZ_NE2,_T,_T,_T,_T,ISCED11_1,2012,2012,14.5,,,,Bangladesh 2012 Child and Mother Nutrition Survey,wasting (< -2 SD)
BGD,NT_ANT_WHZ_NE2,_T,_T,_T,_T,AGG_2_3,2012,2012,12.6,,,,Bangladesh 2012 Child and Mother Nutrition Survey,wasting (< -2 SD)
BGD,NT_ANT_WHZ_NE2,_T,_T,_T,_T,_T,2012,2012,13.36,,,,Bangladesh 2012 Child and Mother Nutrition Survey,wasting (< -2 SD)
BGD,NT_ANT_WHZ_NE2,F,_T,_T,_T,_T,2012-07,2012,11,,,,Bangladesh State of Food Security and Nutrition in 2012,wasting (< -2 SD)
BGD,NT_ANT_WHZ_NE2,M,_T,_T,_T,_T,2012-07,2012,11,,,,Bangladesh State of Food Security and Nutrition in 2012,wasting (< -2 SD)
BGD,NT_ANT_WHZ_NE2,_T,_T,_T,_T,_T,2012-07,2012,11,,,,Bangladesh State of Food Security and Nutrition in 2012,wasting (< -2 SD)
BGD,NT_ANT_WHZ_NE2,F,M0T11,_T,_T,_T,2013-02,2012-13,8.9141,7.4662,10.6107,1891.76147460938,Bangladesh 2012-13 multiple indicator cluster survey. Final Report. Dhaka  Bangladesh  Bangladesh Bureau of Statistics and UNICEF Bangladesh  2014.,wasting (< -2 SD)
BGD,NT_ANT_WHZ_NE2,F,M0T23,_T,_T,_T,2013-02,2012-13,9.5939,8.4717,10.847,3774.15405273438,Bangladesh 2012-13 multiple indicator cluster survey. Final Report. Dhaka  Bangladesh  Bangladesh Bureau of Statistics and UNICEF Bangladesh  2014.,wasting (< -2 SD)
BGD,NT_ANT_WHZ_NE2,F,M0T5,_T,_T,_T,2013-02,2012-13,9.0391,6.9449,11.6857,931.163208007812,Bangladesh 2012-13 multiple indicator cluster survey. Final Report. Dhaka  Bangladesh  Bangladesh Bureau of Statistics and UNICEF Bangladesh  2014.,wasting (< -2 SD)
BGD,NT_ANT_WHZ_NE2,F,M12T17,_T,_T,_T,2013-02,2012-13,10.4337,8.4587,12.8054,1119.23779296875,Bangladesh 2012-13 multiple indicator cluster survey. Final Report. Dhaka  Bangladesh  Bangladesh Bureau of Statistics and UNICEF Bangladesh  2014.,wasting (< -2 SD)
BGD,NT_ANT_WHZ_NE2,F,M12T23,_T,_T,_T,2013-02,2012-13,10.277,8.6385,12.1849,1882.39270019531,Bangladesh 2012-13 multiple indicator cluster survey. Final Report. Dhaka  Bangladesh  Bangladesh Bureau of Statistics and UNICEF Bangladesh  2014.,wasting (< -2 SD)
BGD,NT_ANT_WHZ_NE2,F,M18T23,_T,_T,_T,2013-02,2012-13,10.0472,7.4005,13.5023,763.154968261719,Bangladesh 2012-13 multiple indicator cluster survey. Final Report. Dhaka  Bangladesh  Bangladesh Bureau of Statistics and UNICEF Bangladesh  2014.,wasting (< -2 SD)
BGD,NT_ANT_WHZ_NE2,F,M24T29,_T,_T,_T,2013-02,2012-13,9.2465,6.5778,12.8491,950.980834960938,Bangladesh 2012-13 multiple indicator cluster survey. Final Report. Dhaka  Bangladesh  Bangladesh Bureau of Statistics and UNICEF Bangladesh  2014.,wasting (< -2 SD)
BGD,NT_ANT_WHZ_NE2,F,M24T35,_T,_T,_T,2013-02,2012-13,9.3474,7.5046,11.586,1882.20251464844,Bangladesh 2012-13 multiple indicator cluster survey. Final Report. Dhaka  Bangladesh  Bangladesh Bureau of Statistics and UNICEF Bangladesh  2014.,wasting (< -2 SD)
BGD,NT_ANT_WHZ_NE2,F,M24T59,_T,_T,_T,2013-02,2012-13,8.3112,7.4068,9.315,5731.4345703125,Bangladesh 2012-13 multiple indicator cluster survey. Final Report. Dhaka  Bangladesh  Bangladesh Bureau of Statistics and UNICEF Bangladesh  2014.,wasting (< -2 SD)
BGD,NT_ANT_WHZ_NE2,F,M30T35,_T,_T,_T,2013-02,2012-13,9.4504,7.3965,12.0007,931.2216796875,Bangladesh 2012-13 multiple indicator cluster survey. Final Report. Dhaka  Bangladesh  Bangladesh Bureau of Statistics and UNICEF Bangladesh  2014.,wasting (< -2 SD)
BGD,NT_ANT_WHZ_NE2,F,M36T41,_T,_T,_T,2013-02,2012-13,6.9207,5.2616,9.0529,994.281433105469,Bangladesh 2012-13 multiple indicator cluster survey. Final Report. Dhaka  Bangladesh  Bangladesh Bureau of Statistics and UNICEF Bangladesh  2014.,wasting (< -2 SD)
BGD,NT_ANT_WHZ_NE2,F,M36T47,_T,_T,_T,2013-02,2012-13,6.9328,5.6537,8.4753,1897.05236816406,Bangladesh 2012-13 multiple indicator cluster survey. Final Report. Dhaka  Bangladesh  Bangladesh Bureau of Statistics and UNICEF Bangladesh  2014.,wasting (< -2 SD)
BGD,NT_ANT_WHZ_NE2,F,M42T47,_T,_T,_T,2013-02,2012-13,6.9462,5.1004,9.394,902.77099609375,Bangladesh 2012-13 multiple indicator cluster survey. Final Report. Dhaka  Bangladesh  Bangladesh Bureau of Statistics and UNICEF Bangladesh  2014.,wasting (< -2 SD)
BGD,NT_ANT_WHZ_NE2,F,M48T53,_T,_T,_T,2013-02,2012-13,8.0565,6.3174,10.222,920.381286621094,Bangladesh 2012-13 multiple indicator cluster survey. Final Report. Dhaka  Bangladesh  Bangladesh Bureau of Statistics and UNICEF Bangladesh  2014.,wasting (< -2 SD)
BGD,NT_ANT_WHZ_NE2,F,M48T59,_T,_T,_T,2013-02,2012-13,8.6517,7.2119,10.3469,1952.17956542969,Bangladesh 2012-13 multiple indicator cluster survey. Final Report. Dhaka  Bangladesh  Bangladesh Bureau of Statistics and UNICEF Bangladesh  2014.,wasting (< -2 SD)
BGD,NT_ANT_WHZ_NE2,F,M54T59,_T,_T,_T,2013-02,2012-13,9.1827,7.0314,11.9079,1031.79833984375,Bangladesh 2012-13 multiple indicator cluster survey. Final Report. Dhaka  Bangladesh  Bangladesh Bureau of Statistics and UNICEF Bangladesh  2014.,wasting (< -2 SD)
BGD,NT_ANT_WHZ_NE2,F,M6T11,_T,_T,_T,2013-02,2012-13,8.793,6.8687,11.1914,960.598266601562,Bangladesh 2012-13 multiple indicator cluster survey. Final Report. Dhaka  Bangladesh  Bangladesh Bureau of Statistics and UNICEF Bangladesh  2014.,wasting (< -2 SD)
BGD,NT_ANT_WHZ_NE2,F,_T,_T,_T,_T,2013-02,2012-13,8.8208,8.0965,9.6032,9593.076171875,Bangladesh 2012-13 multiple indicator cluster survey. Final Report. Dhaka  Bangladesh  Bangladesh Bureau of Statistics and UNICEF Bangladesh  2014.,wasting (< -2 SD)
BGD,NT_ANT_WHZ_NE2,M,M0T11,_T,_T,_T,2013-02,2012-13,11.1896,9.5067,13.1272,1858.15417480469,Bangladesh 2012-13 multiple indicator cluster survey. Final Report. Dhaka  Bangladesh  Bangladesh Bureau of Statistics and UNICEF Bangladesh  2014.,wasting (< -2 SD)
BGD,NT_ANT_WHZ_NE2,M,M0T23,_T,_T,_T,2013-02,2012-13,13.1538,11.8524,14.5744,3883.10180664062,Bangladesh 2012-13 multiple indicator cluster survey. Final Report. Dhaka  Bangladesh  Bangladesh Bureau of Statistics and UNICEF Bangladesh  2014.,wasting (< -2 SD)
BGD,NT_ANT_WHZ_NE2,M,M0T5,_T,_T,_T,2013-02,2012-13,11.0399,8.6955,13.9201,891.031188964844,Bangladesh 2012-13 multiple indicator cluster survey. Final Report. Dhaka  Bangladesh  Bangladesh Bureau of Statistics and UNICEF Bangladesh  2014.,wasting (< -2 SD)
BGD,NT_ANT_WHZ_NE2,M,M12T17,_T,_T,_T,2013-02,2012-13,15.6645,13.0647,18.6705,1092.68713378906,Bangladesh 2012-13 multiple indicator cluster survey. Final Report. Dhaka  Bangladesh  Bangladesh Bureau of Statistics and UNICEF Bangladesh  2014.,wasting (< -2 SD)
BGD,NT_ANT_WHZ_NE2,M,M12T23,_T,_T,_T,2013-02,2012-13,14.9562,12.9845,17.1682,2024.94775390625,Bangladesh 2012-13 multiple indicator cluster survey. Final Report. Dhaka  Bangladesh  Bangladesh Bureau of Statistics and UNICEF Bangladesh  2014.,wasting (< -2 SD)
BGD,NT_ANT_WHZ_NE2,M,M18T23,_T,_T,_T,2013-02,2012-13,14.1259,11.2927,17.5295,932.260620117188,Bangladesh 2012-13 multiple indicator cluster survey. Final Report. Dhaka  Bangladesh  Bangladesh Bureau of Statistics and UNICEF Bangladesh  2014.,wasting (< -2 SD)
BGD,NT_ANT_WHZ_NE2,M,M24T29,_T,_T,_T,2013-02,2012-13,10.5606,8.6312,12.8607,1057.95788574219,Bangladesh 2012-13 multiple indicator cluster survey. Final Report. Dhaka  Bangladesh  Bangladesh Bureau of Statistics and UNICEF Bangladesh  2014.,wasting (< -2 SD)
BGD,NT_ANT_WHZ_NE2,M,M24T35,_T,_T,_T,2013-02,2012-13,9.15,7.7625,10.7567,1950.63012695312,Bangladesh 2012-13 multiple indicator cluster survey. Final Report. Dhaka  Bangladesh  Bangladesh Bureau of Statistics and UNICEF Bangladesh  2014.,wasting (< -2 SD)
BGD,NT_ANT_WHZ_NE2,M,M24T59,_T,_T,_T,2013-02,2012-13,8.8226,7.9927,9.7296,6078.36181640625,Bangladesh 2012-13 multiple indicator cluster survey. Final Report. Dhaka  Bangladesh  Bangladesh Bureau of Statistics and UNICEF Bangladesh  2014.,wasting (< -2 SD)
BGD,NT_ANT_WHZ_NE2,M,M30T35,_T,_T,_T,2013-02,2012-13,7.4782,5.5689,9.973,892.672302246094,Bangladesh 2012-13 multiple indicator cluster survey. Final Report. Dhaka  Bangladesh  Bangladesh Bureau of Statistics and UNICEF Bangladesh  2014.,wasting (< -2 SD)
BGD,NT_ANT_WHZ_NE2,M,M36T41,_T,_T,_T,2013-02,2012-13,8.7463,6.762,11.2428,1046.2890625,Bangladesh 2012-13 multiple indicator cluster survey. Final Report. Dhaka  Bangladesh  Bangladesh Bureau of Statistics and UNICEF Bangladesh  2014.,wasting (< -2 SD)
BGD,NT_ANT_WHZ_NE2,M,M36T47,_T,_T,_T,2013-02,2012-13,8.3279,6.9205,9.9908,2095.31274414062,Bangladesh 2012-13 multiple indicator cluster survey. Final Report. Dhaka  Bangladesh  Bangladesh Bureau of Statistics and UNICEF Bangladesh  2014.,wasting (< -2 SD)
BGD,NT_ANT_WHZ_NE2,M,M42T47,_T,_T,_T,2013-02,2012-13,7.9105,6.0845,10.2249,1049.02380371094,Bangladesh 2012-13 multiple indicator cluster survey. Final Report. Dhaka  Bangladesh  Bangladesh Bureau of Statistics and UNICEF Bangladesh  2014.,wasting (< -2 SD)
BGD,NT_ANT_WHZ_NE2,M,M48T53,_T,_T,_T,2013-02,2012-13,7.8002,6.1734,9.8108,1023.86218261719,Bangladesh 2012-13 multiple indicator cluster survey. Final Report. Dhaka  Bangladesh  Bangladesh Bureau of Statistics and UNICEF Bangladesh  2014.,wasting (< -2 SD)
BGD,NT_ANT_WHZ_NE2,M,M48T59,_T,_T,_T,2013-02,2012-13,9.0184,7.6817,10.5611,2032.41882324219,Bangladesh 2012-13 multiple indicator cluster survey. Final Report. Dhaka  Bangladesh  Bangladesh Bureau of Statistics and UNICEF Bangladesh  2014.,wasting (< -2 SD)
BGD,NT_ANT_WHZ_NE2,M,M54T59,_T,_T,_T,2013-02,2012-13,10.2552,8.2435,12.69,1008.55657958984,Bangladesh 2012-13 multiple indicator cluster survey. Final Report. Dhaka  Bangladesh  Bangladesh Bureau of Statistics and UNICEF Bangladesh  2014.,wasting (< -2 SD)
BGD,NT_ANT_WHZ_NE2,M,M6T11,_T,_T,_T,2013-02,2012-13,11.3275,9.0626,14.0707,967.123046875,Bangladesh 2012-13 multiple indicator cluster survey. Final Report. Dhaka  Bangladesh  Bangladesh Bureau of Statistics and UNICEF Bangladesh  2014.,wasting (< -2 SD)
BGD,NT_ANT_WHZ_NE2,M,_T,_T,_T,_T,2013-02,2012-13,10.4363,9.6673,11.2588,10046.58984375,Bangladesh 2012-13 multiple indicator cluster survey. Final Report. Dhaka  Bangladesh  Bangladesh Bureau of Statistics and UNICEF Bangladesh  2014.,wasting (< -2 SD)
BGD,NT_ANT_WHZ_NE2,_T,M0T11,_T,_T,_T,2013-02,2012-13,10.0417,8.9435,11.2579,3749.91552734375,Bangladesh 2012-13 multiple indicator cluster survey. Final Report. Dhaka  Bangladesh  Bangladesh Bureau of Statistics and UNICEF Bangladesh  2014.,wasting (< -2 SD)
BGD,NT_ANT_WHZ_NE2,_T,M0T23,_T,_T,_T,2013-02,2012-13,11.3991,10.4976,12.3675,7657.255859375,Bangladesh 2012-13 multiple indicator cluster survey. Final Report. Dhaka  Bangladesh  Bangladesh Bureau of Statistics and UNICEF Bangladesh  2014.,wasting (< -2 SD)
BGD,NT_ANT_WHZ_NE2,_T,M0T5,_T,_T,_T,2013-02,2012-13,10.0175,8.4593,11.8256,1822.1943359375,Bangladesh 2012-13 multiple indicator cluster survey. Final Report. Dhaka  Bangladesh  Bangladesh Bureau of Statistics and UNICEF Bangladesh  2014.,wasting (< -2 SD)
BGD,NT_ANT_WHZ_NE2,_T,M12T17,_T,_T,_T,2013-02,2012-13,13.0177,11.3414,14.9002,2211.9248046875,Bangladesh 2012-13 multiple indicator cluster survey. Final Report. Dhaka  Bangladesh  Bangladesh Bureau of Statistics and UNICEF Bangladesh  2014.,wasting (< -2 SD)
BGD,NT_ANT_WHZ_NE2,_T,M12T23,_T,_T,_T,2013-02,2012-13,12.7019,11.3791,14.1541,3907.34033203125,Bangladesh 2012-13 multiple indicator cluster survey. Final Report. Dhaka  Bangladesh  Bangladesh Bureau of Statistics and UNICEF Bangladesh  2014.,wasting (< -2 SD)
BGD,NT_ANT_WHZ_NE2,_T,M18T23,_T,_T,_T,2013-02,2012-13,12.29,10.2475,14.673,1695.41552734375,Bangladesh 2012-13 multiple indicator cluster survey. Final Report. Dhaka  Bangladesh  Bangladesh Bureau of Statistics and UNICEF Bangladesh  2014.,wasting (< -2 SD)
BGD,NT_ANT_WHZ_NE2,_T,M24T29,_T,_T,_T,2013-02,2012-13,9.9386,8.2619,11.9113,2008.93859863281,Bangladesh 2012-13 multiple indicator cluster survey. Final Report. Dhaka  Bangladesh  Bangladesh Bureau of Statistics and UNICEF Bangladesh  2014.,wasting (< -2 SD)
BGD,NT_ANT_WHZ_NE2,_T,M24T35,_T,_T,_T,2013-02,2012-13,9.2469,8.0461,10.6063,3832.83276367188,Bangladesh 2012-13 multiple indicator cluster survey. Final Report. Dhaka  Bangladesh  Bangladesh Bureau of Statistics and UNICEF Bangladesh  2014.,wasting (< -2 SD)
BGD,NT_ANT_WHZ_NE2,_T,M24T59,_T,_T,_T,2013-02,2012-13,8.5744,7.9505,9.2425,11809.7958984375,Bangladesh 2012-13 multiple indicator cluster survey. Final Report. Dhaka  Bangladesh  Bangladesh Bureau of Statistics and UNICEF Bangladesh  2014.,wasting (< -2 SD)
BGD,NT_ANT_WHZ_NE2,_T,M30T35,_T,_T,_T,2013-02,2012-13,8.4851,7.0545,10.1742,1823.89404296875,Bangladesh 2012-13 multiple indicator cluster survey. Final Report. Dhaka  Bangladesh  Bangladesh Bureau of Statistics and UNICEF Bangladesh  2014.,wasting (< -2 SD)
BGD,NT_ANT_WHZ_NE2,_T,M36T41,_T,_T,_T,2013-02,2012-13,7.8568,6.5043,9.4621,2040.57043457031,Bangladesh 2012-13 multiple indicator cluster survey. Final Report. Dhaka  Bangladesh  Bangladesh Bureau of Statistics and UNICEF Bangladesh  2014.,wasting (< -2 SD)
BGD,NT_ANT_WHZ_NE2,_T,M36T47,_T,_T,_T,2013-02,2012-13,7.665,6.6669,8.7985,3992.365234375,Bangladesh 2012-13 multiple indicator cluster survey. Final Report. Dhaka  Bangladesh  Bangladesh Bureau of Statistics and UNICEF Bangladesh  2014.,wasting (< -2 SD)
BGD,NT_ANT_WHZ_NE2,_T,M42T47,_T,_T,_T,2013-02,2012-13,7.4645,6.0922,9.1159,1951.79479980469,Bangladesh 2012-13 multiple indicator cluster survey. Final Report. Dhaka  Bangladesh  Bangladesh Bureau of Statistics and UNICEF Bangladesh  2014.,wasting (< -2 SD)
BGD,NT_ANT_WHZ_NE2,_T,M48T53,_T,_T,_T,2013-02,2012-13,7.9215,6.7007,9.3424,1944.24353027344,Bangladesh 2012-13 multiple indicator cluster survey. Final Report. Dhaka  Bangladesh  Bangladesh Bureau of Statistics and UNICEF Bangladesh  2014.,wasting (< -2 SD)
BGD,NT_ANT_WHZ_NE2,_T,M48T59,_T,_T,_T,2013-02,2012-13,8.8388,7.8421,9.9484,3984.59838867188,Bangladesh 2012-13 multiple indicator cluster survey. Final Report. Dhaka  Bangladesh  Bangladesh Bureau of Statistics and UNICEF Bangladesh  2014.,wasting (< -2 SD)
BGD,NT_ANT_WHZ_NE2,_T,M54T59,_T,_T,_T,2013-02,2012-13,9.7128,8.1964,11.4748,2040.35485839844,Bangladesh 2012-13 multiple indicator cluster survey. Final Report. Dhaka  Bangladesh  Bangladesh Bureau of Statistics and UNICEF Bangladesh  2014.,wasting (< -2 SD)
BGD,NT_ANT_WHZ_NE2,_T,M6T11,_T,_T,_T,2013-02,2012-13,10.0645,8.5292,11.8404,1927.72131347656,Bangladesh 2012-13 multiple indicator cluster survey. Final Report. Dhaka  Bangladesh  Bangladesh Bureau of Statistics and UNICEF Bangladesh  2014.,wasting (< -2 SD)
BGD,NT_ANT_WHZ_NE2,_T,_T,B20,R,_T,2013-02,2012-13,11.3096,10.3361,12.3622,4397.69384765625,Bangladesh 2012-13 multiple indicator cluster survey. Final Report. Dhaka  Bangladesh  Bangladesh Bureau of Statistics and UNICEF Bangladesh  2014.,wasting (< -2 SD)
BGD,NT_ANT_WHZ_NE2,_T,_T,B20,U,_T,2013-02,2012-13,14.8392,9.6539,22.1273,405.405853271484,Bangladesh 2012-13 multiple indicator cluster survey. Final Report. Dhaka  Bangladesh  Bangladesh Bureau of Statistics and UNICEF Bangladesh  2014.,wasting (< -2 SD)
BGD,NT_ANT_WHZ_NE2,_T,_T,B40,R,_T,2013-02,2012-13,11.1776,10.4233,11.9791,8052.14453125,Bangladesh 2012-13 multiple indicator cluster survey. Final Report. Dhaka  Bangladesh  Bangladesh Bureau of Statistics and UNICEF Bangladesh  2014.,wasting (< -2 SD)
BGD,NT_ANT_WHZ_NE2,_T,_T,B40,U,_T,2013-02,2012-13,13.9792,9.5806,19.9515,765.61181640625,Bangladesh 2012-13 multiple indicator cluster survey. Final Report. Dhaka  Bangladesh  Bangladesh Bureau of Statistics and UNICEF Bangladesh  2014.,wasting (< -2 SD)
BGD,NT_ANT_WHZ_NE2,_T,_T,B60,R,_T,2013-02,2012-13,10.7621,10.1205,11.4392,11253.22265625,Bangladesh 2012-13 multiple indicator cluster survey. Final Report. Dhaka  Bangladesh  Bangladesh Bureau of Statistics and UNICEF Bangladesh  2014.,wasting (< -2 SD)
BGD,NT_ANT_WHZ_NE2,_T,_T,B60,U,_T,2013-02,2012-13,11.7576,8.8757,15.417,1237.58215332031,Bangladesh 2012-13 multiple indicator cluster survey. Final Report. Dhaka  Bangladesh  Bangladesh Bureau of Statistics and UNICEF Bangladesh  2014.,wasting (< -2 SD)
BGD,NT_ANT_WHZ_NE2,_T,_T,B80,R,_T,2013-02,2012-13,10.199,9.598,10.833,13924.0302734375,Bangladesh 2012-13 multiple indicator cluster survey. Final Report. Dhaka  Bangladesh  Bangladesh Bureau of Statistics and UNICEF Bangladesh  2014.,wasting (< -2 SD)
BGD,NT_ANT_WHZ_NE2,_T,_T,B80,U,_T,2013-02,2012-13,11.2722,9.2682,13.6443,2103.142578125,Bangladesh 2012-13 multiple indicator cluster survey. Final Report. Dhaka  Bangladesh  Bangladesh Bureau of Statistics and UNICEF Bangladesh  2014.,wasting (< -2 SD)
BGD,NT_ANT_WHZ_NE2,_T,_T,Q1,R,_T,2013-02,2012-13,11.3096,10.3361,12.3622,4397.69384765625,Bangladesh 2012-13 multiple indicator cluster survey. Final Report. Dhaka  Bangladesh  Bangladesh Bureau of Statistics and UNICEF Bangladesh  2014.,wasting (< -2 SD)
BGD,NT_ANT_WHZ_NE2,_T,_T,Q1,U,_T,2013-02,2012-13,14.8392,9.6539,22.1273,405.405853271484,Bangladesh 2012-13 multiple indicator cluster survey. Final Report. Dhaka  Bangladesh  Bangladesh Bureau of Statistics and UNICEF Bangladesh  2014.,wasting (< -2 SD)
BGD,NT_ANT_WHZ_NE2,_T,_T,Q1,_T,_T,2013-02,2012-13,11.6075,10.5786,12.7223,4803.099609375,Bangladesh 2012-13 multiple indicator cluster survey. Final Report. Dhaka  Bangladesh  Bangladesh Bureau of Statistics and UNICEF Bangladesh  2014.,wasting (< -2 SD)
BGD,NT_ANT_WHZ_NE2,_T,_T,Q2,R,_T,2013-02,2012-13,11.0188,9.9276,12.2136,3654.45092773438,Bangladesh 2012-13 multiple indicator cluster survey. Final Report. Dhaka  Bangladesh  Bangladesh Bureau of Statistics and UNICEF Bangladesh  2014.,wasting (< -2 SD)
BGD,NT_ANT_WHZ_NE2,_T,_T,Q2,U,_T,2013-02,2012-13,13.0112,8.2626,19.8972,360.205993652344,Bangladesh 2012-13 multiple indicator cluster survey. Final Report. Dhaka  Bangladesh  Bangladesh Bureau of Statistics and UNICEF Bangladesh  2014.,wasting (< -2 SD)
BGD,NT_ANT_WHZ_NE2,_T,_T,Q2,_T,_T,2013-02,2012-13,11.1975,10.0859,12.4148,4014.65673828125,Bangladesh 2012-13 multiple indicator cluster survey. Final Report. Dhaka  Bangladesh  Bangladesh Bureau of Statistics and UNICEF Bangladesh  2014.,wasting (< -2 SD)
BGD,NT_ANT_WHZ_NE2,_T,_T,Q3,R,_T,2013-02,2012-13,9.717,8.5568,11.0156,3201.07788085938,Bangladesh 2012-13 multiple indicator cluster survey. Final Report. Dhaka  Bangladesh  Bangladesh Bureau of Statistics and UNICEF Bangladesh  2014.,wasting (< -2 SD)
BGD,NT_ANT_WHZ_NE2,_T,_T,Q3,U,_T,2013-02,2012-13,8.154,5.5559,11.815,471.970336914062,Bangladesh 2012-13 multiple indicator cluster survey. Final Report. Dhaka  Bangladesh  Bangladesh Bureau of Statistics and UNICEF Bangladesh  2014.,wasting (< -2 SD)
BGD,NT_ANT_WHZ_NE2,_T,_T,Q3,_T,_T,2013-02,2012-13,9.5162,8.4336,10.7214,3673.04809570312,Bangladesh 2012-13 multiple indicator cluster survey. Final Report. Dhaka  Bangladesh  Bangladesh Bureau of Statistics and UNICEF Bangladesh  2014.,wasting (< -2 SD)
BGD,NT_ANT_WHZ_NE2,_T,_T,Q4,R,_T,2013-02,2012-13,7.8261,6.6288,9.2184,2670.80712890625,Bangladesh 2012-13 multiple indicator cluster survey. Final Report. Dhaka  Bangladesh  Bangladesh Bureau of Statistics and UNICEF Bangladesh  2014.,wasting (< -2 SD)
BGD,NT_ANT_WHZ_NE2,_T,_T,Q4,U,_T,2013-02,2012-13,10.578,7.9465,13.949,865.560363769531,Bangladesh 2012-13 multiple indicator cluster survey. Final Report. Dhaka  Bangladesh  Bangladesh Bureau of Statistics and UNICEF Bangladesh  2014.,wasting (< -2 SD)
BGD,NT_ANT_WHZ_NE2,_T,_T,Q4,_T,_T,2013-02,2012-13,8.4997,7.3525,9.807,3536.36767578125,Bangladesh 2012-13 multiple indicator cluster survey. Final Report. Dhaka  Bangladesh  Bangladesh Bureau of Statistics and UNICEF Bangladesh  2014.,wasting (< -2 SD)
BGD,NT_ANT_WHZ_NE2,_T,_T,Q5,R,_T,2013-02,2012-13,6.4066,5.0468,8.1016,1702.84765625,Bangladesh 2012-13 multiple indicator cluster survey. Final Report. Dhaka  Bangladesh  Bangladesh Bureau of Statistics and UNICEF Bangladesh  2014.,wasting (< -2 SD)
BGD,NT_ANT_WHZ_NE2,_T,_T,Q5,U,_T,2013-02,2012-13,6.724,4.8411,9.268,1909.64611816406,Bangladesh 2012-13 multiple indicator cluster survey. Final Report. Dhaka  Bangladesh  Bangladesh Bureau of Statistics and UNICEF Bangladesh  2014.,wasting (< -2 SD)
BGD,NT_ANT_WHZ_NE2,_T,_T,Q5,_T,_T,2013-02,2012-13,6.5744,5.3383,8.0724,3612.49389648438,Bangladesh 2012-13 multiple indicator cluster survey. Final Report. Dhaka  Bangladesh  Bangladesh Bureau of Statistics and UNICEF Bangladesh  2014.,wasting (< -2 SD)
BGD,NT_ANT_WHZ_NE2,_T,_T,R20,R,_T,2013-02,2012-13,6.4066,5.0468,8.1016,1702.84765625,Bangladesh 2012-13 multiple indicator cluster survey. Final Report. Dhaka  Bangladesh  Bangladesh Bureau of Statistics and UNICEF Bangladesh  2014.,wasting (< -2 SD)
BGD,NT_ANT_WHZ_NE2,_T,_T,R20,U,_T,2013-02,2012-13,6.724,4.8411,9.268,1909.64611816406,Bangladesh 2012-13 multiple indicator cluster survey. Final Report. Dhaka  Bangladesh  Bangladesh Bureau of Statistics and UNICEF Bangladesh  2014.,wasting (< -2 SD)
BGD,NT_ANT_WHZ_NE2,_T,_T,R40,R,_T,2013-02,2012-13,7.2735,6.3219,8.3555,4373.65478515625,Bangladesh 2012-13 multiple indicator cluster survey. Final Report. Dhaka  Bangladesh  Bangladesh Bureau of Statistics and UNICEF Bangladesh  2014.,wasting (< -2 SD)
BGD,NT_ANT_WHZ_NE2,_T,_T,R40,U,_T,2013-02,2012-13,7.9261,6.3173,9.9012,2775.20654296875,Bangladesh 2012-13 multiple indicator cluster survey. Final Report. Dhaka  Bangladesh  Bangladesh Bureau of Statistics and UNICEF Bangladesh  2014.,wasting (< -2 SD)
BGD,NT_ANT_WHZ_NE2,_T,_T,R60,R,_T,2013-02,2012-13,8.3061,7.512,9.1758,7574.73291015625,Bangladesh 2012-13 multiple indicator cluster survey. Final Report. Dhaka  Bangladesh  Bangladesh Bureau of Statistics and UNICEF Bangladesh  2014.,wasting (< -2 SD)
BGD,NT_ANT_WHZ_NE2,_T,_T,R60,U,_T,2013-02,2012-13,7.9592,6.5237,9.6778,3247.17700195312,Bangladesh 2012-13 multiple indicator cluster survey. Final Report. Dhaka  Bangladesh  Bangladesh Bureau of Statistics and UNICEF Bangladesh  2014.,wasting (< -2 SD)
BGD,NT_ANT_WHZ_NE2,_T,_T,R80,R,_T,2013-02,2012-13,9.1889,8.5068,9.9198,11229.18359375,Bangladesh 2012-13 multiple indicator cluster survey. Final Report. Dhaka  Bangladesh  Bangladesh Bureau of Statistics and UNICEF Bangladesh  2014.,wasting (< -2 SD)
BGD,NT_ANT_WHZ_NE2,_T,_T,R80,U,_T,2013-02,2012-13,8.4637,7.0781,10.0909,3607.3828125,Bangladesh 2012-13 multiple indicator cluster survey. Final Report. Dhaka  Bangladesh  Bangladesh Bureau of Statistics and UNICEF Bangladesh  2014.,wasting (< -2 SD)
BGD,NT_ANT_WHZ_NE2,_T,_T,_T,R,_T,2013-02,2012-13,9.7857,9.2173,10.3852,15626.8779296875,Bangladesh 2012-13 multiple indicator cluster survey. Final Report. Dhaka  Bangladesh  Bangladesh Bureau of Statistics and UNICEF Bangladesh  2014.,wasting (< -2 SD)
BGD,NT_ANT_WHZ_NE2,_T,_T,_T,U,_T,2013-02,2012-13,9.1078,7.6422,10.8214,4012.78881835938,Bangladesh 2012-13 multiple indicator cluster survey. Final Report. Dhaka  Bangladesh  Bangladesh Bureau of Statistics and UNICEF Bangladesh  2014.,wasting (< -2 SD)
BGD,NT_ANT_WHZ_NE2,_T,_T,_T,_T,ISCED11A_01,2013-02,2012-13,11.1709,10.0822,12.3611,4388.61962890625,Bangladesh 2012-13 multiple indicator cluster survey. Final Report. Dhaka  Bangladesh  Bangladesh Bureau of Statistics and UNICEF Bangladesh  2014.,wasting (< -2 SD)
BGD,NT_ANT_WHZ_NE2,_T,_T,_T,_T,ISCED11_1,2013-02,2012-13,10.2511,9.2019,11.4048,5843.7275390625,Bangladesh 2012-13 multiple indicator cluster survey. Final Report. Dhaka  Bangladesh  Bangladesh Bureau of Statistics and UNICEF Bangladesh  2014.,wasting (< -2 SD)
BGD,NT_ANT_WHZ_NE2,_T,_T,_T,_T,AGG_3S_H,2013-02,2012-13,8.5612,7.8432,9.3383,9407.3193359375,Bangladesh 2012-13 multiple indicator cluster survey. Final Report. Dhaka  Bangladesh  Bangladesh Bureau of Statistics and UNICEF Bangladesh  2014.,wasting (< -2 SD)
BGD,NT_ANT_WHZ_NE2,_T,_T,_T,_T,AGG_0_1,2013-02,2012-13,10.6456,9.8499,11.4974,10232.3466796875,Bangladesh 2012-13 multiple indicator cluster survey. Final Report. Dhaka  Bangladesh  Bangladesh Bureau of Statistics and UNICEF Bangladesh  2014.,wasting (< -2 SD)
BGD,NT_ANT_WHZ_NE2,_T,_T,_T,_T,_T,2013-02,2012-13,9.6472,9.0959,10.2282,19639.666015625,Bangladesh 2012-13 multiple indicator cluster survey. Final Report. Dhaka  Bangladesh  Bangladesh Bureau of Statistics and UNICEF Bangladesh  2014.,wasting (< -2 SD)
BGD,NT_ANT_WHZ_NE2,F,_T,_T,_T,_T,2013-06,2013,18,,,1961,Utilization of Essential Service Delivery (UESD) Survey 2013. Dhaka  National Institute of Population Research and Training (NIPORT)  2014.,wasting (< -2 SD)
BGD,NT_ANT_WHZ_NE2,M,_T,_T,_T,_T,2013-06,2013,18.2,,,2068,Utilization of Essential Service Delivery (UESD) Survey 2013. Dhaka  National Institute of Population Research and Training (NIPORT)  2014.,wasting (< -2 SD)
BGD,NT_ANT_WHZ_NE2,_T,M0T11,_T,_T,_T,2013-06,2013,15.8,,,729,Utilization of Essential Service Delivery (UESD) Survey 2013. Dhaka  National Institute of Population Research and Training (NIPORT)  2014.,wasting (< -2 SD)
BGD,NT_ANT_WHZ_NE2,_T,M12T23,_T,_T,_T,2013-06,2013,14.4,,,827,Utilization of Essential Service Delivery (UESD) Survey 2013. Dhaka  National Institute of Population Research and Training (NIPORT)  2014.,wasting (< -2 SD)
BGD,NT_ANT_WHZ_NE2,_T,M24T59,_T,_T,_T,2013-06,2013,20,,,2473,Utilization of Essential Service Delivery (UESD) Survey 2013. Dhaka  National Institute of Population Research and Training (NIPORT)  2014.,wasting (< -2 SD)
BGD,NT_ANT_WHZ_NE2,_T,_T,Q1,_T,_T,2013-06,2013,21.1,,,762,Utilization of Essential Service Delivery (UESD) Survey 2013. Dhaka  National Institute of Population Research and Training (NIPORT)  2014.,wasting (< -2 SD)
BGD,NT_ANT_WHZ_NE2,_T,_T,Q2,_T,_T,2013-06,2013,17.5,,,760,Utilization of Essential Service Delivery (UESD) Survey 2013. Dhaka  National Institute of Population Research and Training (NIPORT)  2014.,wasting (< -2 SD)
BGD,NT_ANT_WHZ_NE2,_T,_T,Q3,_T,_T,2013-06,2013,18.8,,,789,Utilization of Essential Service Delivery (UESD) Survey 2013. Dhaka  National Institute of Population Research and Training (NIPORT)  2014.,wasting (< -2 SD)
BGD,NT_ANT_WHZ_NE2,_T,_T,Q4,_T,_T,2013-06,2013,17.9,,,887,Utilization of Essential Service Delivery (UESD) Survey 2013. Dhaka  National Institute of Population Research and Training (NIPORT)  2014.,wasting (< -2 SD)
BGD,NT_ANT_WHZ_NE2,_T,_T,Q5,_T,_T,2013-06,2013,15.4,,,831,Utilization of Essential Service Delivery (UESD) Survey 2013. Dhaka  National Institute of Population Research and Training (NIPORT)  2014.,wasting (< -2 SD)
BGD,NT_ANT_WHZ_NE2,_T,_T,_T,R,_T,2013-06,2013,18.6,,,2996,Utilization of Essential Service Delivery (UESD) Survey 2013. Dhaka  National Institute of Population Research and Training (NIPORT)  2014.,wasting (< -2 SD)
BGD,NT_ANT_WHZ_NE2,_T,_T,_T,U,_T,2013-06,2013,16.7,,,1033,Utilization of Essential Service Delivery (UESD) Survey 2013. Dhaka  National Institute of Population Research and Training (NIPORT)  2014.,wasting (< -2 SD)
BGD,NT_ANT_WHZ_NE2,_T,_T,_T,_T,_T,2013-06,2013,18.1,,,4029,Utilization of Essential Service Delivery (UESD) Survey 2013. Dhaka  National Institute of Population Research and Training (NIPORT)  2014.,wasting (< -2 SD)
BGD,NT_ANT_WHZ_NE2,F,_T,_T,_T,_T,2013-07,2013,11,,,,State of Food security and nutrition in Bangladesh 2013,wasting (< -2 SD)
BGD,NT_ANT_WHZ_NE2,M,_T,_T,_T,_T,2013-07,2013,11,,,,State of Food security and nutrition in Bangladesh 2013,wasting (< -2 SD)
BGD,NT_ANT_WHZ_NE2,_T,_T,_T,_T,_T,2013-07,2013,11,,,,State of Food security and nutrition in Bangladesh 2013,wasting (< -2 SD)
BGD,NT_ANT_WHZ_NE2,F,_T,_T,_T,_T,2014-07,2014,11,,,,State of food security and nutrition in Bangladesh  2014,wasting (< -2 SD)
BGD,NT_ANT_WHZ_NE2,M,_T,_T,_T,_T,2014-07,2014,11,,,,State of food security and nutrition in Bangladesh  2014,wasting (< -2 SD)
BGD,NT_ANT_WHZ_NE2,_T,_T,_T,_T,_T,2014-07,2014,11,,,,State of food security and nutrition in Bangladesh  2014,wasting (< -2 SD)
BGD,NT_ANT_WHZ_NE2,F,M0T11,_T,_T,_T,2014-09,2014,16.859,12.5213,22.3162,694.112915039062,Bangladesh Demographic and Health Survey 2014. Dhaka  Bangladesh  and Rockville  Maryland  USA  NIPORT  Mitra and Associates  and ICF International. 2016,wasting (< -2 SD)
BGD,NT_ANT_WHZ_NE2,F,M0T23,_T,_T,_T,2014-09,2014,14.3226,11.7338,17.3703,1424.67700195312,Bangladesh Demographic and Health Survey 2014. Dhaka  Bangladesh  and Rockville  Maryland  USA  NIPORT  Mitra and Associates  and ICF International. 2016,wasting (< -2 SD)
BGD,NT_ANT_WHZ_NE2,F,M0T5,_T,_T,_T,2014-09,2014,15.068,10.415,21.3054,274.443481445312,Bangladesh Demographic and Health Survey 2014. Dhaka  Bangladesh  and Rockville  Maryland  USA  NIPORT  Mitra and Associates  and ICF International. 2016,wasting (< -2 SD)
BGD,NT_ANT_WHZ_NE2,F,M12T17,_T,_T,_T,2014-09,2014,12.5955,9.1893,17.0277,353.211303710938,Bangladesh Demographic and Health Survey 2014. Dhaka  Bangladesh  and Rockville  Maryland  USA  NIPORT  Mitra and Associates  and ICF International. 2016,wasting (< -2 SD)
BGD,NT_ANT_WHZ_NE2,F,M12T23,_T,_T,_T,2014-09,2014,11.9128,9.3286,15.0935,730.564086914062,Bangladesh Demographic and Health Survey 2014. Dhaka  Bangladesh  and Rockville  Maryland  USA  NIPORT  Mitra and Associates  and ICF International. 2016,wasting (< -2 SD)
BGD,NT_ANT_WHZ_NE2,F,M18T23,_T,_T,_T,2014-09,2014,11.2737,7.7224,16.1718,377.352752685547,Bangladesh Demographic and Health Survey 2014. Dhaka  Bangladesh  and Rockville  Maryland  USA  NIPORT  Mitra and Associates  and ICF International. 2016,wasting (< -2 SD)
BGD,NT_ANT_WHZ_NE2,F,M24T29,_T,_T,_T,2014-09,2014,15.7678,9.3469,25.3654,351.727905273438,Bangladesh Demographic and Health Survey 2014. Dhaka  Bangladesh  and Rockville  Maryland  USA  NIPORT  Mitra and Associates  and ICF International. 2016,wasting (< -2 SD)
BGD,NT_ANT_WHZ_NE2,F,M24T35,_T,_T,_T,2014-09,2014,12.7474,9.0016,17.7479,714.04296875,Bangladesh Demographic and Health Survey 2014. Dhaka  Bangladesh  and Rockville  Maryland  USA  NIPORT  Mitra and Associates  and ICF International. 2016,wasting (< -2 SD)
BGD,NT_ANT_WHZ_NE2,F,M24T59,_T,_T,_T,2014-09,2014,13.1026,11.2566,15.1995,2114.02172851562,Bangladesh Demographic and Health Survey 2014. Dhaka  Bangladesh  and Rockville  Maryland  USA  NIPORT  Mitra and Associates  and ICF International. 2016,wasting (< -2 SD)
BGD,NT_ANT_WHZ_NE2,F,M30T35,_T,_T,_T,2014-09,2014,9.8152,6.9745,13.6434,362.315063476562,Bangladesh Demographic and Health Survey 2014. Dhaka  Bangladesh  and Rockville  Maryland  USA  NIPORT  Mitra and Associates  and ICF International. 2016,wasting (< -2 SD)
BGD,NT_ANT_WHZ_NE2,F,M36T41,_T,_T,_T,2014-09,2014,11.5901,8.3429,15.8822,367.577575683594,Bangladesh Demographic and Health Survey 2014. Dhaka  Bangladesh  and Rockville  Maryland  USA  NIPORT  Mitra and Associates  and ICF International. 2016,wasting (< -2 SD)
BGD,NT_ANT_WHZ_NE2,F,M36T47,_T,_T,_T,2014-09,2014,13.1077,10.3855,16.4127,739.91015625,Bangladesh Demographic and Health Survey 2014. Dhaka  Bangladesh  and Rockville  Maryland  USA  NIPORT  Mitra and Associates  and ICF International. 2016,wasting (< -2 SD)
BGD,NT_ANT_WHZ_NE2,F,M42T47,_T,_T,_T,2014-09,2014,14.6058,10.6846,19.6497,372.332580566406,Bangladesh Demographic and Health Survey 2014. Dhaka  Bangladesh  and Rockville  Maryland  USA  NIPORT  Mitra and Associates  and ICF International. 2016,wasting (< -2 SD)
BGD,NT_ANT_WHZ_NE2,F,M48T53,_T,_T,_T,2014-09,2014,10.3265,7.419,14.1988,356.516784667969,Bangladesh Demographic and Health Survey 2014. Dhaka  Bangladesh  and Rockville  Maryland  USA  NIPORT  Mitra and Associates  and ICF International. 2016,wasting (< -2 SD)
BGD,NT_ANT_WHZ_NE2,F,M48T59,_T,_T,_T,2014-09,2014,13.4812,10.6701,16.8927,660.068725585938,Bangladesh Demographic and Health Survey 2014. Dhaka  Bangladesh  and Rockville  Maryland  USA  NIPORT  Mitra and Associates  and ICF International. 2016,wasting (< -2 SD)
BGD,NT_ANT_WHZ_NE2,F,M54T59,_T,_T,_T,2014-09,2014,17.1862,12.5861,23.0248,303.551971435547,Bangladesh Demographic and Health Survey 2014. Dhaka  Bangladesh  and Rockville  Maryland  USA  NIPORT  Mitra and Associates  and ICF International. 2016,wasting (< -2 SD)
BGD,NT_ANT_WHZ_NE2,F,M6T11,_T,_T,_T,2014-09,2014,18.0303,12.9764,24.4984,419.66943359375,Bangladesh Demographic and Health Survey 2014. Dhaka  Bangladesh  and Rockville  Maryland  USA  NIPORT  Mitra and Associates  and ICF International. 2016,wasting (< -2 SD)
BGD,NT_ANT_WHZ_NE2,F,_T,_T,_T,_T,2014-09,2014,13.57,12.214,15.0509,3544.88671875,Bangladesh Demographic and Health Survey 2014. Dhaka  Bangladesh  and Rockville  Maryland  USA  NIPORT  Mitra and Associates  and ICF International. 2016,wasting (< -2 SD)
BGD,NT_ANT_WHZ_NE2,M,M0T11,_T,_T,_T,2014-09,2014,22.3732,18.1033,27.3145,806.041564941406,Bangladesh Demographic and Health Survey 2014. Dhaka  Bangladesh  and Rockville  Maryland  USA  NIPORT  Mitra and Associates  and ICF International. 2016,wasting (< -2 SD)
BGD,NT_ANT_WHZ_NE2,M,M0T23,_T,_T,_T,2014-09,2014,19.5111,16.3762,23.0805,1608.87524414062,Bangladesh Demographic and Health Survey 2014. Dhaka  Bangladesh  and Rockville  Maryland  USA  NIPORT  Mitra and Associates  and ICF International. 2016,wasting (< -2 SD)
BGD,NT_ANT_WHZ_NE2,M,M0T5,_T,_T,_T,2014-09,2014,22.8357,16.6982,30.4057,369.025939941406,Bangladesh Demographic and Health Survey 2014. Dhaka  Bangladesh  and Rockville  Maryland  USA  NIPORT  Mitra and Associates  and ICF International. 2016,wasting (< -2 SD)
BGD,NT_ANT_WHZ_NE2,M,M12T17,_T,_T,_T,2014-09,2014,17.5195,12.8419,23.4427,439.770965576172,Bangladesh Demographic and Health Survey 2014. Dhaka  Bangladesh  and Rockville  Maryland  USA  NIPORT  Mitra and Associates  and ICF International. 2016,wasting (< -2 SD)
BGD,NT_ANT_WHZ_NE2,M,M12T23,_T,_T,_T,2014-09,2014,16.6375,13.1633,20.809,802.833679199219,Bangladesh Demographic and Health Survey 2014. Dhaka  Bangladesh  and Rockville  Maryland  USA  NIPORT  Mitra and Associates  and ICF International. 2016,wasting (< -2 SD)
BGD,NT_ANT_WHZ_NE2,M,M18T23,_T,_T,_T,2014-09,2014,15.5692,11.6201,20.5482,363.062683105469,Bangladesh Demographic and Health Survey 2014. Dhaka  Bangladesh  and Rockville  Maryland  USA  NIPORT  Mitra and Associates  and ICF International. 2016,wasting (< -2 SD)
BGD,NT_ANT_WHZ_NE2,M,M24T29,_T,_T,_T,2014-09,2014,11.7369,8.5073,15.9784,349.342437744141,Bangladesh Demographic and Health Survey 2014. Dhaka  Bangladesh  and Rockville  Maryland  USA  NIPORT  Mitra and Associates  and ICF International. 2016,wasting (< -2 SD)
BGD,NT_ANT_WHZ_NE2,M,M24T35,_T,_T,_T,2014-09,2014,12.5221,9.9073,15.7066,732.057373046875,Bangladesh Demographic and Health Survey 2014. Dhaka  Bangladesh  and Rockville  Maryland  USA  NIPORT  Mitra and Associates  and ICF International. 2016,wasting (< -2 SD)
BGD,NT_ANT_WHZ_NE2,M,M24T59,_T,_T,_T,2014-09,2014,11.9263,10.2538,13.8295,2207.55004882812,Bangladesh Demographic and Health Survey 2014. Dhaka  Bangladesh  and Rockville  Maryland  USA  NIPORT  Mitra and Associates  and ICF International. 2016,wasting (< -2 SD)
BGD,NT_ANT_WHZ_NE2,M,M30T35,_T,_T,_T,2014-09,2014,13.2387,9.3663,18.3874,382.714935302734,Bangladesh Demographic and Health Survey 2014. Dhaka  Bangladesh  and Rockville  Maryland  USA  NIPORT  Mitra and Associates  and ICF International. 2016,wasting (< -2 SD)
BGD,NT_ANT_WHZ_NE2,M,M36T41,_T,_T,_T,2014-09,2014,10.04,7.1434,13.9349,350.896240234375,Bangladesh Demographic and Health Survey 2014. Dhaka  Bangladesh  and Rockville  Maryland  USA  NIPORT  Mitra and Associates  and ICF International. 2016,wasting (< -2 SD)
BGD,NT_ANT_WHZ_NE2,M,M36T47,_T,_T,_T,2014-09,2014,9.6122,7.5126,12.221,744.919311523438,Bangladesh Demographic and Health Survey 2014. Dhaka  Bangladesh  and Rockville  Maryland  USA  NIPORT  Mitra and Associates  and ICF International. 2016,wasting (< -2 SD)
BGD,NT_ANT_WHZ_NE2,M,M42T47,_T,_T,_T,2014-09,2014,9.2312,6.4941,12.962,394.023101806641,Bangladesh Demographic and Health Survey 2014. Dhaka  Bangladesh  and Rockville  Maryland  USA  NIPORT  Mitra and Associates  and ICF International. 2016,wasting (< -2 SD)
BGD,NT_ANT_WHZ_NE2,M,M48T53,_T,_T,_T,2014-09,2014,14.6992,10.4012,20.3694,406.266571044922,Bangladesh Demographic and Health Survey 2014. Dhaka  Bangladesh  and Rockville  Maryland  USA  NIPORT  Mitra and Associates  and ICF International. 2016,wasting (< -2 SD)
BGD,NT_ANT_WHZ_NE2,M,M48T59,_T,_T,_T,2014-09,2014,13.6888,10.6662,17.4012,730.573425292969,Bangladesh Demographic and Health Survey 2014. Dhaka  Bangladesh  and Rockville  Maryland  USA  NIPORT  Mitra and Associates  and ICF International. 2016,wasting (< -2 SD)
BGD,NT_ANT_WHZ_NE2,M,M54T59,_T,_T,_T,2014-09,2014,12.4232,8.9674,16.9625,324.306884765625,Bangladesh Demographic and Health Survey 2014. Dhaka  Bangladesh  and Rockville  Maryland  USA  NIPORT  Mitra and Associates  and ICF International. 2016,wasting (< -2 SD)
BGD,NT_ANT_WHZ_NE2,M,M6T11,_T,_T,_T,2014-09,2014,21.9827,17.0913,27.8046,437.015655517578,Bangladesh Demographic and Health Survey 2014. Dhaka  Bangladesh  and Rockville  Maryland  USA  NIPORT  Mitra and Associates  and ICF International. 2016,wasting (< -2 SD)
BGD,NT_ANT_WHZ_NE2,M,_T,_T,_T,_T,2014-09,2014,15.1216,13.3079,17.1336,3824.13012695312,Bangladesh Demographic and Health Survey 2014. Dhaka  Bangladesh  and Rockville  Maryland  USA  NIPORT  Mitra and Associates  and ICF International. 2016,wasting (< -2 SD)
BGD,NT_ANT_WHZ_NE2,_T,M0T11,_T,_T,_T,2014-09,2014,19.8219,16.4495,23.6895,1500.15454101562,Bangladesh Demographic and Health Survey 2014. Dhaka  Bangladesh  and Rockville  Maryland  USA  NIPORT  Mitra and Associates  and ICF International. 2016,wasting (< -2 SD)
BGD,NT_ANT_WHZ_NE2,_T,M0T23,_T,_T,_T,2014-09,2014,17.0744,14.8337,19.5758,3033.55224609375,Bangladesh Demographic and Health Survey 2014. Dhaka  Bangladesh  and Rockville  Maryland  USA  NIPORT  Mitra and Associates  and ICF International. 2016,wasting (< -2 SD)
BGD,NT_ANT_WHZ_NE2,_T,M0T5,_T,_T,_T,2014-09,2014,19.5227,14.9503,25.0812,643.469421386719,Bangladesh Demographic and Health Survey 2014. Dhaka  Bangladesh  and Rockville  Maryland  USA  NIPORT  Mitra and Associates  and ICF International. 2016,wasting (< -2 SD)
BGD,NT_ANT_WHZ_NE2,_T,M12T17,_T,_T,_T,2014-09,2014,15.3263,12.2596,18.994,792.982299804688,Bangladesh Demographic and Health Survey 2014. Dhaka  Bangladesh  and Rockville  Maryland  USA  NIPORT  Mitra and Associates  and ICF International. 2016,wasting (< -2 SD)
BGD,NT_ANT_WHZ_NE2,_T,M12T23,_T,_T,_T,2014-09,2014,14.3865,12.1138,17.0031,1533.39770507812,Bangladesh Demographic and Health Survey 2014. Dhaka  Bangladesh  and Rockville  Maryland  USA  NIPORT  Mitra and Associates  and ICF International. 2016,wasting (< -2 SD)
BGD,NT_ANT_WHZ_NE2,_T,M18T23,_T,_T,_T,2014-09,2014,13.38,10.5552,16.8185,740.415466308594,Bangladesh Demographic and Health Survey 2014. Dhaka  Bangladesh  and Rockville  Maryland  USA  NIPORT  Mitra and Associates  and ICF International. 2016,wasting (< -2 SD)
BGD,NT_ANT_WHZ_NE2,_T,M24T29,_T,_T,_T,2014-09,2014,13.7592,9.8505,18.8938,701.0703125,Bangladesh Demographic and Health Survey 2014. Dhaka  Bangladesh  and Rockville  Maryland  USA  NIPORT  Mitra and Associates  and ICF International. 2016,wasting (< -2 SD)
BGD,NT_ANT_WHZ_NE2,_T,M24T35,_T,_T,_T,2014-09,2014,12.6333,10.36,15.3202,1446.10034179688,Bangladesh Demographic and Health Survey 2014. Dhaka  Bangladesh  and Rockville  Maryland  USA  NIPORT  Mitra and Associates  and ICF International. 2016,wasting (< -2 SD)
BGD,NT_ANT_WHZ_NE2,_T,M24T59,_T,_T,_T,2014-09,2014,12.5017,11.3598,13.7406,4321.57177734375,Bangladesh Demographic and Health Survey 2014. Dhaka  Bangladesh  and Rockville  Maryland  USA  NIPORT  Mitra and Associates  and ICF International. 2016,wasting (< -2 SD)
BGD,NT_ANT_WHZ_NE2,_T,M30T35,_T,_T,_T,2014-09,2014,11.5739,8.9586,14.8282,745.029968261719,Bangladesh Demographic and Health Survey 2014. Dhaka  Bangladesh  and Rockville  Maryland  USA  NIPORT  Mitra and Associates  and ICF International. 2016,wasting (< -2 SD)
BGD,NT_ANT_WHZ_NE2,_T,M36T41,_T,_T,_T,2014-09,2014,10.8331,8.5716,13.6024,718.473815917969,Bangladesh Demographic and Health Survey 2014. Dhaka  Bangladesh  and Rockville  Maryland  USA  NIPORT  Mitra and Associates  and ICF International. 2016,wasting (< -2 SD)
BGD,NT_ANT_WHZ_NE2,_T,M36T47,_T,_T,_T,2014-09,2014,11.354,9.5373,13.4654,1484.82946777344,Bangladesh Demographic and Health Survey 2014. Dhaka  Bangladesh  and Rockville  Maryland  USA  NIPORT  Mitra and Associates  and ICF International. 2016,wasting (< -2 SD)
BGD,NT_ANT_WHZ_NE2,_T,M42T47,_T,_T,_T,2014-09,2014,11.8424,9.3941,14.8245,766.355651855469,Bangladesh Demographic and Health Survey 2014. Dhaka  Bangladesh  and Rockville  Maryland  USA  NIPORT  Mitra and Associates  and ICF International. 2016,wasting (< -2 SD)
BGD,NT_ANT_WHZ_NE2,_T,M48T53,_T,_T,_T,2014-09,2014,12.6554,10.0055,15.8833,762.783325195312,Bangladesh Demographic and Health Survey 2014. Dhaka  Bangladesh  and Rockville  Maryland  USA  NIPORT  Mitra and Associates  and ICF International. 2016,wasting (< -2 SD)
BGD,NT_ANT_WHZ_NE2,_T,M48T59,_T,_T,_T,2014-09,2014,13.5903,11.5232,15.9611,1390.64221191406,Bangladesh Demographic and Health Survey 2014. Dhaka  Bangladesh  and Rockville  Maryland  USA  NIPORT  Mitra and Associates  and ICF International. 2016,wasting (< -2 SD)
BGD,NT_ANT_WHZ_NE2,_T,M54T59,_T,_T,_T,2014-09,2014,14.726,11.8461,18.1617,627.858825683594,Bangladesh Demographic and Health Survey 2014. Dhaka  Bangladesh  and Rockville  Maryland  USA  NIPORT  Mitra and Associates  and ICF International. 2016,wasting (< -2 SD)
BGD,NT_ANT_WHZ_NE2,_T,M6T11,_T,_T,_T,2014-09,2014,20.0465,16.4239,24.2364,856.68505859375,Bangladesh Demographic and Health Survey 2014. Dhaka  Bangladesh  and Rockville  Maryland  USA  NIPORT  Mitra and Associates  and ICF International. 2016,wasting (< -2 SD)
BGD,NT_ANT_WHZ_NE2,_T,_T,B20,R,_T,2014-09,2014,16.8448,14.5295,19.445,1544.79663085938,Bangladesh Demographic and Health Survey 2014. Dhaka  Bangladesh  and Rockville  Maryland  USA  NIPORT  Mitra and Associates  and ICF International. 2016,wasting (< -2 SD)
BGD,NT_ANT_WHZ_NE2,_T,_T,B20,U,_T,2014-09,2014,17.6127,13.0263,23.3799,133.615203857422,Bangladesh Demographic and Health Survey 2014. Dhaka  Bangladesh  and Rockville  Maryland  USA  NIPORT  Mitra and Associates  and ICF International. 2016,wasting (< -2 SD)
BGD,NT_ANT_WHZ_NE2,_T,_T,B40,R,_T,2014-09,2014,16.8565,15.0494,18.8325,2833.91479492188,Bangladesh Demographic and Health Survey 2014. Dhaka  Bangladesh  and Rockville  Maryland  USA  NIPORT  Mitra and Associates  and ICF International. 2016,wasting (< -2 SD)
BGD,NT_ANT_WHZ_NE2,_T,_T,B40,U,_T,2014-09,2014,15.4459,12.1712,19.4071,242.253997802734,Bangladesh Demographic and Health Survey 2014. Dhaka  Bangladesh  and Rockville  Maryland  USA  NIPORT  Mitra and Associates  and ICF International. 2016,wasting (< -2 SD)
BGD,NT_ANT_WHZ_NE2,_T,_T,B60,R,_T,2014-09,2014,15.7268,13.8977,17.7471,4078.36157226562,Bangladesh Demographic and Health Survey 2014. Dhaka  Bangladesh  and Rockville  Maryland  USA  NIPORT  Mitra and Associates  and ICF International. 2016,wasting (< -2 SD)
BGD,NT_ANT_WHZ_NE2,_T,_T,B60,U,_T,2014-09,2014,13.4281,10.9844,16.3157,465.677307128906,Bangladesh Demographic and Health Survey 2014. Dhaka  Bangladesh  and Rockville  Maryland  USA  NIPORT  Mitra and Associates  and ICF International. 2016,wasting (< -2 SD)
BGD,NT_ANT_WHZ_NE2,_T,_T,B80,R,_T,2014-09,2014,15.3428,13.9591,16.8368,5035.58740234375,Bangladesh Demographic and Health Survey 2014. Dhaka  Bangladesh  and Rockville  Maryland  USA  NIPORT  Mitra and Associates  and ICF International. 2016,wasting (< -2 SD)
BGD,NT_ANT_WHZ_NE2,_T,_T,B80,U,_T,2014-09,2014,12.7411,10.8177,14.9492,980.008911132812,Bangladesh Demographic and Health Survey 2014. Dhaka  Bangladesh  and Rockville  Maryland  USA  NIPORT  Mitra and Associates  and ICF International. 2016,wasting (< -2 SD)
BGD,NT_ANT_WHZ_NE2,_T,_T,Q1,R,_T,2014-09,2014,16.8448,14.5295,19.445,1544.79663085938,Bangladesh Demographic and Health Survey 2014. Dhaka  Bangladesh  and Rockville  Maryland  USA  NIPORT  Mitra and Associates  and ICF International. 2016,wasting (< -2 SD)
BGD,NT_ANT_WHZ_NE2,_T,_T,Q1,U,_T,2014-09,2014,17.6127,13.0263,23.3799,133.615203857422,Bangladesh Demographic and Health Survey 2014. Dhaka  Bangladesh  and Rockville  Maryland  USA  NIPORT  Mitra and Associates  and ICF International. 2016,wasting (< -2 SD)
BGD,NT_ANT_WHZ_NE2,_T,_T,Q1,_T,_T,2014-09,2014,16.9059,14.7296,19.3309,1678.41186523438,Bangladesh Demographic and Health Survey 2014. Dhaka  Bangladesh  and Rockville  Maryland  USA  NIPORT  Mitra and Associates  and ICF International. 2016,wasting (< -2 SD)
BGD,NT_ANT_WHZ_NE2,_T,_T,Q2,R,_T,2014-09,2014,16.8705,14.5571,19.4678,1289.11804199219,Bangladesh Demographic and Health Survey 2014. Dhaka  Bangladesh  and Rockville  Maryland  USA  NIPORT  Mitra and Associates  and ICF International. 2016,wasting (< -2 SD)
BGD,NT_ANT_WHZ_NE2,_T,_T,Q2,U,_T,2014-09,2014,12.781,7.6523,20.581,108.638809204102,Bangladesh Demographic and Health Survey 2014. Dhaka  Bangladesh  and Rockville  Maryland  USA  NIPORT  Mitra and Associates  and ICF International. 2016,wasting (< -2 SD)
BGD,NT_ANT_WHZ_NE2,_T,_T,Q2,_T,_T,2014-09,2014,16.5527,14.3664,18.9978,1397.7568359375,Bangladesh Demographic and Health Survey 2014. Dhaka  Bangladesh  and Rockville  Maryland  USA  NIPORT  Mitra and Associates  and ICF International. 2016,wasting (< -2 SD)
BGD,NT_ANT_WHZ_NE2,_T,_T,Q3,R,_T,2014-09,2014,13.1543,10.3677,16.5516,1244.44689941406,Bangladesh Demographic and Health Survey 2014. Dhaka  Bangladesh  and Rockville  Maryland  USA  NIPORT  Mitra and Associates  and ICF International. 2016,wasting (< -2 SD)
BGD,NT_ANT_WHZ_NE2,_T,_T,Q3,U,_T,2014-09,2014,11.2402,6.9453,17.6861,223.423294067383,Bangladesh Demographic and Health Survey 2014. Dhaka  Bangladesh  and Rockville  Maryland  USA  NIPORT  Mitra and Associates  and ICF International. 2016,wasting (< -2 SD)
BGD,NT_ANT_WHZ_NE2,_T,_T,Q3,_T,_T,2014-09,2014,12.863,10.3809,15.8336,1467.8701171875,Bangladesh Demographic and Health Survey 2014. Dhaka  Bangladesh  and Rockville  Maryland  USA  NIPORT  Mitra and Associates  and ICF International. 2016,wasting (< -2 SD)
BGD,NT_ANT_WHZ_NE2,_T,_T,Q4,R,_T,2014-09,2014,13.7064,10.767,17.2928,957.225708007812,Bangladesh Demographic and Health Survey 2014. Dhaka  Bangladesh  and Rockville  Maryland  USA  NIPORT  Mitra and Associates  and ICF International. 2016,wasting (< -2 SD)
BGD,NT_ANT_WHZ_NE2,_T,_T,Q4,U,_T,2014-09,2014,12.1191,9.3167,15.6194,514.331604003906,Bangladesh Demographic and Health Survey 2014. Dhaka  Bangladesh  and Rockville  Maryland  USA  NIPORT  Mitra and Associates  and ICF International. 2016,wasting (< -2 SD)
BGD,NT_ANT_WHZ_NE2,_T,_T,Q4,_T,_T,2014-09,2014,13.1516,10.9434,15.7269,1471.55737304688,Bangladesh Demographic and Health Survey 2014. Dhaka  Bangladesh  and Rockville  Maryland  USA  NIPORT  Mitra and Associates  and ICF International. 2016,wasting (< -2 SD)
BGD,NT_ANT_WHZ_NE2,_T,_T,Q5,R,_T,2014-09,2014,11.9492,8.6166,16.3404,492.141479492188,Bangladesh Demographic and Health Survey 2014. Dhaka  Bangladesh  and Rockville  Maryland  USA  NIPORT  Mitra and Associates  and ICF International. 2016,wasting (< -2 SD)
BGD,NT_ANT_WHZ_NE2,_T,_T,Q5,U,_T,2014-09,2014,11.9638,9.2846,15.2859,861.279113769531,Bangladesh Demographic and Health Survey 2014. Dhaka  Bangladesh  and Rockville  Maryland  USA  NIPORT  Mitra and Associates  and ICF International. 2016,wasting (< -2 SD)
BGD,NT_ANT_WHZ_NE2,_T,_T,Q5,_T,_T,2014-09,2014,11.9585,9.8015,14.5137,1353.42053222656,Bangladesh Demographic and Health Survey 2014. Dhaka  Bangladesh  and Rockville  Maryland  USA  NIPORT  Mitra and Associates  and ICF International. 2016,wasting (< -2 SD)
BGD,NT_ANT_WHZ_NE2,_T,_T,R20,R,_T,2014-09,2014,11.9492,8.6166,16.3404,492.141479492188,Bangladesh Demographic and Health Survey 2014. Dhaka  Bangladesh  and Rockville  Maryland  USA  NIPORT  Mitra and Associates  and ICF International. 2016,wasting (< -2 SD)
BGD,NT_ANT_WHZ_NE2,_T,_T,R20,U,_T,2014-09,2014,11.9638,9.2846,15.2859,861.279113769531,Bangladesh Demographic and Health Survey 2014. Dhaka  Bangladesh  and Rockville  Maryland  USA  NIPORT  Mitra and Associates  and ICF International. 2016,wasting (< -2 SD)
BGD,NT_ANT_WHZ_NE2,_T,_T,R40,R,_T,2014-09,2014,13.1098,10.6861,15.9847,1449.3671875,Bangladesh Demographic and Health Survey 2014. Dhaka  Bangladesh  and Rockville  Maryland  USA  NIPORT  Mitra and Associates  and ICF International. 2016,wasting (< -2 SD)
BGD,NT_ANT_WHZ_NE2,_T,_T,R40,U,_T,2014-09,2014,12.0219,9.8947,14.5326,1375.61071777344,Bangladesh Demographic and Health Survey 2014. Dhaka  Bangladesh  and Rockville  Maryland  USA  NIPORT  Mitra and Associates  and ICF International. 2016,wasting (< -2 SD)
BGD,NT_ANT_WHZ_NE2,_T,_T,R60,R,_T,2014-09,2014,13.1303,11.6304,14.7913,2693.81396484375,Bangladesh Demographic and Health Survey 2014. Dhaka  Bangladesh  and Rockville  Maryland  USA  NIPORT  Mitra and Associates  and ICF International. 2016,wasting (< -2 SD)
BGD,NT_ANT_WHZ_NE2,_T,_T,R60,U,_T,2014-09,2014,11.9127,9.9878,14.1502,1599.03405761719,Bangladesh Demographic and Health Survey 2014. Dhaka  Bangladesh  and Rockville  Maryland  USA  NIPORT  Mitra and Associates  and ICF International. 2016,wasting (< -2 SD)
BGD,NT_ANT_WHZ_NE2,_T,_T,R80,R,_T,2014-09,2014,14.3409,12.9531,15.8503,3982.93212890625,Bangladesh Demographic and Health Survey 2014. Dhaka  Bangladesh  and Rockville  Maryland  USA  NIPORT  Mitra and Associates  and ICF International. 2016,wasting (< -2 SD)
BGD,NT_ANT_WHZ_NE2,_T,_T,R80,U,_T,2014-09,2014,11.9679,10.1777,14.0238,1707.6728515625,Bangladesh Demographic and Health Survey 2014. Dhaka  Bangladesh  and Rockville  Maryland  USA  NIPORT  Mitra and Associates  and ICF International. 2016,wasting (< -2 SD)
BGD,NT_ANT_WHZ_NE2,_T,_T,_T,R,_T,2014-09,2014,15.0406,13.7218,16.462,5527.72900390625,Bangladesh Demographic and Health Survey 2014. Dhaka  Bangladesh  and Rockville  Maryland  USA  NIPORT  Mitra and Associates  and ICF International. 2016,wasting (< -2 SD)
BGD,NT_ANT_WHZ_NE2,_T,_T,_T,U,_T,2014-09,2014,12.3775,10.7098,14.2635,1841.2880859375,Bangladesh Demographic and Health Survey 2014. Dhaka  Bangladesh  and Rockville  Maryland  USA  NIPORT  Mitra and Associates  and ICF International. 2016,wasting (< -2 SD)
BGD,NT_ANT_WHZ_NE2,_T,_T,_T,_T,ISCED11A_01,2014-09,2014,14.554,12.1749,17.3064,1170.6279296875,Bangladesh Demographic and Health Survey 2014. Dhaka  Bangladesh  and Rockville  Maryland  USA  NIPORT  Mitra and Associates  and ICF International. 2016,wasting (< -2 SD)
BGD,NT_ANT_WHZ_NE2,_T,_T,_T,_T,AGG_5T8,2014-09,2014,13.0373,10.4584,16.1376,668.709594726562,Bangladesh Demographic and Health Survey 2014. Dhaka  Bangladesh  and Rockville  Maryland  USA  NIPORT  Mitra and Associates  and ICF International. 2016,wasting (< -2 SD)
BGD,NT_ANT_WHZ_NE2,_T,_T,_T,_T,ISCED11_1,2014-09,2014,15.474,13.414,17.7853,2001.89965820312,Bangladesh Demographic and Health Survey 2014. Dhaka  Bangladesh  and Rockville  Maryland  USA  NIPORT  Mitra and Associates  and ICF International. 2016,wasting (< -2 SD)
BGD,NT_ANT_WHZ_NE2,_T,_T,_T,_T,AGG_2_3,2014-09,2014,13.9973,12.5937,15.5295,3316.57495117188,Bangladesh Demographic and Health Survey 2014. Dhaka  Bangladesh  and Rockville  Maryland  USA  NIPORT  Mitra and Associates  and ICF International. 2016,wasting (< -2 SD)
BGD,NT_ANT_WHZ_NE2,_T,_T,_T,_T,AGG_3S_H,2014-09,2014,13.8362,12.52,15.2667,3985.28442382812,Bangladesh Demographic and Health Survey 2014. Dhaka  Bangladesh  and Rockville  Maryland  USA  NIPORT  Mitra and Associates  and ICF International. 2016,wasting (< -2 SD)
BGD,NT_ANT_WHZ_NE2,_T,_T,_T,_T,AGG_0_1,2014-09,2014,15.1345,13.4836,16.9479,3172.52758789062,Bangladesh Demographic and Health Survey 2014. Dhaka  Bangladesh  and Rockville  Maryland  USA  NIPORT  Mitra and Associates  and ICF International. 2016,wasting (< -2 SD)
BGD,NT_ANT_WHZ_NE2,_T,_T,_T,_T,_T,2014-09,2014,14.3752,13.3036,15.5177,7369.0166015625,Bangladesh Demographic and Health Survey 2014. Dhaka  Bangladesh  and Rockville  Maryland  USA  NIPORT  Mitra and Associates  and ICF International. 2016,wasting (< -2 SD)
BGD,NT_ANT_WHZ_NE2,_T,_T,_T,_T,_T,2015-03,2015,15.552,,,,Bangladesh Integrated Household Survey (BIHS) 2015. Washington  DC  International Food Policy Research Institute (IFPRI),wasting (< -2 SD)
BGD,NT_ANT_WHZ_NE2,F,_T,_T,_T,_T,2015-11,2015,9,,,,State of food security and nutrition in Bangladesh 2015,wasting (< -2 SD)
BGD,NT_ANT_WHZ_NE2,M,_T,_T,_T,_T,2015-11,2015,12,,,,State of food security and nutrition in Bangladesh 2015,wasting (< -2 SD)
BGD,NT_ANT_WHZ_NE2,_T,_T,_T,_T,_T,2015-11,2015,10,,,,State of food security and nutrition in Bangladesh 2015,wasting (< -2 SD)
BGD,NT_ANT_WHZ_NE2,F,M0T11,_T,_T,_T,2018,2017-18,7.6959,5.7648,10.2039,800.120056152344,Bangladesh Demographic and Health Survey 2017-18. Dhaka  Bangladesh  and Rockville  Maryland  USA  NIPORT and ICF,wasting (< -2 SD)
BGD,NT_ANT_WHZ_NE2,F,M0T23,_T,_T,_T,2018,2017-18,7.5186,6.0878,9.2525,1629.84155273438,Bangladesh Demographic and Health Survey 2017-18. Dhaka  Bangladesh  and Rockville  Maryland  USA  NIPORT and ICF,wasting (< -2 SD)
BGD,NT_ANT_WHZ_NE2,F,M0T5,_T,_T,_T,2018,2017-18,10.1631,7.2034,14.1534,437.859161376953,Bangladesh Demographic and Health Survey 2017-18. Dhaka  Bangladesh  and Rockville  Maryland  USA  NIPORT and ICF,wasting (< -2 SD)
BGD,NT_ANT_WHZ_NE2,F,M12T17,_T,_T,_T,2018,2017-18,8.8964,6.2744,12.4685,418.293029785156,Bangladesh Demographic and Health Survey 2017-18. Dhaka  Bangladesh  and Rockville  Maryland  USA  NIPORT and ICF,wasting (< -2 SD)
BGD,NT_ANT_WHZ_NE2,F,M12T23,_T,_T,_T,2018,2017-18,7.3476,5.5476,9.6718,829.721557617188,Bangladesh Demographic and Health Survey 2017-18. Dhaka  Bangladesh  and Rockville  Maryland  USA  NIPORT and ICF,wasting (< -2 SD)
BGD,NT_ANT_WHZ_NE2,F,M18T23,_T,_T,_T,2018,2017-18,5.7728,3.6172,9.0919,411.428527832031,Bangladesh Demographic and Health Survey 2017-18. Dhaka  Bangladesh  and Rockville  Maryland  USA  NIPORT and ICF,wasting (< -2 SD)
BGD,NT_ANT_WHZ_NE2,F,M24T29,_T,_T,_T,2018,2017-18,6.8008,4.5124,10.1267,381.164703369141,Bangladesh Demographic and Health Survey 2017-18. Dhaka  Bangladesh  and Rockville  Maryland  USA  NIPORT and ICF,wasting (< -2 SD)
BGD,NT_ANT_WHZ_NE2,F,M24T35,_T,_T,_T,2018,2017-18,7.2007,5.2993,9.7144,734.786926269531,Bangladesh Demographic and Health Survey 2017-18. Dhaka  Bangladesh  and Rockville  Maryland  USA  NIPORT and ICF,wasting (< -2 SD)
BGD,NT_ANT_WHZ_NE2,F,M24T59,_T,_T,_T,2018,2017-18,7.6346,6.4719,8.9861,2251.54614257812,Bangladesh Demographic and Health Survey 2017-18. Dhaka  Bangladesh  and Rockville  Maryland  USA  NIPORT and ICF,wasting (< -2 SD)
BGD,NT_ANT_WHZ_NE2,F,M30T35,_T,_T,_T,2018,2017-18,7.6317,4.893,11.7145,353.622192382812,Bangladesh Demographic and Health Survey 2017-18. Dhaka  Bangladesh  and Rockville  Maryland  USA  NIPORT and ICF,wasting (< -2 SD)
BGD,NT_ANT_WHZ_NE2,F,M36T41,_T,_T,_T,2018,2017-18,6.892,4.7004,9.9984,397.438568115234,Bangladesh Demographic and Health Survey 2017-18. Dhaka  Bangladesh  and Rockville  Maryland  USA  NIPORT and ICF,wasting (< -2 SD)
BGD,NT_ANT_WHZ_NE2,F,M36T47,_T,_T,_T,2018,2017-18,6.3813,4.7562,8.5121,737.499877929688,Bangladesh Demographic and Health Survey 2017-18. Dhaka  Bangladesh  and Rockville  Maryland  USA  NIPORT and ICF,wasting (< -2 SD)
BGD,NT_ANT_WHZ_NE2,F,M42T47,_T,_T,_T,2018,2017-18,5.7845,3.664,9.0173,340.061279296875,Bangladesh Demographic and Health Survey 2017-18. Dhaka  Bangladesh  and Rockville  Maryland  USA  NIPORT and ICF,wasting (< -2 SD)
BGD,NT_ANT_WHZ_NE2,F,M48T53,_T,_T,_T,2018,2017-18,9.9265,7.0315,13.836,365.573883056641,Bangladesh Demographic and Health Survey 2017-18. Dhaka  Bangladesh  and Rockville  Maryland  USA  NIPORT and ICF,wasting (< -2 SD)
BGD,NT_ANT_WHZ_NE2,F,M48T59,_T,_T,_T,2018,2017-18,9.2298,7.2197,11.7288,779.259399414062,Bangladesh Demographic and Health Survey 2017-18. Dhaka  Bangladesh  and Rockville  Maryland  USA  NIPORT and ICF,wasting (< -2 SD)
BGD,NT_ANT_WHZ_NE2,F,M54T59,_T,_T,_T,2018,2017-18,8.6141,6.2244,11.8059,413.685546875,Bangladesh Demographic and Health Survey 2017-18. Dhaka  Bangladesh  and Rockville  Maryland  USA  NIPORT and ICF,wasting (< -2 SD)
BGD,NT_ANT_WHZ_NE2,F,M6T11,_T,_T,_T,2018,2017-18,4.7138,2.8535,7.6909,362.260894775391,Bangladesh Demographic and Health Survey 2017-18. Dhaka  Bangladesh  and Rockville  Maryland  USA  NIPORT and ICF,wasting (< -2 SD)
BGD,NT_ANT_WHZ_NE2,F,_T,_T,_T,_T,2018,2017-18,7.5694,6.6201,8.6423,3889.8251953125,Bangladesh Demographic and Health Survey 2017-18. Dhaka  Bangladesh  and Rockville  Maryland  USA  NIPORT and ICF,wasting (< -2 SD)
BGD,NT_ANT_WHZ_NE2,M,M0T11,_T,_T,_T,2018,2017-18,8.4012,6.6037,10.6322,896.068115234375,Bangladesh Demographic and Health Survey 2017-18. Dhaka  Bangladesh  and Rockville  Maryland  USA  NIPORT and ICF,wasting (< -2 SD)
BGD,NT_ANT_WHZ_NE2,M,M0T23,_T,_T,_T,2018,2017-18,8.811,7.4551,10.3859,1724.05932617188,Bangladesh Demographic and Health Survey 2017-18. Dhaka  Bangladesh  and Rockville  Maryland  USA  NIPORT and ICF,wasting (< -2 SD)
BGD,NT_ANT_WHZ_NE2,M,M0T5,_T,_T,_T,2018,2017-18,8.8762,6.3864,12.2099,461.161560058594,Bangladesh Demographic and Health Survey 2017-18. Dhaka  Bangladesh  and Rockville  Maryland  USA  NIPORT and ICF,wasting (< -2 SD)
BGD,NT_ANT_WHZ_NE2,M,M12T17,_T,_T,_T,2018,2017-18,10.3554,7.4617,14.1993,439.852203369141,Bangladesh Demographic and Health Survey 2017-18. Dhaka  Bangladesh  and Rockville  Maryland  USA  NIPORT and ICF,wasting (< -2 SD)
BGD,NT_ANT_WHZ_NE2,M,M12T23,_T,_T,_T,2018,2017-18,9.2546,7.2561,11.7338,827.991271972656,Bangladesh Demographic and Health Survey 2017-18. Dhaka  Bangladesh  and Rockville  Maryland  USA  NIPORT and ICF,wasting (< -2 SD)
BGD,NT_ANT_WHZ_NE2,M,M18T23,_T,_T,_T,2018,2017-18,8.0071,5.6163,11.2938,388.139038085938,Bangladesh Demographic and Health Survey 2017-18. Dhaka  Bangladesh  and Rockville  Maryland  USA  NIPORT and ICF,wasting (< -2 SD)
BGD,NT_ANT_WHZ_NE2,M,M24T29,_T,_T,_T,2018,2017-18,9.4325,6.9331,12.7099,436.207092285156,Bangladesh Demographic and Health Survey 2017-18. Dhaka  Bangladesh  and Rockville  Maryland  USA  NIPORT and ICF,wasting (< -2 SD)
BGD,NT_ANT_WHZ_NE2,M,M24T35,_T,_T,_T,2018,2017-18,9.4127,7.4443,11.835,853.657165527344,Bangladesh Demographic and Health Survey 2017-18. Dhaka  Bangladesh  and Rockville  Maryland  USA  NIPORT and ICF,wasting (< -2 SD)
BGD,NT_ANT_WHZ_NE2,M,M24T59,_T,_T,_T,2018,2017-18,9.5286,8.2593,10.9696,2490.33911132812,Bangladesh Demographic and Health Survey 2017-18. Dhaka  Bangladesh  and Rockville  Maryland  USA  NIPORT and ICF,wasting (< -2 SD)
BGD,NT_ANT_WHZ_NE2,M,M30T35,_T,_T,_T,2018,2017-18,9.392,6.721,12.9769,417.450073242188,Bangladesh Demographic and Health Survey 2017-18. Dhaka  Bangladesh  and Rockville  Maryland  USA  NIPORT and ICF,wasting (< -2 SD)
BGD,NT_ANT_WHZ_NE2,M,M36T41,_T,_T,_T,2018,2017-18,10.5641,7.8219,14.1204,436.066772460938,Bangladesh Demographic and Health Survey 2017-18. Dhaka  Bangladesh  and Rockville  Maryland  USA  NIPORT and ICF,wasting (< -2 SD)
BGD,NT_ANT_WHZ_NE2,M,M36T47,_T,_T,_T,2018,2017-18,10.2409,8.139,12.81,812.186706542969,Bangladesh Demographic and Health Survey 2017-18. Dhaka  Bangladesh  and Rockville  Maryland  USA  NIPORT and ICF,wasting (< -2 SD)
BGD,NT_ANT_WHZ_NE2,M,M42T47,_T,_T,_T,2018,2017-18,9.8662,6.9126,13.8935,376.119964599609,Bangladesh Demographic and Health Survey 2017-18. Dhaka  Bangladesh  and Rockville  Maryland  USA  NIPORT and ICF,wasting (< -2 SD)
BGD,NT_ANT_WHZ_NE2,M,M48T53,_T,_T,_T,2018,2017-18,7.776,5.5272,10.8349,447.630950927734,Bangladesh Demographic and Health Survey 2017-18. Dhaka  Bangladesh  and Rockville  Maryland  USA  NIPORT and ICF,wasting (< -2 SD)
BGD,NT_ANT_WHZ_NE2,M,M48T59,_T,_T,_T,2018,2017-18,8.9469,7.0287,11.3249,824.495178222656,Bangladesh Demographic and Health Survey 2017-18. Dhaka  Bangladesh  and Rockville  Maryland  USA  NIPORT and ICF,wasting (< -2 SD)
BGD,NT_ANT_WHZ_NE2,M,M54T59,_T,_T,_T,2018,2017-18,10.3377,7.3648,14.3249,376.864227294922,Bangladesh Demographic and Health Survey 2017-18. Dhaka  Bangladesh  and Rockville  Maryland  USA  NIPORT and ICF,wasting (< -2 SD)
BGD,NT_ANT_WHZ_NE2,M,M6T11,_T,_T,_T,2018,2017-18,7.8975,5.5371,11.1454,434.906585693359,Bangladesh Demographic and Health Survey 2017-18. Dhaka  Bangladesh  and Rockville  Maryland  USA  NIPORT and ICF,wasting (< -2 SD)
BGD,NT_ANT_WHZ_NE2,M,_T,_T,_T,_T,2018,2017-18,9.216,8.2346,10.3012,4223.1083984375,Bangladesh Demographic and Health Survey 2017-18. Dhaka  Bangladesh  and Rockville  Maryland  USA  NIPORT and ICF,wasting (< -2 SD)
BGD,NT_ANT_WHZ_NE2,_T,M0T11,_T,_T,_T,2018,2017-18,8.0685,6.6905,9.7007,1696.18823242188,Bangladesh Demographic and Health Survey 2017-18. Dhaka  Bangladesh  and Rockville  Maryland  USA  NIPORT and ICF,wasting (< -2 SD)
BGD,NT_ANT_WHZ_NE2,_T,M0T23,_T,_T,_T,2018,2017-18,8.183,7.1342,9.3704,3353.90087890625,Bangladesh Demographic and Health Survey 2017-18. Dhaka  Bangladesh  and Rockville  Maryland  USA  NIPORT and ICF,wasting (< -2 SD)
BGD,NT_ANT_WHZ_NE2,_T,M0T5,_T,_T,_T,2018,2017-18,9.503,7.4105,12.109,899.020690917969,Bangladesh Demographic and Health Survey 2017-18. Dhaka  Bangladesh  and Rockville  Maryland  USA  NIPORT and ICF,wasting (< -2 SD)
BGD,NT_ANT_WHZ_NE2,_T,M12T17,_T,_T,_T,2018,2017-18,9.6443,7.5245,12.282,858.145202636719,Bangladesh Demographic and Health Survey 2017-18. Dhaka  Bangladesh  and Rockville  Maryland  USA  NIPORT and ICF,wasting (< -2 SD)
BGD,NT_ANT_WHZ_NE2,_T,M12T23,_T,_T,_T,2018,2017-18,8.3001,6.8863,9.973,1657.71276855469,Bangladesh Demographic and Health Survey 2017-18. Dhaka  Bangladesh  and Rockville  Maryland  USA  NIPORT and ICF,wasting (< -2 SD)
BGD,NT_ANT_WHZ_NE2,_T,M18T23,_T,_T,_T,2018,2017-18,6.8574,5.1806,9.0253,799.567565917969,Bangladesh Demographic and Health Survey 2017-18. Dhaka  Bangladesh  and Rockville  Maryland  USA  NIPORT and ICF,wasting (< -2 SD)
BGD,NT_ANT_WHZ_NE2,_T,M24T29,_T,_T,_T,2018,2017-18,8.2053,6.3356,10.5644,817.371826171875,Bangladesh Demographic and Health Survey 2017-18. Dhaka  Bangladesh  and Rockville  Maryland  USA  NIPORT and ICF,wasting (< -2 SD)
BGD,NT_ANT_WHZ_NE2,_T,M24T35,_T,_T,_T,2018,2017-18,8.3895,6.8968,10.1698,1588.44409179688,Bangladesh Demographic and Health Survey 2017-18. Dhaka  Bangladesh  and Rockville  Maryland  USA  NIPORT and ICF,wasting (< -2 SD)
BGD,NT_ANT_WHZ_NE2,_T,M24T59,_T,_T,_T,2018,2017-18,8.6293,7.7231,9.6307,4741.88525390625,Bangladesh Demographic and Health Survey 2017-18. Dhaka  Bangladesh  and Rockville  Maryland  USA  NIPORT and ICF,wasting (< -2 SD)
BGD,NT_ANT_WHZ_NE2,_T,M30T35,_T,_T,_T,2018,2017-18,8.5847,6.6056,11.0864,771.072265625,Bangladesh Demographic and Health Survey 2017-18. Dhaka  Bangladesh  and Rockville  Maryland  USA  NIPORT and ICF,wasting (< -2 SD)
BGD,NT_ANT_WHZ_NE2,_T,M36T41,_T,_T,_T,2018,2017-18,8.8131,6.9463,11.1218,833.505310058594,Bangladesh Demographic and Health Survey 2017-18. Dhaka  Bangladesh  and Rockville  Maryland  USA  NIPORT and ICF,wasting (< -2 SD)
BGD,NT_ANT_WHZ_NE2,_T,M36T47,_T,_T,_T,2018,2017-18,8.4041,6.9932,10.069,1549.68664550781,Bangladesh Demographic and Health Survey 2017-18. Dhaka  Bangladesh  and Rockville  Maryland  USA  NIPORT and ICF,wasting (< -2 SD)
BGD,NT_ANT_WHZ_NE2,_T,M42T47,_T,_T,_T,2018,2017-18,7.9281,5.8918,10.589,716.181274414062,Bangladesh Demographic and Health Survey 2017-18. Dhaka  Bangladesh  and Rockville  Maryland  USA  NIPORT and ICF,wasting (< -2 SD)
BGD,NT_ANT_WHZ_NE2,_T,M48T53,_T,_T,_T,2018,2017-18,8.7428,6.8572,11.0852,813.204833984375,Bangladesh Demographic and Health Survey 2017-18. Dhaka  Bangladesh  and Rockville  Maryland  USA  NIPORT and ICF,wasting (< -2 SD)
BGD,NT_ANT_WHZ_NE2,_T,M48T59,_T,_T,_T,2018,2017-18,9.0844,7.6874,10.7058,1603.75463867188,Bangladesh Demographic and Health Survey 2017-18. Dhaka  Bangladesh  and Rockville  Maryland  USA  NIPORT and ICF,wasting (< -2 SD)
BGD,NT_ANT_WHZ_NE2,_T,M54T59,_T,_T,_T,2018,2017-18,9.4358,7.5278,11.7657,790.549743652344,Bangladesh Demographic and Health Survey 2017-18. Dhaka  Bangladesh  and Rockville  Maryland  USA  NIPORT and ICF,wasting (< -2 SD)
BGD,NT_ANT_WHZ_NE2,_T,M6T11,_T,_T,_T,2018,2017-18,6.4507,4.8397,8.5498,797.16748046875,Bangladesh Demographic and Health Survey 2017-18. Dhaka  Bangladesh  and Rockville  Maryland  USA  NIPORT and ICF,wasting (< -2 SD)
BGD,NT_ANT_WHZ_NE2,_T,_T,B20,R,_T,2018,2017-18,10.0584,8.5214,11.8369,1599.28405761719,Bangladesh Demographic and Health Survey 2017-18. Dhaka  Bangladesh  and Rockville  Maryland  USA  NIPORT and ICF,wasting (< -2 SD)
BGD,NT_ANT_WHZ_NE2,_T,_T,B20,U,_T,2018,2017-18,9.8109,6.4186,14.7141,198.872055053711,Bangladesh Demographic and Health Survey 2017-18. Dhaka  Bangladesh  and Rockville  Maryland  USA  NIPORT and ICF,wasting (< -2 SD)
BGD,NT_ANT_WHZ_NE2,_T,_T,B40,R,_T,2018,2017-18,8.8255,7.7797,9.9966,3138.91943359375,Bangladesh Demographic and Health Survey 2017-18. Dhaka  Bangladesh  and Rockville  Maryland  USA  NIPORT and ICF,wasting (< -2 SD)
BGD,NT_ANT_WHZ_NE2,_T,_T,B40,U,_T,2018,2017-18,10.7824,7.5922,15.0943,341.011169433594,Bangladesh Demographic and Health Survey 2017-18. Dhaka  Bangladesh  and Rockville  Maryland  USA  NIPORT and ICF,wasting (< -2 SD)
BGD,NT_ANT_WHZ_NE2,_T,_T,B60,R,_T,2018,2017-18,8.4457,7.5845,9.3948,4436.92138671875,Bangladesh Demographic and Health Survey 2017-18. Dhaka  Bangladesh  and Rockville  Maryland  USA  NIPORT and ICF,wasting (< -2 SD)
BGD,NT_ANT_WHZ_NE2,_T,_T,B60,U,_T,2018,2017-18,10.2069,7.7988,13.2516,603.132568359375,Bangladesh Demographic and Health Survey 2017-18. Dhaka  Bangladesh  and Rockville  Maryland  USA  NIPORT and ICF,wasting (< -2 SD)
BGD,NT_ANT_WHZ_NE2,_T,_T,B80,R,_T,2018,2017-18,8.2356,7.432,9.1174,5450.45703125,Bangladesh Demographic and Health Survey 2017-18. Dhaka  Bangladesh  and Rockville  Maryland  USA  NIPORT and ICF,wasting (< -2 SD)
BGD,NT_ANT_WHZ_NE2,_T,_T,B80,U,_T,2018,2017-18,10.7416,8.877,12.9421,1196.2119140625,Bangladesh Demographic and Health Survey 2017-18. Dhaka  Bangladesh  and Rockville  Maryland  USA  NIPORT and ICF,wasting (< -2 SD)
BGD,NT_ANT_WHZ_NE2,_T,_T,Q1,R,_T,2018,2017-18,10.0584,8.5214,11.8369,1599.28405761719,Bangladesh Demographic and Health Survey 2017-18. Dhaka  Bangladesh  and Rockville  Maryland  USA  NIPORT and ICF,wasting (< -2 SD)
BGD,NT_ANT_WHZ_NE2,_T,_T,Q1,U,_T,2018,2017-18,9.8109,6.4186,14.7141,198.872055053711,Bangladesh Demographic and Health Survey 2017-18. Dhaka  Bangladesh  and Rockville  Maryland  USA  NIPORT and ICF,wasting (< -2 SD)
BGD,NT_ANT_WHZ_NE2,_T,_T,Q1,_T,_T,2018,2017-18,10.0311,8.5951,11.6762,1798.15612792969,Bangladesh Demographic and Health Survey 2017-18. Dhaka  Bangladesh  and Rockville  Maryland  USA  NIPORT and ICF,wasting (< -2 SD)
BGD,NT_ANT_WHZ_NE2,_T,_T,Q2,R,_T,2018,2017-18,7.5448,6.197,9.1572,1539.63537597656,Bangladesh Demographic and Health Survey 2017-18. Dhaka  Bangladesh  and Rockville  Maryland  USA  NIPORT and ICF,wasting (< -2 SD)
BGD,NT_ANT_WHZ_NE2,_T,_T,Q2,U,_T,2018,2017-18,12.1417,7.6046,18.834,142.139114379883,Bangladesh Demographic and Health Survey 2017-18. Dhaka  Bangladesh  and Rockville  Maryland  USA  NIPORT and ICF,wasting (< -2 SD)
BGD,NT_ANT_WHZ_NE2,_T,_T,Q2,_T,_T,2018,2017-18,7.9334,6.6136,9.4897,1681.77453613281,Bangladesh Demographic and Health Survey 2017-18. Dhaka  Bangladesh  and Rockville  Maryland  USA  NIPORT and ICF,wasting (< -2 SD)
BGD,NT_ANT_WHZ_NE2,_T,_T,Q3,R,_T,2018,2017-18,7.5273,6.0902,9.2699,1298.001953125,Bangladesh Demographic and Health Survey 2017-18. Dhaka  Bangladesh  and Rockville  Maryland  USA  NIPORT and ICF,wasting (< -2 SD)
BGD,NT_ANT_WHZ_NE2,_T,_T,Q3,U,_T,2018,2017-18,9.4581,6.7435,13.1119,262.121368408203,Bangladesh Demographic and Health Survey 2017-18. Dhaka  Bangladesh  and Rockville  Maryland  USA  NIPORT and ICF,wasting (< -2 SD)
BGD,NT_ANT_WHZ_NE2,_T,_T,Q3,_T,_T,2018,2017-18,7.8517,6.5489,9.3875,1560.12329101562,Bangladesh Demographic and Health Survey 2017-18. Dhaka  Bangladesh  and Rockville  Maryland  USA  NIPORT and ICF,wasting (< -2 SD)
BGD,NT_ANT_WHZ_NE2,_T,_T,Q4,R,_T,2018,2017-18,7.3156,5.6024,9.5,1013.53558349609,Bangladesh Demographic and Health Survey 2017-18. Dhaka  Bangladesh  and Rockville  Maryland  USA  NIPORT and ICF,wasting (< -2 SD)
BGD,NT_ANT_WHZ_NE2,_T,_T,Q4,U,_T,2018,2017-18,11.2853,8.7003,14.5164,593.079406738281,Bangladesh Demographic and Health Survey 2017-18. Dhaka  Bangladesh  and Rockville  Maryland  USA  NIPORT and ICF,wasting (< -2 SD)
BGD,NT_ANT_WHZ_NE2,_T,_T,Q4,_T,_T,2018,2017-18,8.7811,7.2802,10.556,1606.61499023438,Bangladesh Demographic and Health Survey 2017-18. Dhaka  Bangladesh  and Rockville  Maryland  USA  NIPORT and ICF,wasting (< -2 SD)
BGD,NT_ANT_WHZ_NE2,_T,_T,Q5,R,_T,2018,2017-18,8.3536,5.301,12.9242,554.306091308594,Bangladesh Demographic and Health Survey 2017-18. Dhaka  Bangladesh  and Rockville  Maryland  USA  NIPORT and ICF,wasting (< -2 SD)
BGD,NT_ANT_WHZ_NE2,_T,_T,Q5,U,_T,2018,2017-18,6.5755,4.663,9.1967,911.958312988281,Bangladesh Demographic and Health Survey 2017-18. Dhaka  Bangladesh  and Rockville  Maryland  USA  NIPORT and ICF,wasting (< -2 SD)
BGD,NT_ANT_WHZ_NE2,_T,_T,Q5,_T,_T,2018,2017-18,7.2477,5.5,9.4949,1466.26440429688,Bangladesh Demographic and Health Survey 2017-18. Dhaka  Bangladesh  and Rockville  Maryland  USA  NIPORT and ICF,wasting (< -2 SD)
BGD,NT_ANT_WHZ_NE2,_T,_T,R20,R,_T,2018,2017-18,8.3536,5.301,12.9242,554.306091308594,Bangladesh Demographic and Health Survey 2017-18. Dhaka  Bangladesh  and Rockville  Maryland  USA  NIPORT and ICF,wasting (< -2 SD)
BGD,NT_ANT_WHZ_NE2,_T,_T,R20,U,_T,2018,2017-18,6.5755,4.663,9.1967,911.958312988281,Bangladesh Demographic and Health Survey 2017-18. Dhaka  Bangladesh  and Rockville  Maryland  USA  NIPORT and ICF,wasting (< -2 SD)
BGD,NT_ANT_WHZ_NE2,_T,_T,R40,R,_T,2018,2017-18,7.6826,6.0412,9.7238,1567.84167480469,Bangladesh Demographic and Health Survey 2017-18. Dhaka  Bangladesh  and Rockville  Maryland  USA  NIPORT and ICF,wasting (< -2 SD)
BGD,NT_ANT_WHZ_NE2,_T,_T,R40,U,_T,2018,2017-18,8.4315,6.8236,10.3759,1505.03771972656,Bangladesh Demographic and Health Survey 2017-18. Dhaka  Bangladesh  and Rockville  Maryland  USA  NIPORT and ICF,wasting (< -2 SD)
BGD,NT_ANT_WHZ_NE2,_T,_T,R60,R,_T,2018,2017-18,7.6122,6.3554,9.0936,2865.84375,Bangladesh Demographic and Health Survey 2017-18. Dhaka  Bangladesh  and Rockville  Maryland  USA  NIPORT and ICF,wasting (< -2 SD)
BGD,NT_ANT_WHZ_NE2,_T,_T,R60,U,_T,2018,2017-18,8.5838,7.126,10.3066,1767.15905761719,Bangladesh Demographic and Health Survey 2017-18. Dhaka  Bangladesh  and Rockville  Maryland  USA  NIPORT and ICF,wasting (< -2 SD)
BGD,NT_ANT_WHZ_NE2,_T,_T,R80,R,_T,2018,2017-18,7.5887,6.6348,8.6669,4405.47900390625,Bangladesh Demographic and Health Survey 2017-18. Dhaka  Bangladesh  and Rockville  Maryland  USA  NIPORT and ICF,wasting (< -2 SD)
BGD,NT_ANT_WHZ_NE2,_T,_T,R80,U,_T,2018,2017-18,8.8486,7.4012,10.5468,1909.29821777344,Bangladesh Demographic and Health Survey 2017-18. Dhaka  Bangladesh  and Rockville  Maryland  USA  NIPORT and ICF,wasting (< -2 SD)
BGD,NT_ANT_WHZ_NE2,_T,_T,_T,R,_T,2018,2017-18,8.2465,7.4175,9.159,6004.76318359375,Bangladesh Demographic and Health Survey 2017-18. Dhaka  Bangladesh  and Rockville  Maryland  USA  NIPORT and ICF,wasting (< -2 SD)
BGD,NT_ANT_WHZ_NE2,_T,_T,_T,U,_T,2018,2017-18,8.9394,7.5519,10.5528,2108.17016601562,Bangladesh Demographic and Health Survey 2017-18. Dhaka  Bangladesh  and Rockville  Maryland  USA  NIPORT and ICF,wasting (< -2 SD)
BGD,NT_ANT_WHZ_NE2,_T,_T,_T,_T,ISCED11A_01,2018,2017-18,11.978,9.4633,15.0498,560.257629394531,Bangladesh Demographic and Health Survey 2017-18. Dhaka  Bangladesh  and Rockville  Maryland  USA  NIPORT and ICF,wasting (< -2 SD)
BGD,NT_ANT_WHZ_NE2,_T,_T,_T,_T,AGG_5T8,2018,2017-18,6.0918,4.7129,7.8411,1194.53942871094,Bangladesh Demographic and Health Survey 2017-18. Dhaka  Bangladesh  and Rockville  Maryland  USA  NIPORT and ICF,wasting (< -2 SD)
BGD,NT_ANT_WHZ_NE2,_T,_T,_T,_T,ISCED11_1,2018,2017-18,8.9787,7.7657,10.3599,2237.505859375,Bangladesh Demographic and Health Survey 2017-18. Dhaka  Bangladesh  and Rockville  Maryland  USA  NIPORT and ICF,wasting (< -2 SD)
BGD,NT_ANT_WHZ_NE2,_T,_T,_T,_T,AGG_2_3,2018,2017-18,8.3655,7.3385,9.5215,3812.93798828125,Bangladesh Demographic and Health Survey 2017-18. Dhaka  Bangladesh  and Rockville  Maryland  USA  NIPORT and ICF,wasting (< -2 SD)
BGD,NT_ANT_WHZ_NE2,_T,_T,_T,_T,AGG_3S_H,2018,2017-18,7.8231,6.9197,8.8332,5007.4775390625,Bangladesh Demographic and Health Survey 2017-18. Dhaka  Bangladesh  and Rockville  Maryland  USA  NIPORT and ICF,wasting (< -2 SD)
BGD,NT_ANT_WHZ_NE2,_T,_T,_T,_T,AGG_0_1,2018,2017-18,9.5793,8.4624,10.8262,2797.76342773438,Bangladesh Demographic and Health Survey 2017-18. Dhaka  Bangladesh  and Rockville  Maryland  USA  NIPORT and ICF,wasting (< -2 SD)
BGD,NT_ANT_WHZ_NE2,_T,_T,_T,_T,_T,2018,2017-18,8.4265,7.7055,9.2083,8112.93359375,Bangladesh Demographic and Health Survey 2017-18. Dhaka  Bangladesh  and Rockville  Maryland  USA  NIPORT and ICF,wasting (< -2 SD)
BGD,NT_ANT_WHZ_NE2,_T,_T,_T,_T,_T,2019-01,2018-19,9.5268,,,,Bangladesh Integrated Household Survey (BIHS) 2018-2019. Washington  DC  IFPRI. 2020,wasting (< -2 SD)
BGD,NT_ANT_WHZ_NE2,F,M0T11,_T,_T,_T,2019-03,2019,8.5584,7.2867,10.028,2076.11499023438,Bangladesh Multiple Indicator Cluster Survey 2019  Survey Findings Report. Dhaka  Bangladesh  Bangladesh Bureau of Statistics (BBS),wasting (< -2 SD)
BGD,NT_ANT_WHZ_NE2,F,M0T23,_T,_T,_T,2019-03,2019,9.1845,8.2415,10.2234,4184.607421875,Bangladesh Multiple Indicator Cluster Survey 2019  Survey Findings Report. Dhaka  Bangladesh  Bangladesh Bureau of Statistics (BBS),wasting (< -2 SD)
BGD,NT_ANT_WHZ_NE2,F,M0T5,_T,_T,_T,2019-03,2019,8.7416,7.008,10.854,1067.87768554688,Bangladesh Multiple Indicator Cluster Survey 2019  Survey Findings Report. Dhaka  Bangladesh  Bangladesh Bureau of Statistics (BBS),wasting (< -2 SD)
BGD,NT_ANT_WHZ_NE2,F,M12T17,_T,_T,_T,2019-03,2019,9.4352,7.7456,11.4476,1141.5302734375,Bangladesh Multiple Indicator Cluster Survey 2019  Survey Findings Report. Dhaka  Bangladesh  Bangladesh Bureau of Statistics (BBS),wasting (< -2 SD)
BGD,NT_ANT_WHZ_NE2,F,M12T23,_T,_T,_T,2019-03,2019,9.801,8.4819,11.2998,2108.4921875,Bangladesh Multiple Indicator Cluster Survey 2019  Survey Findings Report. Dhaka  Bangladesh  Bangladesh Bureau of Statistics (BBS),wasting (< -2 SD)
BGD,NT_ANT_WHZ_NE2,F,M18T23,_T,_T,_T,2019-03,2019,10.2328,8.2923,12.5652,966.9619140625,Bangladesh Multiple Indicator Cluster Survey 2019  Survey Findings Report. Dhaka  Bangladesh  Bangladesh Bureau of Statistics (BBS),wasting (< -2 SD)
BGD,NT_ANT_WHZ_NE2,F,M24T29,_T,_T,_T,2019-03,2019,9.5674,7.7963,11.6899,1056.06384277344,Bangladesh Multiple Indicator Cluster Survey 2019  Survey Findings Report. Dhaka  Bangladesh  Bangladesh Bureau of Statistics (BBS),wasting (< -2 SD)
BGD,NT_ANT_WHZ_NE2,F,M24T35,_T,_T,_T,2019-03,2019,8.4641,7.2022,9.9235,2029.56762695312,Bangladesh Multiple Indicator Cluster Survey 2019  Survey Findings Report. Dhaka  Bangladesh  Bangladesh Bureau of Statistics (BBS),wasting (< -2 SD)
BGD,NT_ANT_WHZ_NE2,F,M24T59,_T,_T,_T,2019-03,2019,9.1558,8.3667,10.0112,6377.9091796875,Bangladesh Multiple Indicator Cluster Survey 2019  Survey Findings Report. Dhaka  Bangladesh  Bangladesh Bureau of Statistics (BBS),wasting (< -2 SD)
BGD,NT_ANT_WHZ_NE2,F,M30T35,_T,_T,_T,2019-03,2019,7.2672,5.6421,9.3142,973.503845214844,Bangladesh Multiple Indicator Cluster Survey 2019  Survey Findings Report. Dhaka  Bangladesh  Bangladesh Bureau of Statistics (BBS),wasting (< -2 SD)
BGD,NT_ANT_WHZ_NE2,F,M36T41,_T,_T,_T,2019-03,2019,7.2157,5.7779,8.9772,1169.7294921875,Bangladesh Multiple Indicator Cluster Survey 2019  Survey Findings Report. Dhaka  Bangladesh  Bangladesh Bureau of Statistics (BBS),wasting (< -2 SD)
BGD,NT_ANT_WHZ_NE2,F,M36T47,_T,_T,_T,2019-03,2019,7.5595,6.4423,8.852,2220.9580078125,Bangladesh Multiple Indicator Cluster Survey 2019  Survey Findings Report. Dhaka  Bangladesh  Bangladesh Bureau of Statistics (BBS),wasting (< -2 SD)
BGD,NT_ANT_WHZ_NE2,F,M42T47,_T,_T,_T,2019-03,2019,7.942,6.3107,9.9502,1051.228515625,Bangladesh Multiple Indicator Cluster Survey 2019  Survey Findings Report. Dhaka  Bangladesh  Bangladesh Bureau of Statistics (BBS),wasting (< -2 SD)
BGD,NT_ANT_WHZ_NE2,F,M48T53,_T,_T,_T,2019-03,2019,10.5561,8.652,12.8205,1113.47509765625,Bangladesh Multiple Indicator Cluster Survey 2019  Survey Findings Report. Dhaka  Bangladesh  Bangladesh Bureau of Statistics (BBS),wasting (< -2 SD)
BGD,NT_ANT_WHZ_NE2,F,M48T59,_T,_T,_T,2019-03,2019,11.4823,10.0112,13.1381,2127.38354492188,Bangladesh Multiple Indicator Cluster Survey 2019  Survey Findings Report. Dhaka  Bangladesh  Bangladesh Bureau of Statistics (BBS),wasting (< -2 SD)
BGD,NT_ANT_WHZ_NE2,F,M54T59,_T,_T,_T,2019-03,2019,12.4995,10.4042,14.9465,1013.90838623047,Bangladesh Multiple Indicator Cluster Survey 2019  Survey Findings Report. Dhaka  Bangladesh  Bangladesh Bureau of Statistics (BBS),wasting (< -2 SD)
BGD,NT_ANT_WHZ_NE2,F,M6T11,_T,_T,_T,2019-03,2019,8.3643,6.6154,10.5235,1008.23742675781,Bangladesh Multiple Indicator Cluster Survey 2019  Survey Findings Report. Dhaka  Bangladesh  Bangladesh Bureau of Statistics (BBS),wasting (< -2 SD)
BGD,NT_ANT_WHZ_NE2,F,_T,_T,_T,_T,2019-03,2019,9.1672,8.5396,9.8359,10562.5166015625,Bangladesh Multiple Indicator Cluster Survey 2019  Survey Findings Report. Dhaka  Bangladesh  Bangladesh Bureau of Statistics (BBS),wasting (< -2 SD)
BGD,NT_ANT_WHZ_NE2,M,M0T11,_T,_T,_T,2019-03,2019,11.2181,9.8547,12.7436,2305.75732421875,Bangladesh Multiple Indicator Cluster Survey 2019  Survey Findings Report. Dhaka  Bangladesh  Bangladesh Bureau of Statistics (BBS),wasting (< -2 SD)
BGD,NT_ANT_WHZ_NE2,M,M0T23,_T,_T,_T,2019-03,2019,11.5014,10.4854,12.602,4502.00439453125,Bangladesh Multiple Indicator Cluster Survey 2019  Survey Findings Report. Dhaka  Bangladesh  Bangladesh Bureau of Statistics (BBS),wasting (< -2 SD)
BGD,NT_ANT_WHZ_NE2,M,M0T5,_T,_T,_T,2019-03,2019,10.4821,8.6982,12.5813,1165.7607421875,Bangladesh Multiple Indicator Cluster Survey 2019  Survey Findings Report. Dhaka  Bangladesh  Bangladesh Bureau of Statistics (BBS),wasting (< -2 SD)
BGD,NT_ANT_WHZ_NE2,M,M12T17,_T,_T,_T,2019-03,2019,10.6957,8.866,12.8499,1174.77490234375,Bangladesh Multiple Indicator Cluster Survey 2019  Survey Findings Report. Dhaka  Bangladesh  Bangladesh Bureau of Statistics (BBS),wasting (< -2 SD)
BGD,NT_ANT_WHZ_NE2,M,M12T23,_T,_T,_T,2019-03,2019,11.7987,10.3302,13.4448,2196.24682617188,Bangladesh Multiple Indicator Cluster Survey 2019  Survey Findings Report. Dhaka  Bangladesh  Bangladesh Bureau of Statistics (BBS),wasting (< -2 SD)
BGD,NT_ANT_WHZ_NE2,M,M18T23,_T,_T,_T,2019-03,2019,13.0673,10.9083,15.5788,1021.47192382812,Bangladesh Multiple Indicator Cluster Survey 2019  Survey Findings Report. Dhaka  Bangladesh  Bangladesh Bureau of Statistics (BBS),wasting (< -2 SD)
BGD,NT_ANT_WHZ_NE2,M,M24T29,_T,_T,_T,2019-03,2019,9.8881,8.0527,12.0868,1168.45422363281,Bangladesh Multiple Indicator Cluster Survey 2019  Survey Findings Report. Dhaka  Bangladesh  Bangladesh Bureau of Statistics (BBS),wasting (< -2 SD)
BGD,NT_ANT_WHZ_NE2,M,M24T35,_T,_T,_T,2019-03,2019,9.6904,8.3868,11.1718,2292.23901367188,Bangladesh Multiple Indicator Cluster Survey 2019  Survey Findings Report. Dhaka  Bangladesh  Bangladesh Bureau of Statistics (BBS),wasting (< -2 SD)
BGD,NT_ANT_WHZ_NE2,M,M24T59,_T,_T,_T,2019-03,2019,9.7561,8.989,10.581,6946.951171875,Bangladesh Multiple Indicator Cluster Survey 2019  Survey Findings Report. Dhaka  Bangladesh  Bangladesh Bureau of Statistics (BBS),wasting (< -2 SD)
BGD,NT_ANT_WHZ_NE2,M,M30T35,_T,_T,_T,2019-03,2019,9.4848,7.7522,11.5563,1123.78466796875,Bangladesh Multiple Indicator Cluster Survey 2019  Survey Findings Report. Dhaka  Bangladesh  Bangladesh Bureau of Statistics (BBS),wasting (< -2 SD)
BGD,NT_ANT_WHZ_NE2,M,M36T41,_T,_T,_T,2019-03,2019,8.6877,7.104,10.5843,1243.28234863281,Bangladesh Multiple Indicator Cluster Survey 2019  Survey Findings Report. Dhaka  Bangladesh  Bangladesh Bureau of Statistics (BBS),wasting (< -2 SD)
BGD,NT_ANT_WHZ_NE2,M,M36T47,_T,_T,_T,2019-03,2019,9.2318,8.0143,10.6128,2358.23022460938,Bangladesh Multiple Indicator Cluster Survey 2019  Survey Findings Report. Dhaka  Bangladesh  Bangladesh Bureau of Statistics (BBS),wasting (< -2 SD)
BGD,NT_ANT_WHZ_NE2,M,M42T47,_T,_T,_T,2019-03,2019,9.8384,8.0412,11.985,1114.94787597656,Bangladesh Multiple Indicator Cluster Survey 2019  Survey Findings Report. Dhaka  Bangladesh  Bangladesh Bureau of Statistics (BBS),wasting (< -2 SD)
BGD,NT_ANT_WHZ_NE2,M,M48T53,_T,_T,_T,2019-03,2019,8.7415,7.1346,10.6688,1253.57397460938,Bangladesh Multiple Indicator Cluster Survey 2019  Survey Findings Report. Dhaka  Bangladesh  Bangladesh Bureau of Statistics (BBS),wasting (< -2 SD)
BGD,NT_ANT_WHZ_NE2,M,M48T59,_T,_T,_T,2019-03,2019,10.3601,9.0386,11.8496,2296.48168945312,Bangladesh Multiple Indicator Cluster Survey 2019  Survey Findings Report. Dhaka  Bangladesh  Bangladesh Bureau of Statistics (BBS),wasting (< -2 SD)
BGD,NT_ANT_WHZ_NE2,M,M54T59,_T,_T,_T,2019-03,2019,12.3056,10.2091,14.7618,1042.90783691406,Bangladesh Multiple Indicator Cluster Survey 2019  Survey Findings Report. Dhaka  Bangladesh  Bangladesh Bureau of Statistics (BBS),wasting (< -2 SD)
BGD,NT_ANT_WHZ_NE2,M,M6T11,_T,_T,_T,2019-03,2019,11.9709,9.983,14.2917,1139.99658203125,Bangladesh Multiple Indicator Cluster Survey 2019  Survey Findings Report. Dhaka  Bangladesh  Bangladesh Bureau of Statistics (BBS),wasting (< -2 SD)
BGD,NT_ANT_WHZ_NE2,M,_T,_T,_T,_T,2019-03,2019,10.4424,9.8148,11.1052,11448.955078125,Bangladesh Multiple Indicator Cluster Survey 2019  Survey Findings Report. Dhaka  Bangladesh  Bangladesh Bureau of Statistics (BBS),wasting (< -2 SD)
BGD,NT_ANT_WHZ_NE2,_T,M0T11,_T,_T,_T,2019-03,2019,9.958,8.9723,11.0387,4381.87255859375,Bangladesh Multiple Indicator Cluster Survey 2019  Survey Findings Report. Dhaka  Bangladesh  Bangladesh Bureau of Statistics (BBS),wasting (< -2 SD)
BGD,NT_ANT_WHZ_NE2,_T,M0T23,_T,_T,_T,2019-03,2019,10.3853,9.66,11.1582,8686.611328125,Bangladesh Multiple Indicator Cluster Survey 2019  Survey Findings Report. Dhaka  Bangladesh  Bangladesh Bureau of Statistics (BBS),wasting (< -2 SD)
BGD,NT_ANT_WHZ_NE2,_T,M0T5,_T,_T,_T,2019-03,2019,9.65,8.3842,11.0837,2233.63842773438,Bangladesh Multiple Indicator Cluster Survey 2019  Survey Findings Report. Dhaka  Bangladesh  Bangladesh Bureau of Statistics (BBS),wasting (< -2 SD)
BGD,NT_ANT_WHZ_NE2,_T,M12T17,_T,_T,_T,2019-03,2019,10.0745,8.8082,11.5,2316.30517578125,Bangladesh Multiple Indicator Cluster Survey 2019  Survey Findings Report. Dhaka  Bangladesh  Bangladesh Bureau of Statistics (BBS),wasting (< -2 SD)
BGD,NT_ANT_WHZ_NE2,_T,M12T23,_T,_T,_T,2019-03,2019,10.8202,9.8137,11.9164,4304.7392578125,Bangladesh Multiple Indicator Cluster Survey 2019  Survey Findings Report. Dhaka  Bangladesh  Bangladesh Bureau of Statistics (BBS),wasting (< -2 SD)
BGD,NT_ANT_WHZ_NE2,_T,M18T23,_T,_T,_T,2019-03,2019,11.6889,10.2034,13.3585,1988.43383789062,Bangladesh Multiple Indicator Cluster Survey 2019  Survey Findings Report. Dhaka  Bangladesh  Bangladesh Bureau of Statistics (BBS),wasting (< -2 SD)
BGD,NT_ANT_WHZ_NE2,_T,M24T29,_T,_T,_T,2019-03,2019,9.7359,8.4239,11.2271,2224.51806640625,Bangladesh Multiple Indicator Cluster Survey 2019  Survey Findings Report. Dhaka  Bangladesh  Bangladesh Bureau of Statistics (BBS),wasting (< -2 SD)
BGD,NT_ANT_WHZ_NE2,_T,M24T35,_T,_T,_T,2019-03,2019,9.1145,8.1596,10.1688,4321.806640625,Bangladesh Multiple Indicator Cluster Survey 2019  Survey Findings Report. Dhaka  Bangladesh  Bangladesh Bureau of Statistics (BBS),wasting (< -2 SD)
BGD,NT_ANT_WHZ_NE2,_T,M24T59,_T,_T,_T,2019-03,2019,9.4688,8.8879,10.0834,13324.8603515625,Bangladesh Multiple Indicator Cluster Survey 2019  Survey Findings Report. Dhaka  Bangladesh  Bangladesh Bureau of Statistics (BBS),wasting (< -2 SD)
BGD,NT_ANT_WHZ_NE2,_T,M30T35,_T,_T,_T,2019-03,2019,8.4555,7.1874,9.9233,2097.28857421875,Bangladesh Multiple Indicator Cluster Survey 2019  Survey Findings Report. Dhaka  Bangladesh  Bangladesh Bureau of Statistics (BBS),wasting (< -2 SD)
BGD,NT_ANT_WHZ_NE2,_T,M36T41,_T,_T,_T,2019-03,2019,7.9741,6.8706,9.2373,2413.01171875,Bangladesh Multiple Indicator Cluster Survey 2019  Survey Findings Report. Dhaka  Bangladesh  Bangladesh Bureau of Statistics (BBS),wasting (< -2 SD)
BGD,NT_ANT_WHZ_NE2,_T,M36T47,_T,_T,_T,2019-03,2019,8.4207,7.5724,9.3544,4579.1884765625,Bangladesh Multiple Indicator Cluster Survey 2019  Survey Findings Report. Dhaka  Bangladesh  Bangladesh Bureau of Statistics (BBS),wasting (< -2 SD)
BGD,NT_ANT_WHZ_NE2,_T,M42T47,_T,_T,_T,2019-03,2019,8.9181,7.6739,10.3414,2166.17651367188,Bangladesh Multiple Indicator Cluster Survey 2019  Survey Findings Report. Dhaka  Bangladesh  Bangladesh Bureau of Statistics (BBS),wasting (< -2 SD)
BGD,NT_ANT_WHZ_NE2,_T,M48T53,_T,_T,_T,2019-03,2019,9.5951,8.2832,11.0897,2367.04907226562,Bangladesh Multiple Indicator Cluster Survey 2019  Survey Findings Report. Dhaka  Bangladesh  Bangladesh Bureau of Statistics (BBS),wasting (< -2 SD)
BGD,NT_ANT_WHZ_NE2,_T,M48T59,_T,_T,_T,2019-03,2019,10.8997,9.8722,12.02,4423.865234375,Bangladesh Multiple Indicator Cluster Survey 2019  Survey Findings Report. Dhaka  Bangladesh  Bangladesh Bureau of Statistics (BBS),wasting (< -2 SD)
BGD,NT_ANT_WHZ_NE2,_T,M54T59,_T,_T,_T,2019-03,2019,12.4012,10.8913,14.0872,2056.81640625,Bangladesh Multiple Indicator Cluster Survey 2019  Survey Findings Report. Dhaka  Bangladesh  Bangladesh Bureau of Statistics (BBS),wasting (< -2 SD)
BGD,NT_ANT_WHZ_NE2,_T,M6T11,_T,_T,_T,2019-03,2019,10.2782,8.8573,11.8973,2148.23388671875,Bangladesh Multiple Indicator Cluster Survey 2019  Survey Findings Report. Dhaka  Bangladesh  Bangladesh Bureau of Statistics (BBS),wasting (< -2 SD)
BGD,NT_ANT_WHZ_NE2,_T,_T,B20,R,_T,2019-03,2019,12.0638,11.0534,13.1529,4468.64453125,Bangladesh Multiple Indicator Cluster Survey 2019  Survey Findings Report. Dhaka  Bangladesh  Bangladesh Bureau of Statistics (BBS),wasting (< -2 SD)
BGD,NT_ANT_WHZ_NE2,_T,_T,B20,U,_T,2019-03,2019,7.1016,4.6812,10.6339,319.674133300781,Bangladesh Multiple Indicator Cluster Survey 2019  Survey Findings Report. Dhaka  Bangladesh  Bangladesh Bureau of Statistics (BBS),wasting (< -2 SD)
BGD,NT_ANT_WHZ_NE2,_T,_T,B40,R,_T,2019-03,2019,11.7249,10.9719,12.5223,8504.1767578125,Bangladesh Multiple Indicator Cluster Survey 2019  Survey Findings Report. Dhaka  Bangladesh  Bangladesh Bureau of Statistics (BBS),wasting (< -2 SD)
BGD,NT_ANT_WHZ_NE2,_T,_T,B40,U,_T,2019-03,2019,10.5143,7.8273,13.9837,629.731079101562,Bangladesh Multiple Indicator Cluster Survey 2019  Survey Findings Report. Dhaka  Bangladesh  Bangladesh Bureau of Statistics (BBS),wasting (< -2 SD)
BGD,NT_ANT_WHZ_NE2,_T,_T,B60,R,_T,2019-03,2019,10.9182,10.3078,11.5601,12133.9775390625,Bangladesh Multiple Indicator Cluster Survey 2019  Survey Findings Report. Dhaka  Bangladesh  Bangladesh Bureau of Statistics (BBS),wasting (< -2 SD)
BGD,NT_ANT_WHZ_NE2,_T,_T,B60,U,_T,2019-03,2019,10.7312,8.7153,13.1463,1135.97863769531,Bangladesh Multiple Indicator Cluster Survey 2019  Survey Findings Report. Dhaka  Bangladesh  Bangladesh Bureau of Statistics (BBS),wasting (< -2 SD)
BGD,NT_ANT_WHZ_NE2,_T,_T,B80,R,_T,2019-03,2019,10.3297,9.7867,10.8993,15414.5341796875,Bangladesh Multiple Indicator Cluster Survey 2019  Survey Findings Report. Dhaka  Bangladesh  Bangladesh Bureau of Statistics (BBS),wasting (< -2 SD)
BGD,NT_ANT_WHZ_NE2,_T,_T,B80,U,_T,2019-03,2019,10.0277,8.6461,11.6019,2162.71899414062,Bangladesh Multiple Indicator Cluster Survey 2019  Survey Findings Report. Dhaka  Bangladesh  Bangladesh Bureau of Statistics (BBS),wasting (< -2 SD)
BGD,NT_ANT_WHZ_NE2,_T,_T,Q1,R,_T,2019-03,2019,12.0638,11.0534,13.1529,4468.64453125,Bangladesh Multiple Indicator Cluster Survey 2019  Survey Findings Report. Dhaka  Bangladesh  Bangladesh Bureau of Statistics (BBS),wasting (< -2 SD)
BGD,NT_ANT_WHZ_NE2,_T,_T,Q1,U,_T,2019-03,2019,7.1016,4.6812,10.6339,319.674133300781,Bangladesh Multiple Indicator Cluster Survey 2019  Survey Findings Report. Dhaka  Bangladesh  Bangladesh Bureau of Statistics (BBS),wasting (< -2 SD)
BGD,NT_ANT_WHZ_NE2,_T,_T,Q1,_T,_T,2019-03,2019,11.7325,10.7658,12.7735,4788.31884765625,Bangladesh Multiple Indicator Cluster Survey 2019  Survey Findings Report. Dhaka  Bangladesh  Bangladesh Bureau of Statistics (BBS),wasting (< -2 SD)
BGD,NT_ANT_WHZ_NE2,_T,_T,Q2,R,_T,2019-03,2019,11.3496,10.2957,12.4965,4035.5322265625,Bangladesh Multiple Indicator Cluster Survey 2019  Survey Findings Report. Dhaka  Bangladesh  Bangladesh Bureau of Statistics (BBS),wasting (< -2 SD)
BGD,NT_ANT_WHZ_NE2,_T,_T,Q2,U,_T,2019-03,2019,14.0327,9.5617,20.1292,310.056945800781,Bangladesh Multiple Indicator Cluster Survey 2019  Survey Findings Report. Dhaka  Bangladesh  Bangladesh Bureau of Statistics (BBS),wasting (< -2 SD)
BGD,NT_ANT_WHZ_NE2,_T,_T,Q2,_T,_T,2019-03,2019,11.5411,10.496,12.6754,4345.58935546875,Bangladesh Multiple Indicator Cluster Survey 2019  Survey Findings Report. Dhaka  Bangladesh  Bangladesh Bureau of Statistics (BBS),wasting (< -2 SD)
BGD,NT_ANT_WHZ_NE2,_T,_T,Q3,R,_T,2019-03,2019,9.0283,8.0338,10.1324,3629.80029296875,Bangladesh Multiple Indicator Cluster Survey 2019  Survey Findings Report. Dhaka  Bangladesh  Bangladesh Bureau of Statistics (BBS),wasting (< -2 SD)
BGD,NT_ANT_WHZ_NE2,_T,_T,Q3,U,_T,2019-03,2019,11.0011,8.3818,14.311,506.247528076172,Bangladesh Multiple Indicator Cluster Survey 2019  Survey Findings Report. Dhaka  Bangladesh  Bangladesh Bureau of Statistics (BBS),wasting (< -2 SD)
BGD,NT_ANT_WHZ_NE2,_T,_T,Q3,_T,_T,2019-03,2019,9.2698,8.3283,10.3057,4136.0478515625,Bangladesh Multiple Indicator Cluster Survey 2019  Survey Findings Report. Dhaka  Bangladesh  Bangladesh Bureau of Statistics (BBS),wasting (< -2 SD)
BGD,NT_ANT_WHZ_NE2,_T,_T,Q4,R,_T,2019-03,2019,8.1531,7.0908,9.3585,3280.55712890625,Bangladesh Multiple Indicator Cluster Survey 2019  Survey Findings Report. Dhaka  Bangladesh  Bangladesh Bureau of Statistics (BBS),wasting (< -2 SD)
BGD,NT_ANT_WHZ_NE2,_T,_T,Q4,U,_T,2019-03,2019,9.2493,7.3676,11.5518,1026.74035644531,Bangladesh Multiple Indicator Cluster Survey 2019  Survey Findings Report. Dhaka  Bangladesh  Bangladesh Bureau of Statistics (BBS),wasting (< -2 SD)
BGD,NT_ANT_WHZ_NE2,_T,_T,Q4,_T,_T,2019-03,2019,8.4144,7.4731,9.4621,4307.29736328125,Bangladesh Multiple Indicator Cluster Survey 2019  Survey Findings Report. Dhaka  Bangladesh  Bangladesh Bureau of Statistics (BBS),wasting (< -2 SD)
BGD,NT_ANT_WHZ_NE2,_T,_T,Q5,R,_T,2019-03,2019,8.5373,6.9017,10.5168,2010.53430175781,Bangladesh Multiple Indicator Cluster Survey 2019  Survey Findings Report. Dhaka  Bangladesh  Bangladesh Bureau of Statistics (BBS),wasting (< -2 SD)
BGD,NT_ANT_WHZ_NE2,_T,_T,Q5,U,_T,2019-03,2019,7.5517,6.2191,9.142,2423.68408203125,Bangladesh Multiple Indicator Cluster Survey 2019  Survey Findings Report. Dhaka  Bangladesh  Bangladesh Bureau of Statistics (BBS),wasting (< -2 SD)
BGD,NT_ANT_WHZ_NE2,_T,_T,Q5,_T,_T,2019-03,2019,7.9986,6.9301,9.2155,4434.21826171875,Bangladesh Multiple Indicator Cluster Survey 2019  Survey Findings Report. Dhaka  Bangladesh  Bangladesh Bureau of Statistics (BBS),wasting (< -2 SD)
BGD,NT_ANT_WHZ_NE2,_T,_T,R20,R,_T,2019-03,2019,8.5373,6.9017,10.5168,2010.53430175781,Bangladesh Multiple Indicator Cluster Survey 2019  Survey Findings Report. Dhaka  Bangladesh  Bangladesh Bureau of Statistics (BBS),wasting (< -2 SD)
BGD,NT_ANT_WHZ_NE2,_T,_T,R20,U,_T,2019-03,2019,7.5517,6.2191,9.142,2423.68408203125,Bangladesh Multiple Indicator Cluster Survey 2019  Survey Findings Report. Dhaka  Bangladesh  Bangladesh Bureau of Statistics (BBS),wasting (< -2 SD)
BGD,NT_ANT_WHZ_NE2,_T,_T,R40,R,_T,2019-03,2019,8.2991,7.306,9.4134,5291.09130859375,Bangladesh Multiple Indicator Cluster Survey 2019  Survey Findings Report. Dhaka  Bangladesh  Bangladesh Bureau of Statistics (BBS),wasting (< -2 SD)
BGD,NT_ANT_WHZ_NE2,_T,_T,R40,U,_T,2019-03,2019,8.0568,6.9242,9.3561,3450.42456054688,Bangladesh Multiple Indicator Cluster Survey 2019  Survey Findings Report. Dhaka  Bangladesh  Bangladesh Bureau of Statistics (BBS),wasting (< -2 SD)
BGD,NT_ANT_WHZ_NE2,_T,_T,R60,R,_T,2019-03,2019,8.5958,7.8586,9.3952,8920.8916015625,Bangladesh Multiple Indicator Cluster Survey 2019  Survey Findings Report. Dhaka  Bangladesh  Bangladesh Bureau of Statistics (BBS),wasting (< -2 SD)
BGD,NT_ANT_WHZ_NE2,_T,_T,R60,U,_T,2019-03,2019,8.4335,7.3913,9.6075,3956.67211914062,Bangladesh Multiple Indicator Cluster Survey 2019  Survey Findings Report. Dhaka  Bangladesh  Bangladesh Bureau of Statistics (BBS),wasting (< -2 SD)
BGD,NT_ANT_WHZ_NE2,_T,_T,R80,R,_T,2019-03,2019,9.4535,8.8489,10.095,12956.423828125,Bangladesh Multiple Indicator Cluster Survey 2019  Survey Findings Report. Dhaka  Bangladesh  Bangladesh Bureau of Statistics (BBS),wasting (< -2 SD)
BGD,NT_ANT_WHZ_NE2,_T,_T,R80,U,_T,2019-03,2019,8.8404,7.7941,10.012,4266.72900390625,Bangladesh Multiple Indicator Cluster Survey 2019  Survey Findings Report. Dhaka  Bangladesh  Bangladesh Bureau of Statistics (BBS),wasting (< -2 SD)
BGD,NT_ANT_WHZ_NE2,_T,_T,_T,R,_T,2019-03,2019,10.1229,9.5914,10.6805,17425.068359375,Bangladesh Multiple Indicator Cluster Survey 2019  Survey Findings Report. Dhaka  Bangladesh  Bangladesh Bureau of Statistics (BBS),wasting (< -2 SD)
BGD,NT_ANT_WHZ_NE2,_T,_T,_T,U,_T,2019-03,2019,8.7192,7.7414,9.8075,4586.4033203125,Bangladesh Multiple Indicator Cluster Survey 2019  Survey Findings Report. Dhaka  Bangladesh  Bangladesh Bureau of Statistics (BBS),wasting (< -2 SD)
BGD,NT_ANT_WHZ_NE2,_T,_T,_T,_T,ISCED11A_01,2019-03,2019,12.5975,11.2038,14.137,2450.15698242188,Bangladesh Multiple Indicator Cluster Survey 2019  Survey Findings Report. Dhaka  Bangladesh  Bangladesh Bureau of Statistics (BBS),wasting (< -2 SD)
BGD,NT_ANT_WHZ_NE2,_T,_T,_T,_T,ISCED11_1,2019-03,2019,11.0753,10.1248,12.103,5219.45556640625,Bangladesh Multiple Indicator Cluster Survey 2019  Survey Findings Report. Dhaka  Bangladesh  Bangladesh Bureau of Statistics (BBS),wasting (< -2 SD)
BGD,NT_ANT_WHZ_NE2,_T,_T,_T,_T,AGG_3S_H,2019-03,2019,8.9047,8.3555,9.4863,14341.859375,Bangladesh Multiple Indicator Cluster Survey 2019  Survey Findings Report. Dhaka  Bangladesh  Bangladesh Bureau of Statistics (BBS),wasting (< -2 SD)
BGD,NT_ANT_WHZ_NE2,_T,_T,_T,_T,AGG_0_1,2019-03,2019,11.5616,10.7659,12.4078,7669.61279296875,Bangladesh Multiple Indicator Cluster Survey 2019  Survey Findings Report. Dhaka  Bangladesh  Bangladesh Bureau of Statistics (BBS),wasting (< -2 SD)
BGD,NT_ANT_WHZ_NE2,_T,_T,_T,_T,_T,2019-03,2019,9.8305,9.3593,10.3227,22011.47265625,Bangladesh Multiple Indicator Cluster Survey 2019  Survey Findings Report. Dhaka  Bangladesh  Bangladesh Bureau of Statistics (BBS),wasting (< -2 SD)
BGD,NT_ANT_WHZ_NE2,F,M0T11,_T,_T,_T,2022,2022,10.1458,7.3324,13.8771,455.033355712891,Bangladesh Demographic Health Survey 2022,wasting (< -2 SD)
BGD,NT_ANT_WHZ_NE2,F,M0T23,_T,_T,_T,2022,2022,8.9606,6.9446,11.4895,869.577514648438,Bangladesh Demographic Health Survey 2022,wasting (< -2 SD)
BGD,NT_ANT_WHZ_NE2,F,M0T5,_T,_T,_T,2022,2022,11.5739,7.6878,17.0613,222.602340698242,Bangladesh Demographic Health Survey 2022,wasting (< -2 SD)
BGD,NT_ANT_WHZ_NE2,F,M12T17,_T,_T,_T,2022,2022,7.9445,4.5633,13.4771,194.221313476562,Bangladesh Demographic Health Survey 2022,wasting (< -2 SD)
BGD,NT_ANT_WHZ_NE2,F,M12T23,_T,_T,_T,2022,2022,7.6595,5.132,11.2838,414.544189453125,Bangladesh Demographic Health Survey 2022,wasting (< -2 SD)
BGD,NT_ANT_WHZ_NE2,F,M18T23,_T,_T,_T,2022,2022,7.4083,4.0821,13.0753,220.322860717773,Bangladesh Demographic Health Survey 2022,wasting (< -2 SD)
BGD,NT_ANT_WHZ_NE2,F,M24T29,_T,_T,_T,2022,2022,8.49,5.2789,13.3786,192.305160522461,Bangladesh Demographic Health Survey 2022,wasting (< -2 SD)
BGD,NT_ANT_WHZ_NE2,F,M24T35,_T,_T,_T,2022,2022,11.8484,8.7453,15.8612,401.343292236328,Bangladesh Demographic Health Survey 2022,wasting (< -2 SD)
BGD,NT_ANT_WHZ_NE2,F,M24T59,_T,_T,_T,2022,2022,12.6151,10.7735,14.7196,1234.13317871094,Bangladesh Demographic Health Survey 2022,wasting (< -2 SD)
BGD,NT_ANT_WHZ_NE2,F,M30T35,_T,_T,_T,2022,2022,14.9379,9.8919,21.9314,209.038131713867,Bangladesh Demographic Health Survey 2022,wasting (< -2 SD)
BGD,NT_ANT_WHZ_NE2,F,M36T41,_T,_T,_T,2022,2022,10.0238,6.3343,15.5064,210.846893310547,Bangladesh Demographic Health Survey 2022,wasting (< -2 SD)
BGD,NT_ANT_WHZ_NE2,F,M36T47,_T,_T,_T,2022,2022,12.2744,9.2344,16.1373,428.198181152344,Bangladesh Demographic Health Survey 2022,wasting (< -2 SD)
BGD,NT_ANT_WHZ_NE2,F,M42T47,_T,_T,_T,2022,2022,14.4577,9.9821,20.4835,217.351287841797,Bangladesh Demographic Health Survey 2022,wasting (< -2 SD)
BGD,NT_ANT_WHZ_NE2,F,M48T53,_T,_T,_T,2022,2022,12.8824,8.3293,19.3976,180.168716430664,Bangladesh Demographic Health Survey 2022,wasting (< -2 SD)
BGD,NT_ANT_WHZ_NE2,F,M48T59,_T,_T,_T,2022,2022,13.7363,10.4838,17.7973,404.591644287109,Bangladesh Demographic Health Survey 2022,wasting (< -2 SD)
BGD,NT_ANT_WHZ_NE2,F,M54T59,_T,_T,_T,2022,2022,14.4218,10.0125,20.3342,224.422912597656,Bangladesh Demographic Health Survey 2022,wasting (< -2 SD)
BGD,NT_ANT_WHZ_NE2,F,M6T11,_T,_T,_T,2022,2022,8.7781,5.2561,14.3039,232.431015014648,Bangladesh Demographic Health Survey 2022,wasting (< -2 SD)
BGD,NT_ANT_WHZ_NE2,F,_T,_T,_T,_T,2022,2022,11.0871,9.7074,12.6354,2107.01611328125,Bangladesh Demographic Health Survey 2022,wasting (< -2 SD)
BGD,NT_ANT_WHZ_NE2,M,M0T11,_T,_T,_T,2022,2022,8.9583,6.6396,11.9827,479.703399658203,Bangladesh Demographic Health Survey 2022,wasting (< -2 SD)
BGD,NT_ANT_WHZ_NE2,M,M0T23,_T,_T,_T,2022,2022,9.2947,7.5176,11.4398,899.532470703125,Bangladesh Demographic Health Survey 2022,wasting (< -2 SD)
BGD,NT_ANT_WHZ_NE2,M,M0T5,_T,_T,_T,2022,2022,9.9865,6.5834,14.8688,228.630432128906,Bangladesh Demographic Health Survey 2022,wasting (< -2 SD)
BGD,NT_ANT_WHZ_NE2,M,M12T17,_T,_T,_T,2022,2022,7.7332,4.4304,13.159,190.873413085938,Bangladesh Demographic Health Survey 2022,wasting (< -2 SD)
BGD,NT_ANT_WHZ_NE2,M,M12T23,_T,_T,_T,2022,2022,9.679,7.0864,13.0866,419.829071044922,Bangladesh Demographic Health Survey 2022,wasting (< -2 SD)
BGD,NT_ANT_WHZ_NE2,M,M18T23,_T,_T,_T,2022,2022,11.3012,7.7735,16.1495,228.955657958984,Bangladesh Demographic Health Survey 2022,wasting (< -2 SD)
BGD,NT_ANT_WHZ_NE2,M,M24T29,_T,_T,_T,2022,2022,9.9809,6.5151,14.9946,220.884552001953,Bangladesh Demographic Health Survey 2022,wasting (< -2 SD)
BGD,NT_ANT_WHZ_NE2,M,M24T35,_T,_T,_T,2022,2022,10.2337,7.5454,13.7375,428.368469238281,Bangladesh Demographic Health Survey 2022,wasting (< -2 SD)
BGD,NT_ANT_WHZ_NE2,M,M24T59,_T,_T,_T,2022,2022,10.9952,9.1683,13.1335,1244.22290039062,Bangladesh Demographic Health Survey 2022,wasting (< -2 SD)
BGD,NT_ANT_WHZ_NE2,M,M30T35,_T,_T,_T,2022,2022,10.5029,6.7341,16.0187,207.483917236328,Bangladesh Demographic Health Survey 2022,wasting (< -2 SD)
BGD,NT_ANT_WHZ_NE2,M,M36T41,_T,_T,_T,2022,2022,10.1332,6.2319,16.0584,187.10090637207,Bangladesh Demographic Health Survey 2022,wasting (< -2 SD)
BGD,NT_ANT_WHZ_NE2,M,M36T47,_T,_T,_T,2022,2022,11.5945,8.3051,15.96,393.172943115234,Bangladesh Demographic Health Survey 2022,wasting (< -2 SD)
BGD,NT_ANT_WHZ_NE2,M,M42T47,_T,_T,_T,2022,2022,12.9213,8.5685,19.0253,206.072036743164,Bangladesh Demographic Health Survey 2022,wasting (< -2 SD)
BGD,NT_ANT_WHZ_NE2,M,M48T53,_T,_T,_T,2022,2022,7.3071,4.5857,11.4497,199.710235595703,Bangladesh Demographic Health Survey 2022,wasting (< -2 SD)
BGD,NT_ANT_WHZ_NE2,M,M48T59,_T,_T,_T,2022,2022,11.2093,8.5045,14.6368,422.681488037109,Bangladesh Demographic Health Survey 2022,wasting (< -2 SD)
BGD,NT_ANT_WHZ_NE2,M,M54T59,_T,_T,_T,2022,2022,14.7045,10.4367,20.3215,222.971267700195,Bangladesh Demographic Health Survey 2022,wasting (< -2 SD)
BGD,NT_ANT_WHZ_NE2,M,M6T11,_T,_T,_T,2022,2022,8.0219,5.0623,12.4842,251.072967529297,Bangladesh Demographic Health Survey 2022,wasting (< -2 SD)
BGD,NT_ANT_WHZ_NE2,M,_T,_T,_T,_T,2022,2022,10.332,8.9573,11.8901,2147.0126953125,Bangladesh Demographic Health Survey 2022,wasting (< -2 SD)
BGD,NT_ANT_WHZ_NE2,_T,M0T11,_T,_T,_T,2022,2022,9.5364,7.6658,11.805,934.736755371094,Bangladesh Demographic Health Survey 2022,wasting (< -2 SD)
BGD,NT_ANT_WHZ_NE2,_T,M0T23,_T,_T,_T,2022,2022,9.1304,7.7424,10.7384,1769.10998535156,Bangladesh Demographic Health Survey 2022,wasting (< -2 SD)
BGD,NT_ANT_WHZ_NE2,_T,M0T5,_T,_T,_T,2022,2022,10.7696,8.0835,14.2103,451.232788085938,Bangladesh Demographic Health Survey 2022,wasting (< -2 SD)
BGD,NT_ANT_WHZ_NE2,_T,M12T17,_T,_T,_T,2022,2022,7.8397,5.3864,11.2774,385.0947265625,Bangladesh Demographic Health Survey 2022,wasting (< -2 SD)
BGD,NT_ANT_WHZ_NE2,_T,M12T23,_T,_T,_T,2022,2022,8.6757,6.7601,11.0696,834.373229980469,Bangladesh Demographic Health Survey 2022,wasting (< -2 SD)
BGD,NT_ANT_WHZ_NE2,_T,M18T23,_T,_T,_T,2022,2022,9.3922,6.788,12.8577,449.278533935547,Bangladesh Demographic Health Survey 2022,wasting (< -2 SD)
BGD,NT_ANT_WHZ_NE2,_T,M24T29,_T,_T,_T,2022,2022,9.287,6.7849,12.5873,413.189697265625,Bangladesh Demographic Health Survey 2022,wasting (< -2 SD)
BGD,NT_ANT_WHZ_NE2,_T,M24T35,_T,_T,_T,2022,2022,11.0148,8.9048,13.5503,829.711730957031,Bangladesh Demographic Health Survey 2022,wasting (< -2 SD)
BGD,NT_ANT_WHZ_NE2,_T,M24T59,_T,_T,_T,2022,2022,11.8019,10.4574,13.2935,2478.35595703125,Bangladesh Demographic Health Survey 2022,wasting (< -2 SD)
BGD,NT_ANT_WHZ_NE2,_T,M30T35,_T,_T,_T,2022,2022,12.7287,9.3507,17.0968,416.522033691406,Bangladesh Demographic Health Survey 2022,wasting (< -2 SD)
BGD,NT_ANT_WHZ_NE2,_T,M36T41,_T,_T,_T,2022,2022,10.0752,7.2587,13.8217,397.947814941406,Bangladesh Demographic Health Survey 2022,wasting (< -2 SD)
BGD,NT_ANT_WHZ_NE2,_T,M36T47,_T,_T,_T,2022,2022,11.949,9.6888,14.6509,821.371154785156,Bangladesh Demographic Health Survey 2022,wasting (< -2 SD)
BGD,NT_ANT_WHZ_NE2,_T,M42T47,_T,_T,_T,2022,2022,13.71,10.5108,17.6905,423.42333984375,Bangladesh Demographic Health Survey 2022,wasting (< -2 SD)
BGD,NT_ANT_WHZ_NE2,_T,M48T53,_T,_T,_T,2022,2022,9.9513,7.2165,13.5711,379.878967285156,Bangladesh Demographic Health Survey 2022,wasting (< -2 SD)
BGD,NT_ANT_WHZ_NE2,_T,M48T59,_T,_T,_T,2022,2022,12.4452,10.2285,15.0617,827.273132324219,Bangladesh Demographic Health Survey 2022,wasting (< -2 SD)
BGD,NT_ANT_WHZ_NE2,_T,M54T59,_T,_T,_T,2022,2022,14.5627,11.279,18.602,447.394165039062,Bangladesh Demographic Health Survey 2022,wasting (< -2 SD)
BGD,NT_ANT_WHZ_NE2,_T,M6T11,_T,_T,_T,2022,2022,8.3854,5.9704,11.6562,483.503967285156,Bangladesh Demographic Health Survey 2022,wasting (< -2 SD)
BGD,NT_ANT_WHZ_NE2,_T,_T,B20,R,_T,2022,2022,12.4739,10.2253,15.1338,824.75390625,Bangladesh Demographic Health Survey 2022,wasting (< -2 SD)
BGD,NT_ANT_WHZ_NE2,_T,_T,B20,U,_T,2022,2022,15.3139,8.4996,26.0369,61.5663414001465,Bangladesh Demographic Health Survey 2022,wasting (< -2 SD)
BGD,NT_ANT_WHZ_NE2,_T,_T,B40,R,_T,2022,2022,11.8841,10.228,13.7672,1584.96203613281,Bangladesh Demographic Health Survey 2022,wasting (< -2 SD)
BGD,NT_ANT_WHZ_NE2,_T,_T,B40,U,_T,2022,2022,13.3076,9.1245,19.0072,181.478363037109,Bangladesh Demographic Health Survey 2022,wasting (< -2 SD)
BGD,NT_ANT_WHZ_NE2,_T,_T,B60,R,_T,2022,2022,11.3475,9.944,12.9207,2264.43286132812,Bangladesh Demographic Health Survey 2022,wasting (< -2 SD)
BGD,NT_ANT_WHZ_NE2,_T,_T,B60,U,_T,2022,2022,11.7708,8.9324,15.359,382.658203125,Bangladesh Demographic Health Survey 2022,wasting (< -2 SD)
BGD,NT_ANT_WHZ_NE2,_T,_T,B80,R,_T,2022,2022,10.7945,9.6163,12.0976,2807.74975585938,Bangladesh Demographic Health Survey 2022,wasting (< -2 SD)
BGD,NT_ANT_WHZ_NE2,_T,_T,B80,U,_T,2022,2022,11.3805,8.926,14.4031,657.106140136719,Bangladesh Demographic Health Survey 2022,wasting (< -2 SD)
BGD,NT_ANT_WHZ_NE2,_T,_T,Q1,R,_T,2022,2022,12.4739,10.2253,15.1338,824.75390625,Bangladesh Demographic Health Survey 2022,wasting (< -2 SD)
BGD,NT_ANT_WHZ_NE2,_T,_T,Q1,U,_T,2022,2022,15.3139,8.4996,26.0369,61.5663414001465,Bangladesh Demographic Health Survey 2022,wasting (< -2 SD)
BGD,NT_ANT_WHZ_NE2,_T,_T,Q1,_T,_T,2022,2022,12.6712,10.5034,15.2104,886.320251464844,Bangladesh Demographic Health Survey 2022,wasting (< -2 SD)
BGD,NT_ANT_WHZ_NE2,_T,_T,Q2,R,_T,2022,2022,11.2442,8.9253,14.0724,760.208129882812,Bangladesh Demographic Health Survey 2022,wasting (< -2 SD)
BGD,NT_ANT_WHZ_NE2,_T,_T,Q2,U,_T,2022,2022,12.2775,7.1859,20.1919,119.912017822266,Bangladesh Demographic Health Survey 2022,wasting (< -2 SD)
BGD,NT_ANT_WHZ_NE2,_T,_T,Q2,_T,_T,2022,2022,11.385,9.2174,13.9837,880.1201171875,Bangladesh Demographic Health Survey 2022,wasting (< -2 SD)
BGD,NT_ANT_WHZ_NE2,_T,_T,Q3,R,_T,2022,2022,10.0959,7.6859,13.1538,679.470764160156,Bangladesh Demographic Health Survey 2022,wasting (< -2 SD)
BGD,NT_ANT_WHZ_NE2,_T,_T,Q3,U,_T,2022,2022,10.3845,6.6206,15.9233,201.179840087891,Bangladesh Demographic Health Survey 2022,wasting (< -2 SD)
BGD,NT_ANT_WHZ_NE2,_T,_T,Q3,_T,_T,2022,2022,10.1618,8.051,12.7494,880.650634765625,Bangladesh Demographic Health Survey 2022,wasting (< -2 SD)
BGD,NT_ANT_WHZ_NE2,_T,_T,Q4,R,_T,2022,2022,8.4893,6.3023,11.3434,543.316955566406,Bangladesh Demographic Health Survey 2022,wasting (< -2 SD)
BGD,NT_ANT_WHZ_NE2,_T,_T,Q4,U,_T,2022,2022,10.8363,7.0945,16.2074,274.447937011719,Bangladesh Demographic Health Survey 2022,wasting (< -2 SD)
BGD,NT_ANT_WHZ_NE2,_T,_T,Q4,_T,_T,2022,2022,9.277,7.2684,11.7702,817.764892578125,Bangladesh Demographic Health Survey 2022,wasting (< -2 SD)
BGD,NT_ANT_WHZ_NE2,_T,_T,Q5,R,_T,2022,2022,10.0507,7.0885,14.0635,360.258209228516,Bangladesh Demographic Health Survey 2022,wasting (< -2 SD)
BGD,NT_ANT_WHZ_NE2,_T,_T,Q5,U,_T,2022,2022,9.644,6.6921,13.7067,428.914642333984,Bangladesh Demographic Health Survey 2022,wasting (< -2 SD)
BGD,NT_ANT_WHZ_NE2,_T,_T,Q5,_T,_T,2022,2022,9.8297,7.6346,12.57,789.1728515625,Bangladesh Demographic Health Survey 2022,wasting (< -2 SD)
BGD,NT_ANT_WHZ_NE2,_T,_T,R20,R,_T,2022,2022,10.0507,7.0885,14.0635,360.258209228516,Bangladesh Demographic Health Survey 2022,wasting (< -2 SD)
BGD,NT_ANT_WHZ_NE2,_T,_T,R20,U,_T,2022,2022,9.644,6.6921,13.7067,428.914642333984,Bangladesh Demographic Health Survey 2022,wasting (< -2 SD)
BGD,NT_ANT_WHZ_NE2,_T,_T,R40,R,_T,2022,2022,9.1119,7.2155,11.4451,903.575134277344,Bangladesh Demographic Health Survey 2022,wasting (< -2 SD)
BGD,NT_ANT_WHZ_NE2,_T,_T,R40,U,_T,2022,2022,10.1092,7.451,13.5767,703.362609863281,Bangladesh Demographic Health Survey 2022,wasting (< -2 SD)
BGD,NT_ANT_WHZ_NE2,_T,_T,R60,R,_T,2022,2022,9.5342,8.0267,11.2901,1583.0458984375,Bangladesh Demographic Health Survey 2022,wasting (< -2 SD)
BGD,NT_ANT_WHZ_NE2,_T,_T,R60,U,_T,2022,2022,10.1705,7.8529,13.0749,904.542419433594,Bangladesh Demographic Health Survey 2022,wasting (< -2 SD)
BGD,NT_ANT_WHZ_NE2,_T,_T,R80,R,_T,2022,2022,10.089,8.8304,11.5043,2343.25415039062,Bangladesh Demographic Health Survey 2022,wasting (< -2 SD)
BGD,NT_ANT_WHZ_NE2,_T,_T,R80,U,_T,2022,2022,10.4171,8.2816,13.025,1024.45446777344,Bangladesh Demographic Health Survey 2022,wasting (< -2 SD)
BGD,NT_ANT_WHZ_NE2,_T,_T,_T,R,_T,2022,2022,10.7099,9.5976,11.9341,3168.00805664062,Bangladesh Demographic Health Survey 2022,wasting (< -2 SD)
BGD,NT_ANT_WHZ_NE2,_T,_T,_T,U,_T,2022,2022,10.6947,8.6282,13.1846,1086.02075195312,Bangladesh Demographic Health Survey 2022,wasting (< -2 SD)
BGD,NT_ANT_WHZ_NE2,_T,_T,_T,_T,ISCED11A_01,2022,2022,21.7072,16.6398,27.8032,254.909957885742,Bangladesh Demographic Health Survey 2022,wasting (< -2 SD)
BGD,NT_ANT_WHZ_NE2,_T,_T,_T,_T,AGG_5T8,2022,2022,9.0849,6.8524,11.9514,719.23779296875,Bangladesh Demographic Health Survey 2022,wasting (< -2 SD)
BGD,NT_ANT_WHZ_NE2,_T,_T,_T,_T,ISCED11_1,2022,2022,10.4556,8.432,12.8964,885.409973144531,Bangladesh Demographic Health Survey 2022,wasting (< -2 SD)
BGD,NT_ANT_WHZ_NE2,_T,_T,_T,_T,AGG_2_3,2022,2022,9.9812,8.6619,11.4762,2217.90991210938,Bangladesh Demographic Health Survey 2022,wasting (< -2 SD)
BGD,NT_ANT_WHZ_NE2,_T,_T,_T,_T,AGG_3S_H,2022,2022,9.7617,8.6305,11.0232,2937.1474609375,Bangladesh Demographic Health Survey 2022,wasting (< -2 SD)
BGD,NT_ANT_WHZ_NE2,_T,_T,_T,_T,AGG_0_1,2022,2022,12.9708,10.8994,15.3681,1140.31994628906,Bangladesh Demographic Health Survey 2022,wasting (< -2 SD)
BGD,NT_ANT_WHZ_NE2,_T,_T,_T,_T,_T,2022,2022,10.706,9.7071,11.7942,4254.02880859375,Bangladesh Demographic Health Survey 2022,wasting (< -2 SD)
BGD,NT_ANT_WHZ_NE3,_T,_T,_T,_T,_T,1991,1991,2.6,,,32493,Nutritional Surveillance Project 1991  data on rural national (using the WHO Child Growth Standards). Unpublished estimates. Dhaka  Bangladesh  HKI and Institute of Public Health Nutrition  2008,severe wasting (< -3 SD)
BGD,NT_ANT_WHZ_NE3,_T,_T,_T,_T,_T,1992,1992,3,,,36997,Nutritional Surveillance Project 1992  data on rural national (using the WHO Child Growth Standards). Unpublished estimates. Dhaka  Bangladesh  HKI and Institute of Public Health Nutrition  2008.,severe wasting (< -3 SD)
BGD,NT_ANT_WHZ_NE3,_T,_T,_T,_T,_T,1993,1993,2.5,,,42826,Nutritional Surveillance Project 1993  data on rural national (using the WHO Child Growth Standards). Unpublished estimates. Dhaka  Bangladesh  HKI and Institute of Public Health Nutrition  2008.,severe wasting (< -3 SD)
BGD,NT_ANT_WHZ_NE3,_T,_T,_T,_T,_T,1994,1994,3.2,,,63753,Nutritional Surveillance Project 1994  data on rural national (using the WHO Child Growth Standards). Unpublished estimates. Dhaka  Bangladesh  HKI and Institute of Public Health Nutrition  2008.,severe wasting (< -3 SD)
BGD,NT_ANT_WHZ_NE3,_T,_T,_T,_T,_T,1995,1995,2.7,,,87051,Nutritional Surveillance Project 1995  data on rural national (using the WHO Child Growth Standards). Unpublished estimates. Dhaka  Bangladesh  HKI and Institute of Public Health Nutrition  2008.,severe wasting (< -3 SD)
BGD,NT_ANT_WHZ_NE3,_T,_T,_T,_T,_T,1996,1996,2.8,,,81067,Nutritional Surveillance Project 1996  data on rural national (using the WHO Child Growth Standards). Unpublished estimates. Dhaka  Bangladesh  HKI and Institute of Public Health Nutrition  2008.,severe wasting (< -3 SD)
BGD,NT_ANT_WHZ_NE3,F,M0T11,_T,_T,_T,1997,1996-97,9.3747,6.921,12.5807,511.130767822266,Bangladesh demographic and health survey 1996-97. Demographic and Health Surveys. National Institute for Population Research and Training. Dhaka  Bangladesh  1997,severe wasting (< -3 SD)
BGD,NT_ANT_WHZ_NE3,F,M0T23,_T,_T,_T,1997,1996-97,9.2687,7.478,11.4351,974.125915527344,Bangladesh demographic and health survey 1996-97. Demographic and Health Surveys. National Institute for Population Research and Training. Dhaka  Bangladesh  1997,severe wasting (< -3 SD)
BGD,NT_ANT_WHZ_NE3,F,M0T5,_T,_T,_T,1997,1996-97,9.7105,6.3095,14.658,256.744995117188,Bangladesh demographic and health survey 1996-97. Demographic and Health Surveys. National Institute for Population Research and Training. Dhaka  Bangladesh  1997,severe wasting (< -3 SD)
BGD,NT_ANT_WHZ_NE3,F,M12T17,_T,_T,_T,1997,1996-97,11.3364,7.8633,16.0759,266.69921875,Bangladesh demographic and health survey 1996-97. Demographic and Health Surveys. National Institute for Population Research and Training. Dhaka  Bangladesh  1997,severe wasting (< -3 SD)
BGD,NT_ANT_WHZ_NE3,F,M12T23,_T,_T,_T,1997,1996-97,9.1516,6.9081,12.0297,462.9951171875,Bangladesh demographic and health survey 1996-97. Demographic and Health Surveys. National Institute for Population Research and Training. Dhaka  Bangladesh  1997,severe wasting (< -3 SD)
BGD,NT_ANT_WHZ_NE3,F,M18T23,_T,_T,_T,1997,1996-97,6.1833,3.1977,11.6217,196.295883178711,Bangladesh demographic and health survey 1996-97. Demographic and Health Surveys. National Institute for Population Research and Training. Dhaka  Bangladesh  1997,severe wasting (< -3 SD)
BGD,NT_ANT_WHZ_NE3,F,M24T29,_T,_T,_T,1997,1996-97,4.4847,2.6045,7.6162,255.063842773438,Bangladesh demographic and health survey 1996-97. Demographic and Health Surveys. National Institute for Population Research and Training. Dhaka  Bangladesh  1997,severe wasting (< -3 SD)
BGD,NT_ANT_WHZ_NE3,F,M24T35,_T,_T,_T,1997,1996-97,4.5643,2.9949,6.8974,498.258331298828,Bangladesh demographic and health survey 1996-97. Demographic and Health Surveys. National Institute for Population Research and Training. Dhaka  Bangladesh  1997,severe wasting (< -3 SD)
BGD,NT_ANT_WHZ_NE3,F,M24T59,_T,_T,_T,1997,1996-97,3.6398,2.8651,4.614,1475.81115722656,Bangladesh demographic and health survey 1996-97. Demographic and Health Surveys. National Institute for Population Research and Training. Dhaka  Bangladesh  1997,severe wasting (< -3 SD)
BGD,NT_ANT_WHZ_NE3,F,M30T35,_T,_T,_T,1997,1996-97,4.6477,2.4763,8.5563,243.19450378418,Bangladesh demographic and health survey 1996-97. Demographic and Health Surveys. National Institute for Population Research and Training. Dhaka  Bangladesh  1997,severe wasting (< -3 SD)
BGD,NT_ANT_WHZ_NE3,F,M36T41,_T,_T,_T,1997,1996-97,3.249,1.7842,5.845,274.523193359375,Bangladesh demographic and health survey 1996-97. Demographic and Health Surveys. National Institute for Population Research and Training. Dhaka  Bangladesh  1997,severe wasting (< -3 SD)
BGD,NT_ANT_WHZ_NE3,F,M36T47,_T,_T,_T,1997,1996-97,3.456,2.2828,5.2,505.002685546875,Bangladesh demographic and health survey 1996-97. Demographic and Health Surveys. National Institute for Population Research and Training. Dhaka  Bangladesh  1997,severe wasting (< -3 SD)
BGD,NT_ANT_WHZ_NE3,F,M42T47,_T,_T,_T,1997,1996-97,3.7025,1.7955,7.4807,230.4794921875,Bangladesh demographic and health survey 1996-97. Demographic and Health Surveys. National Institute for Population Research and Training. Dhaka  Bangladesh  1997,severe wasting (< -3 SD)
BGD,NT_ANT_WHZ_NE3,F,M48T53,_T,_T,_T,1997,1996-97,1.5835,0.5798,4.25,273.372283935547,Bangladesh demographic and health survey 1996-97. Demographic and Health Surveys. National Institute for Population Research and Training. Dhaka  Bangladesh  1997,severe wasting (< -3 SD)
BGD,NT_ANT_WHZ_NE3,F,M48T59,_T,_T,_T,1997,1996-97,2.8615,1.6013,5.0624,472.550170898438,Bangladesh demographic and health survey 1996-97. Demographic and Health Surveys. National Institute for Population Research and Training. Dhaka  Bangladesh  1997,severe wasting (< -3 SD)
BGD,NT_ANT_WHZ_NE3,F,M54T59,_T,_T,_T,1997,1996-97,4.6157,2.2359,9.2876,199.17790222168,Bangladesh demographic and health survey 1996-97. Demographic and Health Surveys. National Institute for Population Research and Training. Dhaka  Bangladesh  1997,severe wasting (< -3 SD)
BGD,NT_ANT_WHZ_NE3,F,M6T11,_T,_T,_T,1997,1996-97,9.0357,6.0619,13.2623,254.385787963867,Bangladesh demographic and health survey 1996-97. Demographic and Health Surveys. National Institute for Population Research and Training. Dhaka  Bangladesh  1997,severe wasting (< -3 SD)
BGD,NT_ANT_WHZ_NE3,F,_T,_T,_T,_T,1997,1996-97,5.8716,5.0107,6.8698,2452.5693359375,Bangladesh demographic and health survey 1996-97. Demographic and Health Surveys. National Institute for Population Research and Training. Dhaka  Bangladesh  1997,severe wasting (< -3 SD)
BGD,NT_ANT_WHZ_NE3,M,M0T11,_T,_T,_T,1997,1996-97,14.3753,11.3468,18.0477,497.622589111328,Bangladesh demographic and health survey 1996-97. Demographic and Health Surveys. National Institute for Population Research and Training. Dhaka  Bangladesh  1997,severe wasting (< -3 SD)
BGD,NT_ANT_WHZ_NE3,M,M0T23,_T,_T,_T,1997,1996-97,12.1536,10.1433,14.4981,1001.56011962891,Bangladesh demographic and health survey 1996-97. Demographic and Health Surveys. National Institute for Population Research and Training. Dhaka  Bangladesh  1997,severe wasting (< -3 SD)
BGD,NT_ANT_WHZ_NE3,M,M0T5,_T,_T,_T,1997,1996-97,12.7247,9.5324,16.7876,268.904602050781,Bangladesh demographic and health survey 1996-97. Demographic and Health Surveys. National Institute for Population Research and Training. Dhaka  Bangladesh  1997,severe wasting (< -3 SD)
BGD,NT_ANT_WHZ_NE3,M,M12T17,_T,_T,_T,1997,1996-97,13.8216,9.605,19.4901,273.5810546875,Bangladesh demographic and health survey 1996-97. Demographic and Health Surveys. National Institute for Population Research and Training. Dhaka  Bangladesh  1997,severe wasting (< -3 SD)
BGD,NT_ANT_WHZ_NE3,M,M12T23,_T,_T,_T,1997,1996-97,9.9598,7.2801,13.4823,503.937530517578,Bangladesh demographic and health survey 1996-97. Demographic and Health Surveys. National Institute for Population Research and Training. Dhaka  Bangladesh  1997,severe wasting (< -3 SD)
BGD,NT_ANT_WHZ_NE3,M,M18T23,_T,_T,_T,1997,1996-97,5.3734,3.0278,9.3606,230.356475830078,Bangladesh demographic and health survey 1996-97. Demographic and Health Surveys. National Institute for Population Research and Training. Dhaka  Bangladesh  1997,severe wasting (< -3 SD)
BGD,NT_ANT_WHZ_NE3,M,M24T29,_T,_T,_T,1997,1996-97,6.9843,4.1765,11.4543,255.287841796875,Bangladesh demographic and health survey 1996-97. Demographic and Health Surveys. National Institute for Population Research and Training. Dhaka  Bangladesh  1997,severe wasting (< -3 SD)
BGD,NT_ANT_WHZ_NE3,M,M24T35,_T,_T,_T,1997,1996-97,7.2332,4.9846,10.3852,477.904815673828,Bangladesh demographic and health survey 1996-97. Demographic and Health Surveys. National Institute for Population Research and Training. Dhaka  Bangladesh  1997,severe wasting (< -3 SD)
BGD,NT_ANT_WHZ_NE3,M,M24T59,_T,_T,_T,1997,1996-97,4.707,3.6299,6.0835,1425.65368652344,Bangladesh demographic and health survey 1996-97. Demographic and Health Surveys. National Institute for Population Research and Training. Dhaka  Bangladesh  1997,severe wasting (< -3 SD)
BGD,NT_ANT_WHZ_NE3,M,M30T35,_T,_T,_T,1997,1996-97,7.5185,4.4115,12.5272,222.616958618164,Bangladesh demographic and health survey 1996-97. Demographic and Health Surveys. National Institute for Population Research and Training. Dhaka  Bangladesh  1997,severe wasting (< -3 SD)
BGD,NT_ANT_WHZ_NE3,M,M36T41,_T,_T,_T,1997,1996-97,3.2011,1.5446,6.5168,243.546447753906,Bangladesh demographic and health survey 1996-97. Demographic and Health Surveys. National Institute for Population Research and Training. Dhaka  Bangladesh  1997,severe wasting (< -3 SD)
BGD,NT_ANT_WHZ_NE3,M,M36T47,_T,_T,_T,1997,1996-97,3.9172,2.4412,6.2286,492.003662109375,Bangladesh demographic and health survey 1996-97. Demographic and Health Surveys. National Institute for Population Research and Training. Dhaka  Bangladesh  1997,severe wasting (< -3 SD)
BGD,NT_ANT_WHZ_NE3,M,M42T47,_T,_T,_T,1997,1996-97,4.6191,2.4701,8.475,248.457214355469,Bangladesh demographic and health survey 1996-97. Demographic and Health Surveys. National Institute for Population Research and Training. Dhaka  Bangladesh  1997,severe wasting (< -3 SD)
BGD,NT_ANT_WHZ_NE3,M,M48T53,_T,_T,_T,1997,1996-97,2.5754,1.356,4.8375,252.123275756836,Bangladesh demographic and health survey 1996-97. Demographic and Health Surveys. National Institute for Population Research and Training. Dhaka  Bangladesh  1997,severe wasting (< -3 SD)
BGD,NT_ANT_WHZ_NE3,M,M48T59,_T,_T,_T,1997,1996-97,2.9107,1.7499,4.8039,455.745269775391,Bangladesh demographic and health survey 1996-97. Demographic and Health Surveys. National Institute for Population Research and Training. Dhaka  Bangladesh  1997,severe wasting (< -3 SD)
BGD,NT_ANT_WHZ_NE3,M,M54T59,_T,_T,_T,1997,1996-97,3.3258,1.5197,7.1233,203.621994018555,Bangladesh demographic and health survey 1996-97. Demographic and Health Surveys. National Institute for Population Research and Training. Dhaka  Bangladesh  1997,severe wasting (< -3 SD)
BGD,NT_ANT_WHZ_NE3,M,M6T11,_T,_T,_T,1997,1996-97,16.316,11.2899,22.9996,228.717971801758,Bangladesh demographic and health survey 1996-97. Demographic and Health Surveys. National Institute for Population Research and Training. Dhaka  Bangladesh  1997,severe wasting (< -3 SD)
BGD,NT_ANT_WHZ_NE3,M,_T,_T,_T,_T,1997,1996-97,7.7798,6.7116,9.0015,2427.2138671875,Bangladesh demographic and health survey 1996-97. Demographic and Health Surveys. National Institute for Population Research and Training. Dhaka  Bangladesh  1997,severe wasting (< -3 SD)
BGD,NT_ANT_WHZ_NE3,_T,M0T11,_T,_T,_T,1997,1996-97,11.8415,9.8563,14.1637,1008.75341796875,Bangladesh demographic and health survey 1996-97. Demographic and Health Surveys. National Institute for Population Research and Training. Dhaka  Bangladesh  1997,severe wasting (< -3 SD)
BGD,NT_ANT_WHZ_NE3,_T,M0T23,_T,_T,_T,1997,1996-97,10.7312,9.344,12.2964,1975.68603515625,Bangladesh demographic and health survey 1996-97. Demographic and Health Surveys. National Institute for Population Research and Training. Dhaka  Bangladesh  1997,severe wasting (< -3 SD)
BGD,NT_ANT_WHZ_NE3,_T,M0T5,_T,_T,_T,1997,1996-97,11.2525,8.8691,14.1767,525.649597167969,Bangladesh demographic and health survey 1996-97. Demographic and Health Surveys. National Institute for Population Research and Training. Dhaka  Bangladesh  1997,severe wasting (< -3 SD)
BGD,NT_ANT_WHZ_NE3,_T,M12T17,_T,_T,_T,1997,1996-97,12.5948,9.6239,16.3173,540.2802734375,Bangladesh demographic and health survey 1996-97. Demographic and Health Surveys. National Institute for Population Research and Training. Dhaka  Bangladesh  1997,severe wasting (< -3 SD)
BGD,NT_ANT_WHZ_NE3,_T,M12T23,_T,_T,_T,1997,1996-97,9.5728,7.7889,11.7135,966.932678222656,Bangladesh demographic and health survey 1996-97. Demographic and Health Surveys. National Institute for Population Research and Training. Dhaka  Bangladesh  1997,severe wasting (< -3 SD)
BGD,NT_ANT_WHZ_NE3,_T,M18T23,_T,_T,_T,1997,1996-97,5.746,3.7944,8.6114,426.65234375,Bangladesh demographic and health survey 1996-97. Demographic and Health Surveys. National Institute for Population Research and Training. Dhaka  Bangladesh  1997,severe wasting (< -3 SD)
BGD,NT_ANT_WHZ_NE3,_T,M24T29,_T,_T,_T,1997,1996-97,5.7351,3.8518,8.4582,510.351684570312,Bangladesh demographic and health survey 1996-97. Demographic and Health Surveys. National Institute for Population Research and Training. Dhaka  Bangladesh  1997,severe wasting (< -3 SD)
BGD,NT_ANT_WHZ_NE3,_T,M24T35,_T,_T,_T,1997,1996-97,5.8709,4.3592,7.8637,976.163146972656,Bangladesh demographic and health survey 1996-97. Demographic and Health Surveys. National Institute for Population Research and Training. Dhaka  Bangladesh  1997,severe wasting (< -3 SD)
BGD,NT_ANT_WHZ_NE3,_T,M24T59,_T,_T,_T,1997,1996-97,4.1642,3.4093,5.0775,2901.46484375,Bangladesh demographic and health survey 1996-97. Demographic and Health Surveys. National Institute for Population Research and Training. Dhaka  Bangladesh  1997,severe wasting (< -3 SD)
BGD,NT_ANT_WHZ_NE3,_T,M30T35,_T,_T,_T,1997,1996-97,6.0197,3.962,9.0456,465.811462402344,Bangladesh demographic and health survey 1996-97. Demographic and Health Surveys. National Institute for Population Research and Training. Dhaka  Bangladesh  1997,severe wasting (< -3 SD)
BGD,NT_ANT_WHZ_NE3,_T,M36T41,_T,_T,_T,1997,1996-97,3.2265,2.0324,5.0857,518.069641113281,Bangladesh demographic and health survey 1996-97. Demographic and Health Surveys. National Institute for Population Research and Training. Dhaka  Bangladesh  1997,severe wasting (< -3 SD)
BGD,NT_ANT_WHZ_NE3,_T,M36T47,_T,_T,_T,1997,1996-97,3.6836,2.6719,5.0584,997.00634765625,Bangladesh demographic and health survey 1996-97. Demographic and Health Surveys. National Institute for Population Research and Training. Dhaka  Bangladesh  1997,severe wasting (< -3 SD)
BGD,NT_ANT_WHZ_NE3,_T,M42T47,_T,_T,_T,1997,1996-97,4.178,2.5177,6.8561,478.936706542969,Bangladesh demographic and health survey 1996-97. Demographic and Health Surveys. National Institute for Population Research and Training. Dhaka  Bangladesh  1997,severe wasting (< -3 SD)
BGD,NT_ANT_WHZ_NE3,_T,M48T53,_T,_T,_T,1997,1996-97,2.0594,1.0546,3.9831,525.495544433594,Bangladesh demographic and health survey 1996-97. Demographic and Health Surveys. National Institute for Population Research and Training. Dhaka  Bangladesh  1997,severe wasting (< -3 SD)
BGD,NT_ANT_WHZ_NE3,_T,M48T59,_T,_T,_T,1997,1996-97,2.8856,1.8668,4.4354,928.295471191406,Bangladesh demographic and health survey 1996-97. Demographic and Health Surveys. National Institute for Population Research and Training. Dhaka  Bangladesh  1997,severe wasting (< -3 SD)
BGD,NT_ANT_WHZ_NE3,_T,M54T59,_T,_T,_T,1997,1996-97,3.9636,2.2429,6.9112,402.799896240234,Bangladesh demographic and health survey 1996-97. Demographic and Health Surveys. National Institute for Population Research and Training. Dhaka  Bangladesh  1997,severe wasting (< -3 SD)
BGD,NT_ANT_WHZ_NE3,_T,M6T11,_T,_T,_T,1997,1996-97,12.4825,9.4906,16.2481,483.103759765625,Bangladesh demographic and health survey 1996-97. Demographic and Health Surveys. National Institute for Population Research and Training. Dhaka  Bangladesh  1997,severe wasting (< -3 SD)
BGD,NT_ANT_WHZ_NE3,_T,_T,B20,R,_T,1997,1996-97,8.6926,7.0647,10.6527,1046.51684570312,Bangladesh demographic and health survey 1996-97. Demographic and Health Surveys. National Institute for Population Research and Training. Dhaka  Bangladesh  1997,severe wasting (< -3 SD)
BGD,NT_ANT_WHZ_NE3,_T,_T,B40,R,_T,1997,1996-97,7.9919,6.8376,9.3216,2142.10180664062,Bangladesh demographic and health survey 1996-97. Demographic and Health Surveys. National Institute for Population Research and Training. Dhaka  Bangladesh  1997,severe wasting (< -3 SD)
BGD,NT_ANT_WHZ_NE3,_T,_T,B40,U,_T,1997,1996-97,8.2471,3.7834,17.0444,39.2180709838867,Bangladesh demographic and health survey 1996-97. Demographic and Health Surveys. National Institute for Population Research and Training. Dhaka  Bangladesh  1997,severe wasting (< -3 SD)
BGD,NT_ANT_WHZ_NE3,_T,_T,B60,R,_T,1997,1996-97,7.6187,6.6562,8.7073,3061.0283203125,Bangladesh demographic and health survey 1996-97. Demographic and Health Surveys. National Institute for Population Research and Training. Dhaka  Bangladesh  1997,severe wasting (< -3 SD)
BGD,NT_ANT_WHZ_NE3,_T,_T,B60,U,_T,1997,1996-97,6.9271,4.0172,11.688,71.2576599121094,Bangladesh demographic and health survey 1996-97. Demographic and Health Surveys. National Institute for Population Research and Training. Dhaka  Bangladesh  1997,severe wasting (< -3 SD)
BGD,NT_ANT_WHZ_NE3,_T,_T,B80,R,_T,1997,1996-97,7.2817,6.3918,8.2846,3946.98046875,Bangladesh demographic and health survey 1996-97. Demographic and Health Surveys. National Institute for Population Research and Training. Dhaka  Bangladesh  1997,severe wasting (< -3 SD)
BGD,NT_ANT_WHZ_NE3,_T,_T,B80,U,_T,1997,1996-97,5.8736,3.8752,8.8082,141.814498901367,Bangladesh demographic and health survey 1996-97. Demographic and Health Surveys. National Institute for Population Research and Training. Dhaka  Bangladesh  1997,severe wasting (< -3 SD)
BGD,NT_ANT_WHZ_NE3,_T,_T,Q1,R,_T,1997,1996-97,8.6926,7.0647,10.6527,1046.51684570312,Bangladesh demographic and health survey 1996-97. Demographic and Health Surveys. National Institute for Population Research and Training. Dhaka  Bangladesh  1997,severe wasting (< -3 SD)
BGD,NT_ANT_WHZ_NE3,_T,_T,Q1,_T,_T,1997,1996-97,8.6745,7.0534,10.6255,1050.90869140625,Bangladesh demographic and health survey 1996-97. Demographic and Health Surveys. National Institute for Population Research and Training. Dhaka  Bangladesh  1997,severe wasting (< -3 SD)
BGD,NT_ANT_WHZ_NE3,_T,_T,Q2,R,_T,1997,1996-97,7.3226,5.735,9.3064,1095.5849609375,Bangladesh demographic and health survey 1996-97. Demographic and Health Surveys. National Institute for Population Research and Training. Dhaka  Bangladesh  1997,severe wasting (< -3 SD)
BGD,NT_ANT_WHZ_NE3,_T,_T,Q2,U,_T,1997,1996-97,8.7386,3.8223,18.7457,34.826171875,Bangladesh demographic and health survey 1996-97. Demographic and Health Surveys. National Institute for Population Research and Training. Dhaka  Bangladesh  1997,severe wasting (< -3 SD)
BGD,NT_ANT_WHZ_NE3,_T,_T,Q2,_T,_T,1997,1996-97,7.3662,5.8132,9.2933,1130.4111328125,Bangladesh demographic and health survey 1996-97. Demographic and Health Surveys. National Institute for Population Research and Training. Dhaka  Bangladesh  1997,severe wasting (< -3 SD)
BGD,NT_ANT_WHZ_NE3,_T,_T,Q3,R,_T,1997,1996-97,6.7485,5.266,8.6105,918.926513671875,Bangladesh demographic and health survey 1996-97. Demographic and Health Surveys. National Institute for Population Research and Training. Dhaka  Bangladesh  1997,severe wasting (< -3 SD)
BGD,NT_ANT_WHZ_NE3,_T,_T,Q3,U,_T,1997,1996-97,5.3112,1.5508,16.648,32.0395889282227,Bangladesh demographic and health survey 1996-97. Demographic and Health Surveys. National Institute for Population Research and Training. Dhaka  Bangladesh  1997,severe wasting (< -3 SD)
BGD,NT_ANT_WHZ_NE3,_T,_T,Q3,_T,_T,1997,1996-97,6.7001,5.2512,8.5129,950.966125488281,Bangladesh demographic and health survey 1996-97. Demographic and Health Surveys. National Institute for Population Research and Training. Dhaka  Bangladesh  1997,severe wasting (< -3 SD)
BGD,NT_ANT_WHZ_NE3,_T,_T,Q4,R,_T,1997,1996-97,6.1176,4.58,8.1274,885.952209472656,Bangladesh demographic and health survey 1996-97. Demographic and Health Surveys. National Institute for Population Research and Training. Dhaka  Bangladesh  1997,severe wasting (< -3 SD)
BGD,NT_ANT_WHZ_NE3,_T,_T,Q4,U,_T,1997,1996-97,4.8097,2.1653,10.342,70.5568389892578,Bangladesh demographic and health survey 1996-97. Demographic and Health Surveys. National Institute for Population Research and Training. Dhaka  Bangladesh  1997,severe wasting (< -3 SD)
BGD,NT_ANT_WHZ_NE3,_T,_T,Q4,_T,_T,1997,1996-97,6.0211,4.5703,7.8943,956.509033203125,Bangladesh demographic and health survey 1996-97. Demographic and Health Surveys. National Institute for Population Research and Training. Dhaka  Bangladesh  1997,severe wasting (< -3 SD)
BGD,NT_ANT_WHZ_NE3,_T,_T,Q5,R,_T,1997,1996-97,4.0074,2.607,6.1128,477.483673095703,Bangladesh demographic and health survey 1996-97. Demographic and Health Surveys. National Institute for Population Research and Training. Dhaka  Bangladesh  1997,severe wasting (< -3 SD)
BGD,NT_ANT_WHZ_NE3,_T,_T,Q5,U,_T,1997,1996-97,5.7302,3.4567,9.3542,313.504486083984,Bangladesh demographic and health survey 1996-97. Demographic and Health Surveys. National Institute for Population Research and Training. Dhaka  Bangladesh  1997,severe wasting (< -3 SD)
BGD,NT_ANT_WHZ_NE3,_T,_T,Q5,_T,_T,1997,1996-97,4.6902,3.3764,6.4809,790.988159179688,Bangladesh demographic and health survey 1996-97. Demographic and Health Surveys. National Institute for Population Research and Training. Dhaka  Bangladesh  1997,severe wasting (< -3 SD)
BGD,NT_ANT_WHZ_NE3,_T,_T,R20,R,_T,1997,1996-97,4.0074,2.607,6.1128,477.483673095703,Bangladesh demographic and health survey 1996-97. Demographic and Health Surveys. National Institute for Population Research and Training. Dhaka  Bangladesh  1997,severe wasting (< -3 SD)
BGD,NT_ANT_WHZ_NE3,_T,_T,R20,U,_T,1997,1996-97,5.7302,3.4567,9.3542,313.504486083984,Bangladesh demographic and health survey 1996-97. Demographic and Health Surveys. National Institute for Population Research and Training. Dhaka  Bangladesh  1997,severe wasting (< -3 SD)
BGD,NT_ANT_WHZ_NE3,_T,_T,R40,R,_T,1997,1996-97,5.3786,4.196,6.8705,1363.43591308594,Bangladesh demographic and health survey 1996-97. Demographic and Health Surveys. National Institute for Population Research and Training. Dhaka  Bangladesh  1997,severe wasting (< -3 SD)
BGD,NT_ANT_WHZ_NE3,_T,_T,R40,U,_T,1997,1996-97,5.5611,3.5658,8.5736,384.061309814453,Bangladesh demographic and health survey 1996-97. Demographic and Health Surveys. National Institute for Population Research and Training. Dhaka  Bangladesh  1997,severe wasting (< -3 SD)
BGD,NT_ANT_WHZ_NE3,_T,_T,R60,R,_T,1997,1996-97,5.9301,5.0114,7.0049,2282.3623046875,Bangladesh demographic and health survey 1996-97. Demographic and Health Surveys. National Institute for Population Research and Training. Dhaka  Bangladesh  1997,severe wasting (< -3 SD)
BGD,NT_ANT_WHZ_NE3,_T,_T,R60,U,_T,1997,1996-97,5.5419,3.7123,8.1963,416.100921630859,Bangladesh demographic and health survey 1996-97. Demographic and Health Surveys. National Institute for Population Research and Training. Dhaka  Bangladesh  1997,severe wasting (< -3 SD)
BGD,NT_ANT_WHZ_NE3,_T,_T,R80,R,_T,1997,1996-97,6.3818,5.5292,7.3556,3377.94750976562,Bangladesh demographic and health survey 1996-97. Demographic and Health Surveys. National Institute for Population Research and Training. Dhaka  Bangladesh  1997,severe wasting (< -3 SD)
BGD,NT_ANT_WHZ_NE3,_T,_T,R80,U,_T,1997,1996-97,5.7887,3.9518,8.4049,450.927093505859,Bangladesh demographic and health survey 1996-97. Demographic and Health Surveys. National Institute for Population Research and Training. Dhaka  Bangladesh  1997,severe wasting (< -3 SD)
BGD,NT_ANT_WHZ_NE3,_T,_T,_T,R,_T,1997,1996-97,6.9284,6.1202,7.8343,4424.46435546875,Bangladesh demographic and health survey 1996-97. Demographic and Health Surveys. National Institute for Population Research and Training. Dhaka  Bangladesh  1997,severe wasting (< -3 SD)
BGD,NT_ANT_WHZ_NE3,_T,_T,_T,U,_T,1997,1996-97,5.7749,3.9595,8.3502,455.318969726562,Bangladesh demographic and health survey 1996-97. Demographic and Health Surveys. National Institute for Population Research and Training. Dhaka  Bangladesh  1997,severe wasting (< -3 SD)
BGD,NT_ANT_WHZ_NE3,_T,_T,_T,_T,_T,1997,1996-97,6.8207,6.0597,7.6695,4879.783203125,Bangladesh demographic and health survey 1996-97. Demographic and Health Surveys. National Institute for Population Research and Training. Dhaka  Bangladesh  1997,severe wasting (< -3 SD)
BGD,NT_ANT_WHZ_NE3,_T,_T,_T,_T,AGG_0_1,1997,1996-97,7.0319,6.2713,7.8771,4075.09033203125,Bangladesh demographic and health survey 1996-97. Demographic and Health Surveys. National Institute for Population Research and Training. Dhaka  Bangladesh  1997,severe wasting (< -3 SD)
BGD,NT_ANT_WHZ_NE3,_T,_T,_T,_T,AGG_2_3,1997,1996-97,5.8777,4.1674,8.2298,687.757019042969,Bangladesh demographic and health survey 1996-97. Demographic and Health Surveys. National Institute for Population Research and Training. Dhaka  Bangladesh  1997,severe wasting (< -3 SD)
BGD,NT_ANT_WHZ_NE3,_T,_T,_T,_T,AGG_3S_H,1997,1996-97,5.7513,4.2056,7.8187,804.692810058594,Bangladesh demographic and health survey 1996-97. Demographic and Health Surveys. National Institute for Population Research and Training. Dhaka  Bangladesh  1997,severe wasting (< -3 SD)
BGD,NT_ANT_WHZ_NE3,_T,_T,_T,_T,AGG_5T8,1997,1996-97,5.0075,1.9955,12.0088,116.935760498047,Bangladesh demographic and health survey 1996-97. Demographic and Health Surveys. National Institute for Population Research and Training. Dhaka  Bangladesh  1997,severe wasting (< -3 SD)
BGD,NT_ANT_WHZ_NE3,_T,_T,_T,_T,ISCED11A_01,1997,1996-97,7.2237,6.2152,8.3813,2740.1103515625,Bangladesh demographic and health survey 1996-97. Demographic and Health Surveys. National Institute for Population Research and Training. Dhaka  Bangladesh  1997,severe wasting (< -3 SD)
BGD,NT_ANT_WHZ_NE3,_T,_T,_T,_T,ISCED11_1,1997,1996-97,6.6382,5.3059,8.2757,1334.98010253906,Bangladesh demographic and health survey 1996-97. Demographic and Health Surveys. National Institute for Population Research and Training. Dhaka  Bangladesh  1997,severe wasting (< -3 SD)
BGD,NT_ANT_WHZ_NE3,_T,_T,_T,_T,_T,1998,1998,2.3,,,49496,Nutritional Surveillance Project 1998  data on rural national (using the WHO Child Growth Standards). Unpublished estimates. Dhaka  Bangladesh  HKI and Institute of Public Health Nutrition  2008.,severe wasting (< -3 SD)
BGD,NT_ANT_WHZ_NE3,_T,_T,_T,_T,_T,1999,1999,2,,,49374,Nutritional Surveillance Project 1999  data on rural national (using the WHO Child Growth Standards). Unpublished estimates. Dhaka  Bangladesh  HKI and Institute of Public Health Nutrition  2008.,severe wasting (< -3 SD)
BGD,NT_ANT_WHZ_NE3,F,M0T11,_T,_T,_T,2000,1999-00,5.371,3.6493,7.839,573.621643066406,Bangladesh demographic and health survey 1999-2000 (DHS). Dhaka  Bangladesh and Calverton  Maryland  National Institute of Population Research and Training  Mitra and Associates  and ORC Macro  2001,severe wasting (< -3 SD)
BGD,NT_ANT_WHZ_NE3,F,M0T23,_T,_T,_T,2000,1999-00,4.0366,3.0753,5.2822,1129.31811523438,Bangladesh demographic and health survey 1999-2000 (DHS). Dhaka  Bangladesh and Calverton  Maryland  National Institute of Population Research and Training  Mitra and Associates  and ORC Macro  2001,severe wasting (< -3 SD)
BGD,NT_ANT_WHZ_NE3,F,M0T5,_T,_T,_T,2000,1999-00,5.3296,3.2656,8.5824,338.190460205078,Bangladesh demographic and health survey 1999-2000 (DHS). Dhaka  Bangladesh and Calverton  Maryland  National Institute of Population Research and Training  Mitra and Associates  and ORC Macro  2001,severe wasting (< -3 SD)
BGD,NT_ANT_WHZ_NE3,F,M12T17,_T,_T,_T,2000,1999-00,3.445,1.7989,6.4976,325.381866455078,Bangladesh demographic and health survey 1999-2000 (DHS). Dhaka  Bangladesh and Calverton  Maryland  National Institute of Population Research and Training  Mitra and Associates  and ORC Macro  2001,severe wasting (< -3 SD)
BGD,NT_ANT_WHZ_NE3,F,M12T23,_T,_T,_T,2000,1999-00,2.6592,1.5351,4.5684,555.696472167969,Bangladesh demographic and health survey 1999-2000 (DHS). Dhaka  Bangladesh and Calverton  Maryland  National Institute of Population Research and Training  Mitra and Associates  and ORC Macro  2001,severe wasting (< -3 SD)
BGD,NT_ANT_WHZ_NE3,F,M18T23,_T,_T,_T,2000,1999-00,1.5491,0.5957,3.9679,230.314636230469,Bangladesh demographic and health survey 1999-2000 (DHS). Dhaka  Bangladesh and Calverton  Maryland  National Institute of Population Research and Training  Mitra and Associates  and ORC Macro  2001,severe wasting (< -3 SD)
BGD,NT_ANT_WHZ_NE3,F,M24T29,_T,_T,_T,2000,1999-00,2.5595,1.2552,5.1485,295.678466796875,Bangladesh demographic and health survey 1999-2000 (DHS). Dhaka  Bangladesh and Calverton  Maryland  National Institute of Population Research and Training  Mitra and Associates  and ORC Macro  2001,severe wasting (< -3 SD)
BGD,NT_ANT_WHZ_NE3,F,M24T35,_T,_T,_T,2000,1999-00,1.777,0.809,3.8583,529.652954101562,Bangladesh demographic and health survey 1999-2000 (DHS). Dhaka  Bangladesh and Calverton  Maryland  National Institute of Population Research and Training  Mitra and Associates  and ORC Macro  2001,severe wasting (< -3 SD)
BGD,NT_ANT_WHZ_NE3,F,M24T59,_T,_T,_T,2000,1999-00,1.4961,0.9034,2.4681,1577.06701660156,Bangladesh demographic and health survey 1999-2000 (DHS). Dhaka  Bangladesh and Calverton  Maryland  National Institute of Population Research and Training  Mitra and Associates  and ORC Macro  2001,severe wasting (< -3 SD)
BGD,NT_ANT_WHZ_NE3,F,M30T35,_T,_T,_T,2000,1999-00,0.7881,0.1538,3.9353,233.974456787109,Bangladesh demographic and health survey 1999-2000 (DHS). Dhaka  Bangladesh and Calverton  Maryland  National Institute of Population Research and Training  Mitra and Associates  and ORC Macro  2001,severe wasting (< -3 SD)
BGD,NT_ANT_WHZ_NE3,F,M36T41,_T,_T,_T,2000,1999-00,0.3961,0.0553,2.7798,299.761108398438,Bangladesh demographic and health survey 1999-2000 (DHS). Dhaka  Bangladesh and Calverton  Maryland  National Institute of Population Research and Training  Mitra and Associates  and ORC Macro  2001,severe wasting (< -3 SD)
BGD,NT_ANT_WHZ_NE3,F,M36T47,_T,_T,_T,2000,1999-00,1.5785,0.7292,3.3829,520.957946777344,Bangladesh demographic and health survey 1999-2000 (DHS). Dhaka  Bangladesh and Calverton  Maryland  National Institute of Population Research and Training  Mitra and Associates  and ORC Macro  2001,severe wasting (< -3 SD)
BGD,NT_ANT_WHZ_NE3,F,M42T47,_T,_T,_T,2000,1999-00,3.1807,1.3427,7.3476,221.196823120117,Bangladesh demographic and health survey 1999-2000 (DHS). Dhaka  Bangladesh and Calverton  Maryland  National Institute of Population Research and Training  Mitra and Associates  and ORC Macro  2001,severe wasting (< -3 SD)
BGD,NT_ANT_WHZ_NE3,F,M48T53,_T,_T,_T,2000,1999-00,0.2704,0.0374,1.9274,307.502868652344,Bangladesh demographic and health survey 1999-2000 (DHS). Dhaka  Bangladesh and Calverton  Maryland  National Institute of Population Research and Training  Mitra and Associates  and ORC Macro  2001,severe wasting (< -3 SD)
BGD,NT_ANT_WHZ_NE3,F,M48T59,_T,_T,_T,2000,1999-00,1.1321,0.3586,3.5157,526.456176757812,Bangladesh demographic and health survey 1999-2000 (DHS). Dhaka  Bangladesh and Calverton  Maryland  National Institute of Population Research and Training  Mitra and Associates  and ORC Macro  2001,severe wasting (< -3 SD)
BGD,NT_ANT_WHZ_NE3,F,M54T59,_T,_T,_T,2000,1999-00,2.3424,0.6418,8.1783,218.953323364258,Bangladesh demographic and health survey 1999-2000 (DHS). Dhaka  Bangladesh and Calverton  Maryland  National Institute of Population Research and Training  Mitra and Associates  and ORC Macro  2001,severe wasting (< -3 SD)
BGD,NT_ANT_WHZ_NE3,F,M6T11,_T,_T,_T,2000,1999-00,5.4305,2.9849,9.6799,235.431182861328,Bangladesh demographic and health survey 1999-2000 (DHS). Dhaka  Bangladesh and Calverton  Maryland  National Institute of Population Research and Training  Mitra and Associates  and ORC Macro  2001,severe wasting (< -3 SD)
BGD,NT_ANT_WHZ_NE3,F,_T,_T,_T,_T,2000,1999-00,2.5562,1.9873,3.2827,2706.38525390625,Bangladesh demographic and health survey 1999-2000 (DHS). Dhaka  Bangladesh and Calverton  Maryland  National Institute of Population Research and Training  Mitra and Associates  and ORC Macro  2001,severe wasting (< -3 SD)
BGD,NT_ANT_WHZ_NE3,M,M0T11,_T,_T,_T,2000,1999-00,3.2012,2.0134,5.0535,614.148010253906,Bangladesh demographic and health survey 1999-2000 (DHS). Dhaka  Bangladesh and Calverton  Maryland  National Institute of Population Research and Training  Mitra and Associates  and ORC Macro  2001,severe wasting (< -3 SD)
BGD,NT_ANT_WHZ_NE3,M,M0T23,_T,_T,_T,2000,1999-00,3.9351,2.9535,5.2252,1221.73669433594,Bangladesh demographic and health survey 1999-2000 (DHS). Dhaka  Bangladesh and Calverton  Maryland  National Institute of Population Research and Training  Mitra and Associates  and ORC Macro  2001,severe wasting (< -3 SD)
BGD,NT_ANT_WHZ_NE3,M,M0T5,_T,_T,_T,2000,1999-00,2.1895,1.0608,4.465,353.094482421875,Bangladesh demographic and health survey 1999-2000 (DHS). Dhaka  Bangladesh and Calverton  Maryland  National Institute of Population Research and Training  Mitra and Associates  and ORC Macro  2001,severe wasting (< -3 SD)
BGD,NT_ANT_WHZ_NE3,M,M12T17,_T,_T,_T,2000,1999-00,4.3845,2.724,6.9845,343.264953613281,Bangladesh demographic and health survey 1999-2000 (DHS). Dhaka  Bangladesh and Calverton  Maryland  National Institute of Population Research and Training  Mitra and Associates  and ORC Macro  2001,severe wasting (< -3 SD)
BGD,NT_ANT_WHZ_NE3,M,M12T23,_T,_T,_T,2000,1999-00,4.6768,3.2008,6.7857,607.588745117188,Bangladesh demographic and health survey 1999-2000 (DHS). Dhaka  Bangladesh and Calverton  Maryland  National Institute of Population Research and Training  Mitra and Associates  and ORC Macro  2001,severe wasting (< -3 SD)
BGD,NT_ANT_WHZ_NE3,M,M18T23,_T,_T,_T,2000,1999-00,5.0564,2.7417,9.1419,264.323822021484,Bangladesh demographic and health survey 1999-2000 (DHS). Dhaka  Bangladesh and Calverton  Maryland  National Institute of Population Research and Training  Mitra and Associates  and ORC Macro  2001,severe wasting (< -3 SD)
BGD,NT_ANT_WHZ_NE3,M,M24T29,_T,_T,_T,2000,1999-00,1.7273,0.7317,4.023,290.152923583984,Bangladesh demographic and health survey 1999-2000 (DHS). Dhaka  Bangladesh and Calverton  Maryland  National Institute of Population Research and Training  Mitra and Associates  and ORC Macro  2001,severe wasting (< -3 SD)
BGD,NT_ANT_WHZ_NE3,M,M24T35,_T,_T,_T,2000,1999-00,1.3875,0.6625,2.8829,511.999481201172,Bangladesh demographic and health survey 1999-2000 (DHS). Dhaka  Bangladesh and Calverton  Maryland  National Institute of Population Research and Training  Mitra and Associates  and ORC Macro  2001,severe wasting (< -3 SD)
BGD,NT_ANT_WHZ_NE3,M,M24T59,_T,_T,_T,2000,1999-00,1.2176,0.7522,1.9651,1561.14404296875,Bangladesh demographic and health survey 1999-2000 (DHS). Dhaka  Bangladesh and Calverton  Maryland  National Institute of Population Research and Training  Mitra and Associates  and ORC Macro  2001,severe wasting (< -3 SD)
BGD,NT_ANT_WHZ_NE3,M,M30T35,_T,_T,_T,2000,1999-00,0.943,0.2175,3.9928,221.846557617188,Bangladesh demographic and health survey 1999-2000 (DHS). Dhaka  Bangladesh and Calverton  Maryland  National Institute of Population Research and Training  Mitra and Associates  and ORC Macro  2001,severe wasting (< -3 SD)
BGD,NT_ANT_WHZ_NE3,M,M36T41,_T,_T,_T,2000,1999-00,1.1489,0.4233,3.0798,281.667633056641,Bangladesh demographic and health survey 1999-2000 (DHS). Dhaka  Bangladesh and Calverton  Maryland  National Institute of Population Research and Training  Mitra and Associates  and ORC Macro  2001,severe wasting (< -3 SD)
BGD,NT_ANT_WHZ_NE3,M,M36T47,_T,_T,_T,2000,1999-00,1.2006,0.5244,2.725,489.105651855469,Bangladesh demographic and health survey 1999-2000 (DHS). Dhaka  Bangladesh and Calverton  Maryland  National Institute of Population Research and Training  Mitra and Associates  and ORC Macro  2001,severe wasting (< -3 SD)
BGD,NT_ANT_WHZ_NE3,M,M42T47,_T,_T,_T,2000,1999-00,1.2708,0.3896,4.0644,207.438018798828,Bangladesh demographic and health survey 1999-2000 (DHS). Dhaka  Bangladesh and Calverton  Maryland  National Institute of Population Research and Training  Mitra and Associates  and ORC Macro  2001,severe wasting (< -3 SD)
BGD,NT_ANT_WHZ_NE3,M,M48T53,_T,_T,_T,2000,1999-00,1.7601,0.6906,4.412,316.230133056641,Bangladesh demographic and health survey 1999-2000 (DHS). Dhaka  Bangladesh and Calverton  Maryland  National Institute of Population Research and Training  Mitra and Associates  and ORC Macro  2001,severe wasting (< -3 SD)
BGD,NT_ANT_WHZ_NE3,M,M48T59,_T,_T,_T,2000,1999-00,1.077,0.4496,2.5574,560.038940429688,Bangladesh demographic and health survey 1999-2000 (DHS). Dhaka  Bangladesh and Calverton  Maryland  National Institute of Population Research and Training  Mitra and Associates  and ORC Macro  2001,severe wasting (< -3 SD)
BGD,NT_ANT_WHZ_NE3,M,M54T59,_T,_T,_T,2000,1999-00,0.1911,0.0262,1.3785,243.808792114258,Bangladesh demographic and health survey 1999-2000 (DHS). Dhaka  Bangladesh and Calverton  Maryland  National Institute of Population Research and Training  Mitra and Associates  and ORC Macro  2001,severe wasting (< -3 SD)
BGD,NT_ANT_WHZ_NE3,M,M6T11,_T,_T,_T,2000,1999-00,4.5696,2.5288,8.1203,261.053527832031,Bangladesh demographic and health survey 1999-2000 (DHS). Dhaka  Bangladesh and Calverton  Maryland  National Institute of Population Research and Training  Mitra and Associates  and ORC Macro  2001,severe wasting (< -3 SD)
BGD,NT_ANT_WHZ_NE3,M,_T,_T,_T,_T,2000,1999-00,2.4099,1.9096,3.0371,2783.71240234375,Bangladesh demographic and health survey 1999-2000 (DHS). Dhaka  Bangladesh and Calverton  Maryland  National Institute of Population Research and Training  Mitra and Associates  and ORC Macro  2001,severe wasting (< -3 SD)
BGD,NT_ANT_WHZ_NE3,_T,M0T11,_T,_T,_T,2000,1999-00,4.2491,3.1969,5.6275,1187.76965332031,Bangladesh demographic and health survey 1999-2000 (DHS). Dhaka  Bangladesh and Calverton  Maryland  National Institute of Population Research and Training  Mitra and Associates  and ORC Macro  2001,severe wasting (< -3 SD)
BGD,NT_ANT_WHZ_NE3,_T,M0T23,_T,_T,_T,2000,1999-00,3.9839,3.2758,4.8373,2351.05493164062,Bangladesh demographic and health survey 1999-2000 (DHS). Dhaka  Bangladesh and Calverton  Maryland  National Institute of Population Research and Training  Mitra and Associates  and ORC Macro  2001,severe wasting (< -3 SD)
BGD,NT_ANT_WHZ_NE3,_T,M0T5,_T,_T,_T,2000,1999-00,3.7257,2.4657,5.5928,691.284912109375,Bangladesh demographic and health survey 1999-2000 (DHS). Dhaka  Bangladesh and Calverton  Maryland  National Institute of Population Research and Training  Mitra and Associates  and ORC Macro  2001,severe wasting (< -3 SD)
BGD,NT_ANT_WHZ_NE3,_T,M12T17,_T,_T,_T,2000,1999-00,3.9273,2.6267,5.8332,668.646789550781,Bangladesh demographic and health survey 1999-2000 (DHS). Dhaka  Bangladesh and Calverton  Maryland  National Institute of Population Research and Training  Mitra and Associates  and ORC Macro  2001,severe wasting (< -3 SD)
BGD,NT_ANT_WHZ_NE3,_T,M12T23,_T,_T,_T,2000,1999-00,3.713,2.6637,5.1538,1163.28527832031,Bangladesh demographic and health survey 1999-2000 (DHS). Dhaka  Bangladesh and Calverton  Maryland  National Institute of Population Research and Training  Mitra and Associates  and ORC Macro  2001,severe wasting (< -3 SD)
BGD,NT_ANT_WHZ_NE3,_T,M18T23,_T,_T,_T,2000,1999-00,3.4234,2.0294,5.719,494.638427734375,Bangladesh demographic and health survey 1999-2000 (DHS). Dhaka  Bangladesh and Calverton  Maryland  National Institute of Population Research and Training  Mitra and Associates  and ORC Macro  2001,severe wasting (< -3 SD)
BGD,NT_ANT_WHZ_NE3,_T,M24T29,_T,_T,_T,2000,1999-00,2.1473,1.2314,3.719,585.831420898438,Bangladesh demographic and health survey 1999-2000 (DHS). Dhaka  Bangladesh and Calverton  Maryland  National Institute of Population Research and Training  Mitra and Associates  and ORC Macro  2001,severe wasting (< -3 SD)
BGD,NT_ANT_WHZ_NE3,_T,M24T35,_T,_T,_T,2000,1999-00,1.5855,0.9148,2.7344,1041.65246582031,Bangladesh demographic and health survey 1999-2000 (DHS). Dhaka  Bangladesh and Calverton  Maryland  National Institute of Population Research and Training  Mitra and Associates  and ORC Macro  2001,severe wasting (< -3 SD)
BGD,NT_ANT_WHZ_NE3,_T,M24T59,_T,_T,_T,2000,1999-00,1.3576,0.9662,1.9043,3138.21118164062,Bangladesh demographic and health survey 1999-2000 (DHS). Dhaka  Bangladesh and Calverton  Maryland  National Institute of Population Research and Training  Mitra and Associates  and ORC Macro  2001,severe wasting (< -3 SD)
BGD,NT_ANT_WHZ_NE3,_T,M30T35,_T,_T,_T,2000,1999-00,0.8635,0.294,2.5082,455.821014404297,Bangladesh demographic and health survey 1999-2000 (DHS). Dhaka  Bangladesh and Calverton  Maryland  National Institute of Population Research and Training  Mitra and Associates  and ORC Macro  2001,severe wasting (< -3 SD)
BGD,NT_ANT_WHZ_NE3,_T,M36T41,_T,_T,_T,2000,1999-00,0.7608,0.3097,1.8568,581.4287109375,Bangladesh demographic and health survey 1999-2000 (DHS). Dhaka  Bangladesh and Calverton  Maryland  National Institute of Population Research and Training  Mitra and Associates  and ORC Macro  2001,severe wasting (< -3 SD)
BGD,NT_ANT_WHZ_NE3,_T,M36T47,_T,_T,_T,2000,1999-00,1.3955,0.7948,2.439,1010.06359863281,Bangladesh demographic and health survey 1999-2000 (DHS). Dhaka  Bangladesh and Calverton  Maryland  National Institute of Population Research and Training  Mitra and Associates  and ORC Macro  2001,severe wasting (< -3 SD)
BGD,NT_ANT_WHZ_NE3,_T,M42T47,_T,_T,_T,2000,1999-00,2.2564,1.1226,4.4834,428.634857177734,Bangladesh demographic and health survey 1999-2000 (DHS). Dhaka  Bangladesh and Calverton  Maryland  National Institute of Population Research and Training  Mitra and Associates  and ORC Macro  2001,severe wasting (< -3 SD)
BGD,NT_ANT_WHZ_NE3,_T,M48T53,_T,_T,_T,2000,1999-00,1.0257,0.442,2.3617,623.733032226562,Bangladesh demographic and health survey 1999-2000 (DHS). Dhaka  Bangladesh and Calverton  Maryland  National Institute of Population Research and Training  Mitra and Associates  and ORC Macro  2001,severe wasting (< -3 SD)
BGD,NT_ANT_WHZ_NE3,_T,M48T59,_T,_T,_T,2000,1999-00,1.1037,0.5357,2.2602,1086.4951171875,Bangladesh demographic and health survey 1999-2000 (DHS). Dhaka  Bangladesh and Calverton  Maryland  National Institute of Population Research and Training  Mitra and Associates  and ORC Macro  2001,severe wasting (< -3 SD)
BGD,NT_ANT_WHZ_NE3,_T,M54T59,_T,_T,_T,2000,1999-00,1.2089,0.3563,4.0194,462.762115478516,Bangladesh demographic and health survey 1999-2000 (DHS). Dhaka  Bangladesh and Calverton  Maryland  National Institute of Population Research and Training  Mitra and Associates  and ORC Macro  2001,severe wasting (< -3 SD)
BGD,NT_ANT_WHZ_NE3,_T,M6T11,_T,_T,_T,2000,1999-00,4.9779,3.3213,7.3974,496.484710693359,Bangladesh demographic and health survey 1999-2000 (DHS). Dhaka  Bangladesh and Calverton  Maryland  National Institute of Population Research and Training  Mitra and Associates  and ORC Macro  2001,severe wasting (< -3 SD)
BGD,NT_ANT_WHZ_NE3,_T,_T,B20,R,_T,2000,1999-00,2.994,2.084,4.284,1323.53491210938,Bangladesh demographic and health survey 1999-2000 (DHS). Dhaka  Bangladesh and Calverton  Maryland  National Institute of Population Research and Training  Mitra and Associates  and ORC Macro  2001,severe wasting (< -3 SD)
BGD,NT_ANT_WHZ_NE3,_T,_T,B20,U,_T,2000,1999-00,3.368,1.1959,9.1209,64.3711090087891,Bangladesh demographic and health survey 1999-2000 (DHS). Dhaka  Bangladesh and Calverton  Maryland  National Institute of Population Research and Training  Mitra and Associates  and ORC Macro  2001,severe wasting (< -3 SD)
BGD,NT_ANT_WHZ_NE3,_T,_T,B40,R,_T,2000,1999-00,2.8344,2.1965,3.6507,2438.7001953125,Bangladesh demographic and health survey 1999-2000 (DHS). Dhaka  Bangladesh and Calverton  Maryland  National Institute of Population Research and Training  Mitra and Associates  and ORC Macro  2001,severe wasting (< -3 SD)
BGD,NT_ANT_WHZ_NE3,_T,_T,B40,U,_T,2000,1999-00,2.6076,1.078,6.1722,164.70295715332,Bangladesh demographic and health survey 1999-2000 (DHS). Dhaka  Bangladesh and Calverton  Maryland  National Institute of Population Research and Training  Mitra and Associates  and ORC Macro  2001,severe wasting (< -3 SD)
BGD,NT_ANT_WHZ_NE3,_T,_T,B60,R,_T,2000,1999-00,2.6578,2.1894,3.2232,3379.13647460938,Bangladesh demographic and health survey 1999-2000 (DHS). Dhaka  Bangladesh and Calverton  Maryland  National Institute of Population Research and Training  Mitra and Associates  and ORC Macro  2001,severe wasting (< -3 SD)
BGD,NT_ANT_WHZ_NE3,_T,_T,B60,U,_T,2000,1999-00,3.2223,1.9208,5.3575,286.035919189453,Bangladesh demographic and health survey 1999-2000 (DHS). Dhaka  Bangladesh and Calverton  Maryland  National Institute of Population Research and Training  Mitra and Associates  and ORC Macro  2001,severe wasting (< -3 SD)
BGD,NT_ANT_WHZ_NE3,_T,_T,B80,R,_T,2000,1999-00,2.6334,2.2138,3.1299,4188.32763671875,Bangladesh demographic and health survey 1999-2000 (DHS). Dhaka  Bangladesh and Calverton  Maryland  National Institute of Population Research and Training  Mitra and Associates  and ORC Macro  2001,severe wasting (< -3 SD)
BGD,NT_ANT_WHZ_NE3,_T,_T,B80,U,_T,2000,1999-00,3.0593,1.8897,4.9165,422.123779296875,Bangladesh demographic and health survey 1999-2000 (DHS). Dhaka  Bangladesh and Calverton  Maryland  National Institute of Population Research and Training  Mitra and Associates  and ORC Macro  2001,severe wasting (< -3 SD)
BGD,NT_ANT_WHZ_NE3,_T,_T,Q1,R,_T,2000,1999-00,2.994,2.084,4.284,1323.53491210938,Bangladesh demographic and health survey 1999-2000 (DHS). Dhaka  Bangladesh and Calverton  Maryland  National Institute of Population Research and Training  Mitra and Associates  and ORC Macro  2001,severe wasting (< -3 SD)
BGD,NT_ANT_WHZ_NE3,_T,_T,Q1,U,_T,2000,1999-00,3.368,1.1959,9.1209,64.3711090087891,Bangladesh demographic and health survey 1999-2000 (DHS). Dhaka  Bangladesh and Calverton  Maryland  National Institute of Population Research and Training  Mitra and Associates  and ORC Macro  2001,severe wasting (< -3 SD)
BGD,NT_ANT_WHZ_NE3,_T,_T,Q1,_T,_T,2000,1999-00,3.0114,2.1292,4.2432,1387.90600585938,Bangladesh demographic and health survey 1999-2000 (DHS). Dhaka  Bangladesh and Calverton  Maryland  National Institute of Population Research and Training  Mitra and Associates  and ORC Macro  2001,severe wasting (< -3 SD)
BGD,NT_ANT_WHZ_NE3,_T,_T,Q2,R,_T,2000,1999-00,2.645,1.7964,3.8786,1115.16528320312,Bangladesh demographic and health survey 1999-2000 (DHS). Dhaka  Bangladesh and Calverton  Maryland  National Institute of Population Research and Training  Mitra and Associates  and ORC Macro  2001,severe wasting (< -3 SD)
BGD,NT_ANT_WHZ_NE3,_T,_T,Q2,U,_T,2000,1999-00,2.1197,0.489,8.7123,100.331840515137,Bangladesh demographic and health survey 1999-2000 (DHS). Dhaka  Bangladesh and Calverton  Maryland  National Institute of Population Research and Training  Mitra and Associates  and ORC Macro  2001,severe wasting (< -3 SD)
BGD,NT_ANT_WHZ_NE3,_T,_T,Q2,_T,_T,2000,1999-00,2.6017,1.7924,3.7623,1215.4970703125,Bangladesh demographic and health survey 1999-2000 (DHS). Dhaka  Bangladesh and Calverton  Maryland  National Institute of Population Research and Training  Mitra and Associates  and ORC Macro  2001,severe wasting (< -3 SD)
BGD,NT_ANT_WHZ_NE3,_T,_T,Q3,R,_T,2000,1999-00,2.1999,1.3799,3.4899,940.436218261719,Bangladesh demographic and health survey 1999-2000 (DHS). Dhaka  Bangladesh and Calverton  Maryland  National Institute of Population Research and Training  Mitra and Associates  and ORC Macro  2001,severe wasting (< -3 SD)
BGD,NT_ANT_WHZ_NE3,_T,_T,Q3,U,_T,2000,1999-00,4.0567,2.2075,7.3387,121.332946777344,Bangladesh demographic and health survey 1999-2000 (DHS). Dhaka  Bangladesh and Calverton  Maryland  National Institute of Population Research and Training  Mitra and Associates  and ORC Macro  2001,severe wasting (< -3 SD)
BGD,NT_ANT_WHZ_NE3,_T,_T,Q3,_T,_T,2000,1999-00,2.4121,1.6275,3.5612,1061.76916503906,Bangladesh demographic and health survey 1999-2000 (DHS). Dhaka  Bangladesh and Calverton  Maryland  National Institute of Population Research and Training  Mitra and Associates  and ORC Macro  2001,severe wasting (< -3 SD)
BGD,NT_ANT_WHZ_NE3,_T,_T,Q4,R,_T,2000,1999-00,2.5311,1.5205,4.1849,809.191162109375,Bangladesh demographic and health survey 1999-2000 (DHS). Dhaka  Bangladesh and Calverton  Maryland  National Institute of Population Research and Training  Mitra and Associates  and ORC Macro  2001,severe wasting (< -3 SD)
BGD,NT_ANT_WHZ_NE3,_T,_T,Q4,U,_T,2000,1999-00,2.7168,1.2226,5.9273,136.087875366211,Bangladesh demographic and health survey 1999-2000 (DHS). Dhaka  Bangladesh and Calverton  Maryland  National Institute of Population Research and Training  Mitra and Associates  and ORC Macro  2001,severe wasting (< -3 SD)
BGD,NT_ANT_WHZ_NE3,_T,_T,Q4,_T,_T,2000,1999-00,2.5578,1.6365,3.9768,945.279052734375,Bangladesh demographic and health survey 1999-2000 (DHS). Dhaka  Bangladesh and Calverton  Maryland  National Institute of Population Research and Training  Mitra and Associates  and ORC Macro  2001,severe wasting (< -3 SD)
BGD,NT_ANT_WHZ_NE3,_T,_T,Q5,R,_T,2000,1999-00,1.5133,0.6805,3.331,403.317657470703,Bangladesh demographic and health survey 1999-2000 (DHS). Dhaka  Bangladesh and Calverton  Maryland  National Institute of Population Research and Training  Mitra and Associates  and ORC Macro  2001,severe wasting (< -3 SD)
BGD,NT_ANT_WHZ_NE3,_T,_T,Q5,U,_T,2000,1999-00,1.4601,0.7903,2.6823,476.328460693359,Bangladesh demographic and health survey 1999-2000 (DHS). Dhaka  Bangladesh and Calverton  Maryland  National Institute of Population Research and Training  Mitra and Associates  and ORC Macro  2001,severe wasting (< -3 SD)
BGD,NT_ANT_WHZ_NE3,_T,_T,Q5,_T,_T,2000,1999-00,1.4845,0.9083,2.4173,879.646118164062,Bangladesh demographic and health survey 1999-2000 (DHS). Dhaka  Bangladesh and Calverton  Maryland  National Institute of Population Research and Training  Mitra and Associates  and ORC Macro  2001,severe wasting (< -3 SD)
BGD,NT_ANT_WHZ_NE3,_T,_T,R20,R,_T,2000,1999-00,1.5133,0.6805,3.331,403.317657470703,Bangladesh demographic and health survey 1999-2000 (DHS). Dhaka  Bangladesh and Calverton  Maryland  National Institute of Population Research and Training  Mitra and Associates  and ORC Macro  2001,severe wasting (< -3 SD)
BGD,NT_ANT_WHZ_NE3,_T,_T,R20,U,_T,2000,1999-00,1.4601,0.7903,2.6823,476.328460693359,Bangladesh demographic and health survey 1999-2000 (DHS). Dhaka  Bangladesh and Calverton  Maryland  National Institute of Population Research and Training  Mitra and Associates  and ORC Macro  2001,severe wasting (< -3 SD)
BGD,NT_ANT_WHZ_NE3,_T,_T,R40,R,_T,2000,1999-00,2.1925,1.4123,3.3891,1212.5087890625,Bangladesh demographic and health survey 1999-2000 (DHS). Dhaka  Bangladesh and Calverton  Maryland  National Institute of Population Research and Training  Mitra and Associates  and ORC Macro  2001,severe wasting (< -3 SD)
BGD,NT_ANT_WHZ_NE3,_T,_T,R40,U,_T,2000,1999-00,1.7394,1.0541,2.8573,612.416320800781,Bangladesh demographic and health survey 1999-2000 (DHS). Dhaka  Bangladesh and Calverton  Maryland  National Institute of Population Research and Training  Mitra and Associates  and ORC Macro  2001,severe wasting (< -3 SD)
BGD,NT_ANT_WHZ_NE3,_T,_T,R60,R,_T,2000,1999-00,2.1957,1.5909,3.0235,2152.94506835938,Bangladesh demographic and health survey 1999-2000 (DHS). Dhaka  Bangladesh and Calverton  Maryland  National Institute of Population Research and Training  Mitra and Associates  and ORC Macro  2001,severe wasting (< -3 SD)
BGD,NT_ANT_WHZ_NE3,_T,_T,R60,U,_T,2000,1999-00,2.1226,1.3795,3.2526,733.749267578125,Bangladesh demographic and health survey 1999-2000 (DHS). Dhaka  Bangladesh and Calverton  Maryland  National Institute of Population Research and Training  Mitra and Associates  and ORC Macro  2001,severe wasting (< -3 SD)
BGD,NT_ANT_WHZ_NE3,_T,_T,R80,R,_T,2000,1999-00,2.349,1.8628,2.9583,3268.1103515625,Bangladesh demographic and health survey 1999-2000 (DHS). Dhaka  Bangladesh and Calverton  Maryland  National Institute of Population Research and Training  Mitra and Associates  and ORC Macro  2001,severe wasting (< -3 SD)
BGD,NT_ANT_WHZ_NE3,_T,_T,R80,U,_T,2000,1999-00,2.1222,1.4084,3.1862,834.081115722656,Bangladesh demographic and health survey 1999-2000 (DHS). Dhaka  Bangladesh and Calverton  Maryland  National Institute of Population Research and Training  Mitra and Associates  and ORC Macro  2001,severe wasting (< -3 SD)
BGD,NT_ANT_WHZ_NE3,_T,_T,_T,R,_T,2000,1999-00,2.535,2.1343,3.0085,4591.64501953125,Bangladesh demographic and health survey 1999-2000 (DHS). Dhaka  Bangladesh and Calverton  Maryland  National Institute of Population Research and Training  Mitra and Associates  and ORC Macro  2001,severe wasting (< -3 SD)
BGD,NT_ANT_WHZ_NE3,_T,_T,_T,U,_T,2000,1999-00,2.2115,1.4764,3.3003,898.452270507812,Bangladesh demographic and health survey 1999-2000 (DHS). Dhaka  Bangladesh and Calverton  Maryland  National Institute of Population Research and Training  Mitra and Associates  and ORC Macro  2001,severe wasting (< -3 SD)
BGD,NT_ANT_WHZ_NE3,_T,_T,_T,_T,_T,2000,1999-00,2.482,2.1205,2.9034,5490.09765625,Bangladesh demographic and health survey 1999-2000 (DHS). Dhaka  Bangladesh and Calverton  Maryland  National Institute of Population Research and Training  Mitra and Associates  and ORC Macro  2001,severe wasting (< -3 SD)
BGD,NT_ANT_WHZ_NE3,_T,_T,_T,_T,AGG_0_1,2000,1999-00,2.6288,2.2034,3.1338,4153.3837890625,Bangladesh demographic and health survey 1999-2000 (DHS). Dhaka  Bangladesh and Calverton  Maryland  National Institute of Population Research and Training  Mitra and Associates  and ORC Macro  2001,severe wasting (< -3 SD)
BGD,NT_ANT_WHZ_NE3,_T,_T,_T,_T,AGG_2_3,2000,1999-00,2.113,1.409,3.1576,1129.12561035156,Bangladesh demographic and health survey 1999-2000 (DHS). Dhaka  Bangladesh and Calverton  Maryland  National Institute of Population Research and Training  Mitra and Associates  and ORC Macro  2001,severe wasting (< -3 SD)
BGD,NT_ANT_WHZ_NE3,_T,_T,_T,_T,AGG_3S_H,2000,1999-00,2.0259,1.3836,2.9573,1336.71350097656,Bangladesh demographic and health survey 1999-2000 (DHS). Dhaka  Bangladesh and Calverton  Maryland  National Institute of Population Research and Training  Mitra and Associates  and ORC Macro  2001,severe wasting (< -3 SD)
BGD,NT_ANT_WHZ_NE3,_T,_T,_T,_T,AGG_5T8,2000,1999-00,1.5516,0.4924,4.78,207.587875366211,Bangladesh demographic and health survey 1999-2000 (DHS). Dhaka  Bangladesh and Calverton  Maryland  National Institute of Population Research and Training  Mitra and Associates  and ORC Macro  2001,severe wasting (< -3 SD)
BGD,NT_ANT_WHZ_NE3,_T,_T,_T,_T,ISCED11A_01,2000,1999-00,2.6157,2.0552,3.324,2554.10571289062,Bangladesh demographic and health survey 1999-2000 (DHS). Dhaka  Bangladesh and Calverton  Maryland  National Institute of Population Research and Training  Mitra and Associates  and ORC Macro  2001,severe wasting (< -3 SD)
BGD,NT_ANT_WHZ_NE3,_T,_T,_T,_T,ISCED11_1,2000,1999-00,2.6498,1.9472,3.5965,1599.27819824219,Bangladesh demographic and health survey 1999-2000 (DHS). Dhaka  Bangladesh and Calverton  Maryland  National Institute of Population Research and Training  Mitra and Associates  and ORC Macro  2001,severe wasting (< -3 SD)
BGD,NT_ANT_WHZ_NE3,_T,_T,_T,_T,_T,2001,2001,2.3,,,63444,Nutritional Surveillance Project 2001  data on rural national (using the WHO Child Growth Standards). Unpublished estimates. Dhaka  Bangladesh  HKI and Institute of Public Health Nutrition  2008.,severe wasting (< -3 SD)
BGD,NT_ANT_WHZ_NE3,_T,_T,_T,_T,_T,2002,2002,2.1,,,53315,Nutritional Surveillance Project 2002  data on rural national (using the WHO Child Growth Standards). Unpublished estimates. Dhaka  Bangladesh  HKI and Institute of Public Health Nutrition  2008.,severe wasting (< -3 SD)
BGD,NT_ANT_WHZ_NE3,_T,_T,_T,_T,_T,2003,2003,2.1,,,86999,Nutritional Surveillance Project 2003  data on rural national (using the WHO Child Growth Standards). Unpublished estimates. Dhaka  Bangladesh  HKI and Institute of Public Health Nutrition  2008.,severe wasting (< -3 SD)
BGD,NT_ANT_WHZ_NE3,F,M0T11,_T,_T,_T,2004,2004,5.3008,3.6136,7.7127,605.105224609375,Bangladesh demographic and health survey 2004. Demographic and Health Surveys. Dhaka  Bangladesh and Calverton  Maryland [USA]  NIPORT  Mitra and Associates  and ORC Macro  2005,severe wasting (< -3 SD)
BGD,NT_ANT_WHZ_NE3,F,M0T23,_T,_T,_T,2004,2004,4.8413,3.5172,6.6297,1222.06335449219,Bangladesh demographic and health survey 2004. Demographic and Health Surveys. Dhaka  Bangladesh and Calverton  Maryland [USA]  NIPORT  Mitra and Associates  and ORC Macro  2005,severe wasting (< -3 SD)
BGD,NT_ANT_WHZ_NE3,F,M0T5,_T,_T,_T,2004,2004,4.5392,2.814,7.2433,342.385589599609,Bangladesh demographic and health survey 2004. Demographic and Health Surveys. Dhaka  Bangladesh and Calverton  Maryland [USA]  NIPORT  Mitra and Associates  and ORC Macro  2005,severe wasting (< -3 SD)
BGD,NT_ANT_WHZ_NE3,F,M12T17,_T,_T,_T,2004,2004,4.5822,2.7305,7.5916,362.083618164062,Bangladesh demographic and health survey 2004. Demographic and Health Surveys. Dhaka  Bangladesh and Calverton  Maryland [USA]  NIPORT  Mitra and Associates  and ORC Macro  2005,severe wasting (< -3 SD)
BGD,NT_ANT_WHZ_NE3,F,M12T23,_T,_T,_T,2004,2004,4.3907,2.9396,6.5102,616.958129882812,Bangladesh demographic and health survey 2004. Demographic and Health Surveys. Dhaka  Bangladesh and Calverton  Maryland [USA]  NIPORT  Mitra and Associates  and ORC Macro  2005,severe wasting (< -3 SD)
BGD,NT_ANT_WHZ_NE3,F,M18T23,_T,_T,_T,2004,2004,4.1187,2.0479,8.1102,254.874465942383,Bangladesh demographic and health survey 2004. Demographic and Health Surveys. Dhaka  Bangladesh and Calverton  Maryland [USA]  NIPORT  Mitra and Associates  and ORC Macro  2005,severe wasting (< -3 SD)
BGD,NT_ANT_WHZ_NE3,F,M24T29,_T,_T,_T,2004,2004,3.3801,2.0547,5.5123,358.864532470703,Bangladesh demographic and health survey 2004. Demographic and Health Surveys. Dhaka  Bangladesh and Calverton  Maryland [USA]  NIPORT  Mitra and Associates  and ORC Macro  2005,severe wasting (< -3 SD)
BGD,NT_ANT_WHZ_NE3,F,M24T35,_T,_T,_T,2004,2004,4.2511,2.7916,6.4234,596.90625,Bangladesh demographic and health survey 2004. Demographic and Health Surveys. Dhaka  Bangladesh and Calverton  Maryland [USA]  NIPORT  Mitra and Associates  and ORC Macro  2005,severe wasting (< -3 SD)
BGD,NT_ANT_WHZ_NE3,F,M24T59,_T,_T,_T,2004,2004,2.2166,1.5687,3.1237,1773.58532714844,Bangladesh demographic and health survey 2004. Demographic and Health Surveys. Dhaka  Bangladesh and Calverton  Maryland [USA]  NIPORT  Mitra and Associates  and ORC Macro  2005,severe wasting (< -3 SD)
BGD,NT_ANT_WHZ_NE3,F,M30T35,_T,_T,_T,2004,2004,5.5642,3.0609,9.9056,238.041732788086,Bangladesh demographic and health survey 2004. Demographic and Health Surveys. Dhaka  Bangladesh and Calverton  Maryland [USA]  NIPORT  Mitra and Associates  and ORC Macro  2005,severe wasting (< -3 SD)
BGD,NT_ANT_WHZ_NE3,F,M36T41,_T,_T,_T,2004,2004,1.7929,0.7636,4.1515,354.381011962891,Bangladesh demographic and health survey 2004. Demographic and Health Surveys. Dhaka  Bangladesh and Calverton  Maryland [USA]  NIPORT  Mitra and Associates  and ORC Macro  2005,severe wasting (< -3 SD)
BGD,NT_ANT_WHZ_NE3,F,M36T47,_T,_T,_T,2004,2004,1.5579,0.7802,3.0869,609.178039550781,Bangladesh demographic and health survey 2004. Demographic and Health Surveys. Dhaka  Bangladesh and Calverton  Maryland [USA]  NIPORT  Mitra and Associates  and ORC Macro  2005,severe wasting (< -3 SD)
BGD,NT_ANT_WHZ_NE3,F,M42T47,_T,_T,_T,2004,2004,1.2311,0.376,3.954,254.79704284668,Bangladesh demographic and health survey 2004. Demographic and Health Surveys. Dhaka  Bangladesh and Calverton  Maryland [USA]  NIPORT  Mitra and Associates  and ORC Macro  2005,severe wasting (< -3 SD)
BGD,NT_ANT_WHZ_NE3,F,M48T53,_T,_T,_T,2004,2004,0.6227,0.1537,2.4868,355.875762939453,Bangladesh demographic and health survey 2004. Demographic and Health Surveys. Dhaka  Bangladesh and Calverton  Maryland [USA]  NIPORT  Mitra and Associates  and ORC Macro  2005,severe wasting (< -3 SD)
BGD,NT_ANT_WHZ_NE3,F,M48T59,_T,_T,_T,2004,2004,0.7838,0.3109,1.9619,567.5009765625,Bangladesh demographic and health survey 2004. Demographic and Health Surveys. Dhaka  Bangladesh and Calverton  Maryland [USA]  NIPORT  Mitra and Associates  and ORC Macro  2005,severe wasting (< -3 SD)
BGD,NT_ANT_WHZ_NE3,F,M54T59,_T,_T,_T,2004,2004,1.0547,0.3084,3.5428,211.625259399414,Bangladesh demographic and health survey 2004. Demographic and Health Surveys. Dhaka  Bangladesh and Calverton  Maryland [USA]  NIPORT  Mitra and Associates  and ORC Macro  2005,severe wasting (< -3 SD)
BGD,NT_ANT_WHZ_NE3,F,M6T11,_T,_T,_T,2004,2004,6.2933,3.6166,10.7306,262.719635009766,Bangladesh demographic and health survey 2004. Demographic and Health Surveys. Dhaka  Bangladesh and Calverton  Maryland [USA]  NIPORT  Mitra and Associates  and ORC Macro  2005,severe wasting (< -3 SD)
BGD,NT_ANT_WHZ_NE3,F,_T,_T,_T,_T,2004,2004,3.3063,2.5259,4.3172,3011.86743164062,Bangladesh demographic and health survey 2004. Demographic and Health Surveys. Dhaka  Bangladesh and Calverton  Maryland [USA]  NIPORT  Mitra and Associates  and ORC Macro  2005,severe wasting (< -3 SD)
BGD,NT_ANT_WHZ_NE3,M,M0T11,_T,_T,_T,2004,2004,6.1948,4.2911,8.8648,612.989685058594,Bangladesh demographic and health survey 2004. Demographic and Health Surveys. Dhaka  Bangladesh and Calverton  Maryland [USA]  NIPORT  Mitra and Associates  and ORC Macro  2005,severe wasting (< -3 SD)
BGD,NT_ANT_WHZ_NE3,M,M0T23,_T,_T,_T,2004,2004,5.5981,4.2408,7.3563,1168.56225585938,Bangladesh demographic and health survey 2004. Demographic and Health Surveys. Dhaka  Bangladesh and Calverton  Maryland [USA]  NIPORT  Mitra and Associates  and ORC Macro  2005,severe wasting (< -3 SD)
BGD,NT_ANT_WHZ_NE3,M,M0T5,_T,_T,_T,2004,2004,5.8894,3.4826,9.7909,315.786987304688,Bangladesh demographic and health survey 2004. Demographic and Health Surveys. Dhaka  Bangladesh and Calverton  Maryland [USA]  NIPORT  Mitra and Associates  and ORC Macro  2005,severe wasting (< -3 SD)
BGD,NT_ANT_WHZ_NE3,M,M12T17,_T,_T,_T,2004,2004,4.36,2.5031,7.4884,332.537750244141,Bangladesh demographic and health survey 2004. Demographic and Health Surveys. Dhaka  Bangladesh and Calverton  Maryland [USA]  NIPORT  Mitra and Associates  and ORC Macro  2005,severe wasting (< -3 SD)
BGD,NT_ANT_WHZ_NE3,M,M12T23,_T,_T,_T,2004,2004,4.9396,3.339,7.2499,555.572570800781,Bangladesh demographic and health survey 2004. Demographic and Health Surveys. Dhaka  Bangladesh and Calverton  Maryland [USA]  NIPORT  Mitra and Associates  and ORC Macro  2005,severe wasting (< -3 SD)
BGD,NT_ANT_WHZ_NE3,M,M18T23,_T,_T,_T,2004,2004,5.8039,3.3477,9.8779,223.034790039062,Bangladesh demographic and health survey 2004. Demographic and Health Surveys. Dhaka  Bangladesh and Calverton  Maryland [USA]  NIPORT  Mitra and Associates  and ORC Macro  2005,severe wasting (< -3 SD)
BGD,NT_ANT_WHZ_NE3,M,M24T29,_T,_T,_T,2004,2004,4.5735,2.7598,7.4875,374.461761474609,Bangladesh demographic and health survey 2004. Demographic and Health Surveys. Dhaka  Bangladesh and Calverton  Maryland [USA]  NIPORT  Mitra and Associates  and ORC Macro  2005,severe wasting (< -3 SD)
BGD,NT_ANT_WHZ_NE3,M,M24T35,_T,_T,_T,2004,2004,3.5067,2.295,5.3233,632.26611328125,Bangladesh demographic and health survey 2004. Demographic and Health Surveys. Dhaka  Bangladesh and Calverton  Maryland [USA]  NIPORT  Mitra and Associates  and ORC Macro  2005,severe wasting (< -3 SD)
BGD,NT_ANT_WHZ_NE3,M,M24T59,_T,_T,_T,2004,2004,2.5834,1.9202,3.4676,1889.49731445312,Bangladesh demographic and health survey 2004. Demographic and Health Surveys. Dhaka  Bangladesh and Calverton  Maryland [USA]  NIPORT  Mitra and Associates  and ORC Macro  2005,severe wasting (< -3 SD)
BGD,NT_ANT_WHZ_NE3,M,M30T35,_T,_T,_T,2004,2004,1.9572,0.7906,4.7627,257.804321289062,Bangladesh demographic and health survey 2004. Demographic and Health Surveys. Dhaka  Bangladesh and Calverton  Maryland [USA]  NIPORT  Mitra and Associates  and ORC Macro  2005,severe wasting (< -3 SD)
BGD,NT_ANT_WHZ_NE3,M,M36T41,_T,_T,_T,2004,2004,0.4797,0.1458,1.5666,374.862579345703,Bangladesh demographic and health survey 2004. Demographic and Health Surveys. Dhaka  Bangladesh and Calverton  Maryland [USA]  NIPORT  Mitra and Associates  and ORC Macro  2005,severe wasting (< -3 SD)
BGD,NT_ANT_WHZ_NE3,M,M36T47,_T,_T,_T,2004,2004,1.2276,0.6834,2.1956,639.014221191406,Bangladesh demographic and health survey 2004. Demographic and Health Surveys. Dhaka  Bangladesh and Calverton  Maryland [USA]  NIPORT  Mitra and Associates  and ORC Macro  2005,severe wasting (< -3 SD)
BGD,NT_ANT_WHZ_NE3,M,M42T47,_T,_T,_T,2004,2004,2.2889,1.1612,4.4622,264.151611328125,Bangladesh demographic and health survey 2004. Demographic and Health Surveys. Dhaka  Bangladesh and Calverton  Maryland [USA]  NIPORT  Mitra and Associates  and ORC Macro  2005,severe wasting (< -3 SD)
BGD,NT_ANT_WHZ_NE3,M,M48T53,_T,_T,_T,2004,2004,3.3856,1.8327,6.1716,358.921661376953,Bangladesh demographic and health survey 2004. Demographic and Health Surveys. Dhaka  Bangladesh and Calverton  Maryland [USA]  NIPORT  Mitra and Associates  and ORC Macro  2005,severe wasting (< -3 SD)
BGD,NT_ANT_WHZ_NE3,M,M48T59,_T,_T,_T,2004,2004,3.0405,1.8622,4.9271,618.217041015625,Bangladesh demographic and health survey 2004. Demographic and Health Surveys. Dhaka  Bangladesh and Calverton  Maryland [USA]  NIPORT  Mitra and Associates  and ORC Macro  2005,severe wasting (< -3 SD)
BGD,NT_ANT_WHZ_NE3,M,M54T59,_T,_T,_T,2004,2004,2.5629,1.1375,5.6722,259.29541015625,Bangladesh demographic and health survey 2004. Demographic and Health Surveys. Dhaka  Bangladesh and Calverton  Maryland [USA]  NIPORT  Mitra and Associates  and ORC Macro  2005,severe wasting (< -3 SD)
BGD,NT_ANT_WHZ_NE3,M,M6T11,_T,_T,_T,2004,2004,6.5193,4.1363,10.1301,297.202697753906,Bangladesh demographic and health survey 2004. Demographic and Health Surveys. Dhaka  Bangladesh and Calverton  Maryland [USA]  NIPORT  Mitra and Associates  and ORC Macro  2005,severe wasting (< -3 SD)
BGD,NT_ANT_WHZ_NE3,M,_T,_T,_T,_T,2004,2004,3.7196,2.9789,4.6357,3071.0361328125,Bangladesh demographic and health survey 2004. Demographic and Health Surveys. Dhaka  Bangladesh and Calverton  Maryland [USA]  NIPORT  Mitra and Associates  and ORC Macro  2005,severe wasting (< -3 SD)
BGD,NT_ANT_WHZ_NE3,_T,M0T11,_T,_T,_T,2004,2004,5.7507,4.3318,7.5975,1218.09497070312,Bangladesh demographic and health survey 2004. Demographic and Health Surveys. Dhaka  Bangladesh and Calverton  Maryland [USA]  NIPORT  Mitra and Associates  and ORC Macro  2005,severe wasting (< -3 SD)
BGD,NT_ANT_WHZ_NE3,_T,M0T23,_T,_T,_T,2004,2004,5.2112,4.1904,6.464,2390.62548828125,Bangladesh demographic and health survey 2004. Demographic and Health Surveys. Dhaka  Bangladesh and Calverton  Maryland [USA]  NIPORT  Mitra and Associates  and ORC Macro  2005,severe wasting (< -3 SD)
BGD,NT_ANT_WHZ_NE3,_T,M0T5,_T,_T,_T,2004,2004,5.187,3.6164,7.3875,658.172607421875,Bangladesh demographic and health survey 2004. Demographic and Health Surveys. Dhaka  Bangladesh and Calverton  Maryland [USA]  NIPORT  Mitra and Associates  and ORC Macro  2005,severe wasting (< -3 SD)
BGD,NT_ANT_WHZ_NE3,_T,M12T17,_T,_T,_T,2004,2004,4.4758,3.0951,6.4317,694.621398925781,Bangladesh demographic and health survey 2004. Demographic and Health Surveys. Dhaka  Bangladesh and Calverton  Maryland [USA]  NIPORT  Mitra and Associates  and ORC Macro  2005,severe wasting (< -3 SD)
BGD,NT_ANT_WHZ_NE3,_T,M12T23,_T,_T,_T,2004,2004,4.6508,3.5827,6.0176,1172.53063964844,Bangladesh demographic and health survey 2004. Demographic and Health Surveys. Dhaka  Bangladesh and Calverton  Maryland [USA]  NIPORT  Mitra and Associates  and ORC Macro  2005,severe wasting (< -3 SD)
BGD,NT_ANT_WHZ_NE3,_T,M18T23,_T,_T,_T,2004,2004,4.9052,3.2578,7.3226,477.909271240234,Bangladesh demographic and health survey 2004. Demographic and Health Surveys. Dhaka  Bangladesh and Calverton  Maryland [USA]  NIPORT  Mitra and Associates  and ORC Macro  2005,severe wasting (< -3 SD)
BGD,NT_ANT_WHZ_NE3,_T,M24T29,_T,_T,_T,2004,2004,3.9895,2.8036,5.6479,733.326293945312,Bangladesh demographic and health survey 2004. Demographic and Health Surveys. Dhaka  Bangladesh and Calverton  Maryland [USA]  NIPORT  Mitra and Associates  and ORC Macro  2005,severe wasting (< -3 SD)
BGD,NT_ANT_WHZ_NE3,_T,M24T35,_T,_T,_T,2004,2004,3.8682,2.87,5.195,1229.17236328125,Bangladesh demographic and health survey 2004. Demographic and Health Surveys. Dhaka  Bangladesh and Calverton  Maryland [USA]  NIPORT  Mitra and Associates  and ORC Macro  2005,severe wasting (< -3 SD)
BGD,NT_ANT_WHZ_NE3,_T,M24T59,_T,_T,_T,2004,2004,2.4058,1.8924,3.0542,3663.08276367188,Bangladesh demographic and health survey 2004. Demographic and Health Surveys. Dhaka  Bangladesh and Calverton  Maryland [USA]  NIPORT  Mitra and Associates  and ORC Macro  2005,severe wasting (< -3 SD)
BGD,NT_ANT_WHZ_NE3,_T,M30T35,_T,_T,_T,2004,2004,3.6888,2.231,6.0403,495.846038818359,Bangladesh demographic and health survey 2004. Demographic and Health Surveys. Dhaka  Bangladesh and Calverton  Maryland [USA]  NIPORT  Mitra and Associates  and ORC Macro  2005,severe wasting (< -3 SD)
BGD,NT_ANT_WHZ_NE3,_T,M36T41,_T,_T,_T,2004,2004,1.1179,0.5481,2.2663,729.243591308594,Bangladesh demographic and health survey 2004. Demographic and Health Surveys. Dhaka  Bangladesh and Calverton  Maryland [USA]  NIPORT  Mitra and Associates  and ORC Macro  2005,severe wasting (< -3 SD)
BGD,NT_ANT_WHZ_NE3,_T,M36T47,_T,_T,_T,2004,2004,1.3888,0.8787,2.1886,1248.19226074219,Bangladesh demographic and health survey 2004. Demographic and Health Surveys. Dhaka  Bangladesh and Calverton  Maryland [USA]  NIPORT  Mitra and Associates  and ORC Macro  2005,severe wasting (< -3 SD)
BGD,NT_ANT_WHZ_NE3,_T,M42T47,_T,_T,_T,2004,2004,1.7695,0.9799,3.1752,518.948669433594,Bangladesh demographic and health survey 2004. Demographic and Health Surveys. Dhaka  Bangladesh and Calverton  Maryland [USA]  NIPORT  Mitra and Associates  and ORC Macro  2005,severe wasting (< -3 SD)
BGD,NT_ANT_WHZ_NE3,_T,M48T53,_T,_T,_T,2004,2004,2.01,1.1465,3.501,714.797424316406,Bangladesh demographic and health survey 2004. Demographic and Health Surveys. Dhaka  Bangladesh and Calverton  Maryland [USA]  NIPORT  Mitra and Associates  and ORC Macro  2005,severe wasting (< -3 SD)
BGD,NT_ANT_WHZ_NE3,_T,M48T59,_T,_T,_T,2004,2004,1.9604,1.2722,3.0096,1185.71801757812,Bangladesh demographic and health survey 2004. Demographic and Health Surveys. Dhaka  Bangladesh and Calverton  Maryland [USA]  NIPORT  Mitra and Associates  and ORC Macro  2005,severe wasting (< -3 SD)
BGD,NT_ANT_WHZ_NE3,_T,M54T59,_T,_T,_T,2004,2004,1.8852,0.9503,3.7054,470.920654296875,Bangladesh demographic and health survey 2004. Demographic and Health Surveys. Dhaka  Bangladesh and Calverton  Maryland [USA]  NIPORT  Mitra and Associates  and ORC Macro  2005,severe wasting (< -3 SD)
BGD,NT_ANT_WHZ_NE3,_T,M6T11,_T,_T,_T,2004,2004,6.4133,4.2952,9.4725,559.92236328125,Bangladesh demographic and health survey 2004. Demographic and Health Surveys. Dhaka  Bangladesh and Calverton  Maryland [USA]  NIPORT  Mitra and Associates  and ORC Macro  2005,severe wasting (< -3 SD)
BGD,NT_ANT_WHZ_NE3,_T,_T,B20,R,_T,2004,2004,4.0819,2.9511,5.621,1407.67944335938,Bangladesh demographic and health survey 2004. Demographic and Health Surveys. Dhaka  Bangladesh and Calverton  Maryland [USA]  NIPORT  Mitra and Associates  and ORC Macro  2005,severe wasting (< -3 SD)
BGD,NT_ANT_WHZ_NE3,_T,_T,B20,U,_T,2004,2004,2.6429,1.2348,5.5664,128.028778076172,Bangladesh demographic and health survey 2004. Demographic and Health Surveys. Dhaka  Bangladesh and Calverton  Maryland [USA]  NIPORT  Mitra and Associates  and ORC Macro  2005,severe wasting (< -3 SD)
BGD,NT_ANT_WHZ_NE3,_T,_T,B40,R,_T,2004,2004,4.189,3.2609,5.3666,2554.29321289062,Bangladesh demographic and health survey 2004. Demographic and Health Surveys. Dhaka  Bangladesh and Calverton  Maryland [USA]  NIPORT  Mitra and Associates  and ORC Macro  2005,severe wasting (< -3 SD)
BGD,NT_ANT_WHZ_NE3,_T,_T,B40,U,_T,2004,2004,2.4721,1.4311,4.2377,236.128036499023,Bangladesh demographic and health survey 2004. Demographic and Health Surveys. Dhaka  Bangladesh and Calverton  Maryland [USA]  NIPORT  Mitra and Associates  and ORC Macro  2005,severe wasting (< -3 SD)
BGD,NT_ANT_WHZ_NE3,_T,_T,B60,R,_T,2004,2004,4.0177,3.2456,4.9641,3586.59643554688,Bangladesh demographic and health survey 2004. Demographic and Health Surveys. Dhaka  Bangladesh and Calverton  Maryland [USA]  NIPORT  Mitra and Associates  and ORC Macro  2005,severe wasting (< -3 SD)
BGD,NT_ANT_WHZ_NE3,_T,_T,B60,U,_T,2004,2004,3.2191,1.9308,5.3204,394.147216796875,Bangladesh demographic and health survey 2004. Demographic and Health Surveys. Dhaka  Bangladesh and Calverton  Maryland [USA]  NIPORT  Mitra and Associates  and ORC Macro  2005,severe wasting (< -3 SD)
BGD,NT_ANT_WHZ_NE3,_T,_T,B80,R,_T,2004,2004,3.6447,2.99,4.4362,4492.28662109375,Bangladesh demographic and health survey 2004. Demographic and Health Surveys. Dhaka  Bangladesh and Calverton  Maryland [USA]  NIPORT  Mitra and Associates  and ORC Macro  2005,severe wasting (< -3 SD)
BGD,NT_ANT_WHZ_NE3,_T,_T,B80,U,_T,2004,2004,4.1823,2.7895,6.226,595.206359863281,Bangladesh demographic and health survey 2004. Demographic and Health Surveys. Dhaka  Bangladesh and Calverton  Maryland [USA]  NIPORT  Mitra and Associates  and ORC Macro  2005,severe wasting (< -3 SD)
BGD,NT_ANT_WHZ_NE3,_T,_T,Q1,R,_T,2004,2004,4.0819,2.9511,5.621,1407.67944335938,Bangladesh demographic and health survey 2004. Demographic and Health Surveys. Dhaka  Bangladesh and Calverton  Maryland [USA]  NIPORT  Mitra and Associates  and ORC Macro  2005,severe wasting (< -3 SD)
BGD,NT_ANT_WHZ_NE3,_T,_T,Q1,U,_T,2004,2004,2.6429,1.2348,5.5664,128.028778076172,Bangladesh demographic and health survey 2004. Demographic and Health Surveys. Dhaka  Bangladesh and Calverton  Maryland [USA]  NIPORT  Mitra and Associates  and ORC Macro  2005,severe wasting (< -3 SD)
BGD,NT_ANT_WHZ_NE3,_T,_T,Q1,_T,_T,2004,2004,3.962,2.9079,5.3769,1535.70825195312,Bangladesh demographic and health survey 2004. Demographic and Health Surveys. Dhaka  Bangladesh and Calverton  Maryland [USA]  NIPORT  Mitra and Associates  and ORC Macro  2005,severe wasting (< -3 SD)
BGD,NT_ANT_WHZ_NE3,_T,_T,Q2,R,_T,2004,2004,4.3204,3.1685,5.8658,1146.61376953125,Bangladesh demographic and health survey 2004. Demographic and Health Surveys. Dhaka  Bangladesh and Calverton  Maryland [USA]  NIPORT  Mitra and Associates  and ORC Macro  2005,severe wasting (< -3 SD)
BGD,NT_ANT_WHZ_NE3,_T,_T,Q2,U,_T,2004,2004,2.2698,0.9437,5.3583,108.099273681641,Bangladesh demographic and health survey 2004. Demographic and Health Surveys. Dhaka  Bangladesh and Calverton  Maryland [USA]  NIPORT  Mitra and Associates  and ORC Macro  2005,severe wasting (< -3 SD)
BGD,NT_ANT_WHZ_NE3,_T,_T,Q2,_T,_T,2004,2004,4.1438,3.0783,5.5569,1254.71301269531,Bangladesh demographic and health survey 2004. Demographic and Health Surveys. Dhaka  Bangladesh and Calverton  Maryland [USA]  NIPORT  Mitra and Associates  and ORC Macro  2005,severe wasting (< -3 SD)
BGD,NT_ANT_WHZ_NE3,_T,_T,Q3,R,_T,2004,2004,3.5939,2.3138,5.5418,1032.30322265625,Bangladesh demographic and health survey 2004. Demographic and Health Surveys. Dhaka  Bangladesh and Calverton  Maryland [USA]  NIPORT  Mitra and Associates  and ORC Macro  2005,severe wasting (< -3 SD)
BGD,NT_ANT_WHZ_NE3,_T,_T,Q3,U,_T,2004,2004,4.3353,2.1324,8.6135,158.019180297852,Bangladesh demographic and health survey 2004. Demographic and Health Surveys. Dhaka  Bangladesh and Calverton  Maryland [USA]  NIPORT  Mitra and Associates  and ORC Macro  2005,severe wasting (< -3 SD)
BGD,NT_ANT_WHZ_NE3,_T,_T,Q3,_T,_T,2004,2004,3.6923,2.5111,5.3984,1190.32238769531,Bangladesh demographic and health survey 2004. Demographic and Health Surveys. Dhaka  Bangladesh and Calverton  Maryland [USA]  NIPORT  Mitra and Associates  and ORC Macro  2005,severe wasting (< -3 SD)
BGD,NT_ANT_WHZ_NE3,_T,_T,Q4,R,_T,2004,2004,2.1676,1.3967,3.3493,905.690246582031,Bangladesh demographic and health survey 2004. Demographic and Health Surveys. Dhaka  Bangladesh and Calverton  Maryland [USA]  NIPORT  Mitra and Associates  and ORC Macro  2005,severe wasting (< -3 SD)
BGD,NT_ANT_WHZ_NE3,_T,_T,Q4,U,_T,2004,2004,6.0705,3.4958,10.3384,201.059143066406,Bangladesh demographic and health survey 2004. Demographic and Health Surveys. Dhaka  Bangladesh and Calverton  Maryland [USA]  NIPORT  Mitra and Associates  and ORC Macro  2005,severe wasting (< -3 SD)
BGD,NT_ANT_WHZ_NE3,_T,_T,Q4,_T,_T,2004,2004,2.8766,2.0295,4.0626,1106.74938964844,Bangladesh demographic and health survey 2004. Demographic and Health Surveys. Dhaka  Bangladesh and Calverton  Maryland [USA]  NIPORT  Mitra and Associates  and ORC Macro  2005,severe wasting (< -3 SD)
BGD,NT_ANT_WHZ_NE3,_T,_T,Q5,R,_T,2004,2004,2.7336,1.0217,7.1079,408.529144287109,Bangladesh demographic and health survey 2004. Demographic and Health Surveys. Dhaka  Bangladesh and Calverton  Maryland [USA]  NIPORT  Mitra and Associates  and ORC Macro  2005,severe wasting (< -3 SD)
BGD,NT_ANT_WHZ_NE3,_T,_T,Q5,U,_T,2004,2004,2.389,1.5945,3.565,586.881469726562,Bangladesh demographic and health survey 2004. Demographic and Health Surveys. Dhaka  Bangladesh and Calverton  Maryland [USA]  NIPORT  Mitra and Associates  and ORC Macro  2005,severe wasting (< -3 SD)
BGD,NT_ANT_WHZ_NE3,_T,_T,Q5,_T,_T,2004,2004,2.5304,1.5547,4.0929,995.41064453125,Bangladesh demographic and health survey 2004. Demographic and Health Surveys. Dhaka  Bangladesh and Calverton  Maryland [USA]  NIPORT  Mitra and Associates  and ORC Macro  2005,severe wasting (< -3 SD)
BGD,NT_ANT_WHZ_NE3,_T,_T,R20,R,_T,2004,2004,2.7336,1.0217,7.1079,408.529144287109,Bangladesh demographic and health survey 2004. Demographic and Health Surveys. Dhaka  Bangladesh and Calverton  Maryland [USA]  NIPORT  Mitra and Associates  and ORC Macro  2005,severe wasting (< -3 SD)
BGD,NT_ANT_WHZ_NE3,_T,_T,R20,U,_T,2004,2004,2.389,1.5945,3.565,586.881469726562,Bangladesh demographic and health survey 2004. Demographic and Health Surveys. Dhaka  Bangladesh and Calverton  Maryland [USA]  NIPORT  Mitra and Associates  and ORC Macro  2005,severe wasting (< -3 SD)
BGD,NT_ANT_WHZ_NE3,_T,_T,R40,R,_T,2004,2004,2.3435,1.5331,3.5667,1314.21936035156,Bangladesh demographic and health survey 2004. Demographic and Health Surveys. Dhaka  Bangladesh and Calverton  Maryland [USA]  NIPORT  Mitra and Associates  and ORC Macro  2005,severe wasting (< -3 SD)
BGD,NT_ANT_WHZ_NE3,_T,_T,R40,U,_T,2004,2004,3.3284,2.3459,4.7026,787.940612792969,Bangladesh demographic and health survey 2004. Demographic and Health Surveys. Dhaka  Bangladesh and Calverton  Maryland [USA]  NIPORT  Mitra and Associates  and ORC Macro  2005,severe wasting (< -3 SD)
BGD,NT_ANT_WHZ_NE3,_T,_T,R60,R,_T,2004,2004,2.8936,2.0534,4.0633,2346.52270507812,Bangladesh demographic and health survey 2004. Demographic and Health Surveys. Dhaka  Bangladesh and Calverton  Maryland [USA]  NIPORT  Mitra and Associates  and ORC Macro  2005,severe wasting (< -3 SD)
BGD,NT_ANT_WHZ_NE3,_T,_T,R60,U,_T,2004,2004,3.4966,2.4594,4.949,945.959838867188,Bangladesh demographic and health survey 2004. Demographic and Health Surveys. Dhaka  Bangladesh and Calverton  Maryland [USA]  NIPORT  Mitra and Associates  and ORC Macro  2005,severe wasting (< -3 SD)
BGD,NT_ANT_WHZ_NE3,_T,_T,R80,R,_T,2004,2004,3.3619,2.6489,4.2585,3493.13623046875,Bangladesh demographic and health survey 2004. Demographic and Health Surveys. Dhaka  Bangladesh and Calverton  Maryland [USA]  NIPORT  Mitra and Associates  and ORC Macro  2005,severe wasting (< -3 SD)
BGD,NT_ANT_WHZ_NE3,_T,_T,R80,U,_T,2004,2004,3.3708,2.4234,4.6707,1054.05908203125,Bangladesh demographic and health survey 2004. Demographic and Health Surveys. Dhaka  Bangladesh and Calverton  Maryland [USA]  NIPORT  Mitra and Associates  and ORC Macro  2005,severe wasting (< -3 SD)
BGD,NT_ANT_WHZ_NE3,_T,_T,_T,R,_T,2004,2004,3.5687,2.9038,4.3791,4900.81591796875,Bangladesh demographic and health survey 2004. Demographic and Health Surveys. Dhaka  Bangladesh and Calverton  Maryland [USA]  NIPORT  Mitra and Associates  and ORC Macro  2005,severe wasting (< -3 SD)
BGD,NT_ANT_WHZ_NE3,_T,_T,_T,U,_T,2004,2004,3.292,2.3759,4.5448,1182.087890625,Bangladesh demographic and health survey 2004. Demographic and Health Surveys. Dhaka  Bangladesh and Calverton  Maryland [USA]  NIPORT  Mitra and Associates  and ORC Macro  2005,severe wasting (< -3 SD)
BGD,NT_ANT_WHZ_NE3,_T,_T,_T,_T,_T,2004,2004,3.515,2.9419,4.1948,6082.90380859375,Bangladesh demographic and health survey 2004. Demographic and Health Surveys. Dhaka  Bangladesh and Calverton  Maryland [USA]  NIPORT  Mitra and Associates  and ORC Macro  2005,severe wasting (< -3 SD)
BGD,NT_ANT_WHZ_NE3,_T,_T,_T,_T,AGG_0_1,2004,2004,3.6289,3.0082,4.372,4109.62255859375,Bangladesh demographic and health survey 2004. Demographic and Health Surveys. Dhaka  Bangladesh and Calverton  Maryland [USA]  NIPORT  Mitra and Associates  and ORC Macro  2005,severe wasting (< -3 SD)
BGD,NT_ANT_WHZ_NE3,_T,_T,_T,_T,AGG_2_3,2004,2004,3.3727,2.2484,5.0302,1561.5205078125,Bangladesh demographic and health survey 2004. Demographic and Health Surveys. Dhaka  Bangladesh and Calverton  Maryland [USA]  NIPORT  Mitra and Associates  and ORC Macro  2005,severe wasting (< -3 SD)
BGD,NT_ANT_WHZ_NE3,_T,_T,_T,_T,AGG_3S_H,2004,2004,3.1429,2.1506,4.5716,1861.80090332031,Bangladesh demographic and health survey 2004. Demographic and Health Surveys. Dhaka  Bangladesh and Calverton  Maryland [USA]  NIPORT  Mitra and Associates  and ORC Macro  2005,severe wasting (< -3 SD)
BGD,NT_ANT_WHZ_NE3,_T,_T,_T,_T,AGG_5T8,2004,2004,1.9478,0.7094,5.2341,300.280426025391,Bangladesh demographic and health survey 2004. Demographic and Health Surveys. Dhaka  Bangladesh and Calverton  Maryland [USA]  NIPORT  Mitra and Associates  and ORC Macro  2005,severe wasting (< -3 SD)
BGD,NT_ANT_WHZ_NE3,_T,_T,_T,_T,ISCED11A_01,2004,2004,3.8848,2.9639,5.0767,2241.93334960938,Bangladesh demographic and health survey 2004. Demographic and Health Surveys. Dhaka  Bangladesh and Calverton  Maryland [USA]  NIPORT  Mitra and Associates  and ORC Macro  2005,severe wasting (< -3 SD)
BGD,NT_ANT_WHZ_NE3,_T,_T,_T,_T,ISCED11_1,2004,2004,3.3218,2.5727,4.2796,1867.68933105469,Bangladesh demographic and health survey 2004. Demographic and Health Surveys. Dhaka  Bangladesh and Calverton  Maryland [USA]  NIPORT  Mitra and Associates  and ORC Macro  2005,severe wasting (< -3 SD)
BGD,NT_ANT_WHZ_NE3,_T,_T,_T,_T,_T,2005,2005,1.9,,,74758,Nutritional Surveillance Project 2005  Rural data (using the WHO Child Growth Standards). Unpublished estimates. Dhakar  Bangladesh  HKI and Institute of Public Health Nutrition  2007.,severe wasting (< -3 SD)
BGD,NT_ANT_WHZ_NE3,F,_T,_T,_T,_T,2005-06,2005,2.5,,,,Child and Mother Nutrition Survey of Bangladesh 2005,severe wasting (< -3 SD)
BGD,NT_ANT_WHZ_NE3,M,_T,_T,_T,_T,2005-06,2005,3.3,,,,Child and Mother Nutrition Survey of Bangladesh 2005,severe wasting (< -3 SD)
BGD,NT_ANT_WHZ_NE3,_T,M0T23,_T,_T,_T,2005-06,2005,5.2,,,,Child and Mother Nutrition Survey of Bangladesh 2005,severe wasting (< -3 SD)
BGD,NT_ANT_WHZ_NE3,_T,M0T5,_T,_T,_T,2005-06,2005,7.8,,,,Child and Mother Nutrition Survey of Bangladesh 2005,severe wasting (< -3 SD)
BGD,NT_ANT_WHZ_NE3,_T,M12T17,_T,_T,_T,2005-06,2005,5.7,,,,Child and Mother Nutrition Survey of Bangladesh 2005,severe wasting (< -3 SD)
BGD,NT_ANT_WHZ_NE3,_T,M18T23,_T,_T,_T,2005-06,2005,3,,,,Child and Mother Nutrition Survey of Bangladesh 2005,severe wasting (< -3 SD)
BGD,NT_ANT_WHZ_NE3,_T,M24T35,_T,_T,_T,2005-06,2005,2.5,,,,Child and Mother Nutrition Survey of Bangladesh 2005,severe wasting (< -3 SD)
BGD,NT_ANT_WHZ_NE3,_T,M24T59,_T,_T,_T,2005-06,2005,1.6,,,,Child and Mother Nutrition Survey of Bangladesh 2005,severe wasting (< -3 SD)
BGD,NT_ANT_WHZ_NE3,_T,M36T47,_T,_T,_T,2005-06,2005,1.5,,,,Child and Mother Nutrition Survey of Bangladesh 2005,severe wasting (< -3 SD)
BGD,NT_ANT_WHZ_NE3,_T,M48T59,_T,_T,_T,2005-06,2005,0.7,,,,Child and Mother Nutrition Survey of Bangladesh 2005,severe wasting (< -3 SD)
BGD,NT_ANT_WHZ_NE3,_T,M6T11,_T,_T,_T,2005-06,2005,4.6,,,,Child and Mother Nutrition Survey of Bangladesh 2005,severe wasting (< -3 SD)
BGD,NT_ANT_WHZ_NE3,_T,_T,_T,R,_T,2005-06,2005,3,,,,Child and Mother Nutrition Survey of Bangladesh 2005,severe wasting (< -3 SD)
BGD,NT_ANT_WHZ_NE3,_T,_T,_T,U,_T,2005-06,2005,2.4,,,,Child and Mother Nutrition Survey of Bangladesh 2005,severe wasting (< -3 SD)
BGD,NT_ANT_WHZ_NE3,_T,_T,_T,_T,_T,2005-06,2005,2.9,,,,Child and Mother Nutrition Survey of Bangladesh 2005,severe wasting (< -3 SD)
BGD,NT_ANT_WHZ_NE3,_T,_T,_T,_T,_T,2006,2006,1.6,,,24302,Nutritional Surveillance Project 2006  data on rural national data (using the WHO Child Growth Standards). Unpublished estimates. Dhaka  Bangladesh  HKI and Institute of Public Health Nutrition  2008,severe wasting (< -3 SD)
BGD,NT_ANT_WHZ_NE3,F,M0T11,_T,_T,_T,2007,2007,4.3418,2.8409,6.5819,547.14599609375,Bangladesh demographic and health survey 2007. DHS. Dhaka  Bangladesh and Calverton  Maryland  USA  National Institute of Population Research and Training  Mitra and Associates  and Macro International  2009,severe wasting (< -3 SD)
BGD,NT_ANT_WHZ_NE3,F,M0T23,_T,_T,_T,2007,2007,4.0682,2.9485,5.5887,1114.89575195312,Bangladesh demographic and health survey 2007. DHS. Dhaka  Bangladesh and Calverton  Maryland  USA  National Institute of Population Research and Training  Mitra and Associates  and Macro International  2009,severe wasting (< -3 SD)
BGD,NT_ANT_WHZ_NE3,F,M0T5,_T,_T,_T,2007,2007,4.555,2.4541,8.3015,265.413940429688,Bangladesh demographic and health survey 2007. DHS. Dhaka  Bangladesh and Calverton  Maryland  USA  National Institute of Population Research and Training  Mitra and Associates  and Macro International  2009,severe wasting (< -3 SD)
BGD,NT_ANT_WHZ_NE3,F,M12T17,_T,_T,_T,2007,2007,3.9088,1.9307,7.7536,255.416275024414,Bangladesh demographic and health survey 2007. DHS. Dhaka  Bangladesh and Calverton  Maryland  USA  National Institute of Population Research and Training  Mitra and Associates  and Macro International  2009,severe wasting (< -3 SD)
BGD,NT_ANT_WHZ_NE3,F,M12T23,_T,_T,_T,2007,2007,3.8046,2.3871,6.0119,567.749816894531,Bangladesh demographic and health survey 2007. DHS. Dhaka  Bangladesh and Calverton  Maryland  USA  National Institute of Population Research and Training  Mitra and Associates  and Macro International  2009,severe wasting (< -3 SD)
BGD,NT_ANT_WHZ_NE3,F,M18T23,_T,_T,_T,2007,2007,3.7194,1.9304,7.0472,312.333526611328,Bangladesh demographic and health survey 2007. DHS. Dhaka  Bangladesh and Calverton  Maryland  USA  National Institute of Population Research and Training  Mitra and Associates  and Macro International  2009,severe wasting (< -3 SD)
BGD,NT_ANT_WHZ_NE3,F,M24T29,_T,_T,_T,2007,2007,0.9623,0.3651,2.5114,259.281585693359,Bangladesh demographic and health survey 2007. DHS. Dhaka  Bangladesh and Calverton  Maryland  USA  National Institute of Population Research and Training  Mitra and Associates  and Macro International  2009,severe wasting (< -3 SD)
BGD,NT_ANT_WHZ_NE3,F,M24T35,_T,_T,_T,2007,2007,2.0353,1.0129,4.0477,546.666015625,Bangladesh demographic and health survey 2007. DHS. Dhaka  Bangladesh and Calverton  Maryland  USA  National Institute of Population Research and Training  Mitra and Associates  and Macro International  2009,severe wasting (< -3 SD)
BGD,NT_ANT_WHZ_NE3,F,M24T59,_T,_T,_T,2007,2007,1.4774,0.8184,2.653,1581.94067382812,Bangladesh demographic and health survey 2007. DHS. Dhaka  Bangladesh and Calverton  Maryland  USA  National Institute of Population Research and Training  Mitra and Associates  and Macro International  2009,severe wasting (< -3 SD)
BGD,NT_ANT_WHZ_NE3,F,M30T35,_T,_T,_T,2007,2007,3.0035,1.2916,6.8276,287.384460449219,Bangladesh demographic and health survey 2007. DHS. Dhaka  Bangladesh and Calverton  Maryland  USA  National Institute of Population Research and Training  Mitra and Associates  and Macro International  2009,severe wasting (< -3 SD)
BGD,NT_ANT_WHZ_NE3,F,M36T41,_T,_T,_T,2007,2007,2.7375,0.8499,8.4601,262.751922607422,Bangladesh demographic and health survey 2007. DHS. Dhaka  Bangladesh and Calverton  Maryland  USA  National Institute of Population Research and Training  Mitra and Associates  and Macro International  2009,severe wasting (< -3 SD)
BGD,NT_ANT_WHZ_NE3,F,M36T47,_T,_T,_T,2007,2007,1.5769,0.5682,4.2988,522.351806640625,Bangladesh demographic and health survey 2007. DHS. Dhaka  Bangladesh and Calverton  Maryland  USA  National Institute of Population Research and Training  Mitra and Associates  and Macro International  2009,severe wasting (< -3 SD)
BGD,NT_ANT_WHZ_NE3,F,M42T47,_T,_T,_T,2007,2007,0.4022,0.0953,1.6819,259.599884033203,Bangladesh demographic and health survey 2007. DHS. Dhaka  Bangladesh and Calverton  Maryland  USA  National Institute of Population Research and Training  Mitra and Associates  and Macro International  2009,severe wasting (< -3 SD)
BGD,NT_ANT_WHZ_NE3,F,M48T53,_T,_T,_T,2007,2007,0.6411,0.1387,2.9105,275.216979980469,Bangladesh demographic and health survey 2007. DHS. Dhaka  Bangladesh and Calverton  Maryland  USA  National Institute of Population Research and Training  Mitra and Associates  and Macro International  2009,severe wasting (< -3 SD)
BGD,NT_ANT_WHZ_NE3,F,M48T59,_T,_T,_T,2007,2007,0.7813,0.2793,2.1663,512.9228515625,Bangladesh demographic and health survey 2007. DHS. Dhaka  Bangladesh and Calverton  Maryland  USA  National Institute of Population Research and Training  Mitra and Associates  and Macro International  2009,severe wasting (< -3 SD)
BGD,NT_ANT_WHZ_NE3,F,M54T59,_T,_T,_T,2007,2007,0.9438,0.2336,3.7316,237.705856323242,Bangladesh demographic and health survey 2007. DHS. Dhaka  Bangladesh and Calverton  Maryland  USA  National Institute of Population Research and Training  Mitra and Associates  and Macro International  2009,severe wasting (< -3 SD)
BGD,NT_ANT_WHZ_NE3,F,M6T11,_T,_T,_T,2007,2007,4.141,2.1184,7.9381,281.732055664062,Bangladesh demographic and health survey 2007. DHS. Dhaka  Bangladesh and Calverton  Maryland  USA  National Institute of Population Research and Training  Mitra and Associates  and Macro International  2009,severe wasting (< -3 SD)
BGD,NT_ANT_WHZ_NE3,F,_T,_T,_T,_T,2007,2007,2.5464,1.8411,3.5123,2698.99267578125,Bangladesh demographic and health survey 2007. DHS. Dhaka  Bangladesh and Calverton  Maryland  USA  National Institute of Population Research and Training  Mitra and Associates  and Macro International  2009,severe wasting (< -3 SD)
BGD,NT_ANT_WHZ_NE3,M,M0T11,_T,_T,_T,2007,2007,4.5673,2.9102,7.0989,538.142456054688,Bangladesh demographic and health survey 2007. DHS. Dhaka  Bangladesh and Calverton  Maryland  USA  National Institute of Population Research and Training  Mitra and Associates  and Macro International  2009,severe wasting (< -3 SD)
BGD,NT_ANT_WHZ_NE3,M,M0T23,_T,_T,_T,2007,2007,4.2992,3.1799,5.7889,1078.1796875,Bangladesh demographic and health survey 2007. DHS. Dhaka  Bangladesh and Calverton  Maryland  USA  National Institute of Population Research and Training  Mitra and Associates  and Macro International  2009,severe wasting (< -3 SD)
BGD,NT_ANT_WHZ_NE3,M,M0T5,_T,_T,_T,2007,2007,4.9747,2.5853,9.3605,259.867279052734,Bangladesh demographic and health survey 2007. DHS. Dhaka  Bangladesh and Calverton  Maryland  USA  National Institute of Population Research and Training  Mitra and Associates  and Macro International  2009,severe wasting (< -3 SD)
BGD,NT_ANT_WHZ_NE3,M,M12T17,_T,_T,_T,2007,2007,2.7493,1.2968,5.7341,259.515533447266,Bangladesh demographic and health survey 2007. DHS. Dhaka  Bangladesh and Calverton  Maryland  USA  National Institute of Population Research and Training  Mitra and Associates  and Macro International  2009,severe wasting (< -3 SD)
BGD,NT_ANT_WHZ_NE3,M,M12T23,_T,_T,_T,2007,2007,4.032,2.4772,6.4977,540.037231445312,Bangladesh demographic and health survey 2007. DHS. Dhaka  Bangladesh and Calverton  Maryland  USA  National Institute of Population Research and Training  Mitra and Associates  and Macro International  2009,severe wasting (< -3 SD)
BGD,NT_ANT_WHZ_NE3,M,M18T23,_T,_T,_T,2007,2007,5.2186,2.8164,9.4701,280.521667480469,Bangladesh demographic and health survey 2007. DHS. Dhaka  Bangladesh and Calverton  Maryland  USA  National Institute of Population Research and Training  Mitra and Associates  and Macro International  2009,severe wasting (< -3 SD)
BGD,NT_ANT_WHZ_NE3,M,M24T29,_T,_T,_T,2007,2007,4.3404,2.3713,7.8138,279.605438232422,Bangladesh demographic and health survey 2007. DHS. Dhaka  Bangladesh and Calverton  Maryland  USA  National Institute of Population Research and Training  Mitra and Associates  and Macro International  2009,severe wasting (< -3 SD)
BGD,NT_ANT_WHZ_NE3,M,M24T35,_T,_T,_T,2007,2007,2.8402,1.743,4.5958,529.990844726562,Bangladesh demographic and health survey 2007. DHS. Dhaka  Bangladesh and Calverton  Maryland  USA  National Institute of Population Research and Training  Mitra and Associates  and Macro International  2009,severe wasting (< -3 SD)
BGD,NT_ANT_WHZ_NE3,M,M24T59,_T,_T,_T,2007,2007,2.561,1.8279,3.5773,1564.15930175781,Bangladesh demographic and health survey 2007. DHS. Dhaka  Bangladesh and Calverton  Maryland  USA  National Institute of Population Research and Training  Mitra and Associates  and Macro International  2009,severe wasting (< -3 SD)
BGD,NT_ANT_WHZ_NE3,M,M30T35,_T,_T,_T,2007,2007,1.165,0.4216,3.1775,250.385406494141,Bangladesh demographic and health survey 2007. DHS. Dhaka  Bangladesh and Calverton  Maryland  USA  National Institute of Population Research and Training  Mitra and Associates  and Macro International  2009,severe wasting (< -3 SD)
BGD,NT_ANT_WHZ_NE3,M,M36T41,_T,_T,_T,2007,2007,4.1657,2.1584,7.8894,280.988220214844,Bangladesh demographic and health survey 2007. DHS. Dhaka  Bangladesh and Calverton  Maryland  USA  National Institute of Population Research and Training  Mitra and Associates  and Macro International  2009,severe wasting (< -3 SD)
BGD,NT_ANT_WHZ_NE3,M,M36T47,_T,_T,_T,2007,2007,2.9514,1.727,4.9995,523.19921875,Bangladesh demographic and health survey 2007. DHS. Dhaka  Bangladesh and Calverton  Maryland  USA  National Institute of Population Research and Training  Mitra and Associates  and Macro International  2009,severe wasting (< -3 SD)
BGD,NT_ANT_WHZ_NE3,M,M42T47,_T,_T,_T,2007,2007,1.5426,0.6316,3.7182,242.210983276367,Bangladesh demographic and health survey 2007. DHS. Dhaka  Bangladesh and Calverton  Maryland  USA  National Institute of Population Research and Training  Mitra and Associates  and Macro International  2009,severe wasting (< -3 SD)
BGD,NT_ANT_WHZ_NE3,M,M48T53,_T,_T,_T,2007,2007,2.2634,0.8509,5.8816,260.417877197266,Bangladesh demographic and health survey 2007. DHS. Dhaka  Bangladesh and Calverton  Maryland  USA  National Institute of Population Research and Training  Mitra and Associates  and Macro International  2009,severe wasting (< -3 SD)
BGD,NT_ANT_WHZ_NE3,M,M48T59,_T,_T,_T,2007,2007,1.8716,0.8407,4.1143,510.969299316406,Bangladesh demographic and health survey 2007. DHS. Dhaka  Bangladesh and Calverton  Maryland  USA  National Institute of Population Research and Training  Mitra and Associates  and Macro International  2009,severe wasting (< -3 SD)
BGD,NT_ANT_WHZ_NE3,M,M54T59,_T,_T,_T,2007,2007,1.4644,0.3785,5.4945,250.55143737793,Bangladesh demographic and health survey 2007. DHS. Dhaka  Bangladesh and Calverton  Maryland  USA  National Institute of Population Research and Training  Mitra and Associates  and Macro International  2009,severe wasting (< -3 SD)
BGD,NT_ANT_WHZ_NE3,M,M6T11,_T,_T,_T,2007,2007,4.1868,2.3579,7.3278,278.275207519531,Bangladesh demographic and health survey 2007. DHS. Dhaka  Bangladesh and Calverton  Maryland  USA  National Institute of Population Research and Training  Mitra and Associates  and Macro International  2009,severe wasting (< -3 SD)
BGD,NT_ANT_WHZ_NE3,M,_T,_T,_T,_T,2007,2007,3.2671,2.5823,4.1258,2644.90698242188,Bangladesh demographic and health survey 2007. DHS. Dhaka  Bangladesh and Calverton  Maryland  USA  National Institute of Population Research and Training  Mitra and Associates  and Macro International  2009,severe wasting (< -3 SD)
BGD,NT_ANT_WHZ_NE3,_T,M0T11,_T,_T,_T,2007,2007,4.4536,3.2702,6.0385,1085.28845214844,Bangladesh demographic and health survey 2007. DHS. Dhaka  Bangladesh and Calverton  Maryland  USA  National Institute of Population Research and Training  Mitra and Associates  and Macro International  2009,severe wasting (< -3 SD)
BGD,NT_ANT_WHZ_NE3,_T,M0T23,_T,_T,_T,2007,2007,4.1818,3.3145,5.2636,2193.07543945312,Bangladesh demographic and health survey 2007. DHS. Dhaka  Bangladesh and Calverton  Maryland  USA  National Institute of Population Research and Training  Mitra and Associates  and Macro International  2009,severe wasting (< -3 SD)
BGD,NT_ANT_WHZ_NE3,_T,M0T5,_T,_T,_T,2007,2007,4.7627,3.0831,7.2884,525.281188964844,Bangladesh demographic and health survey 2007. DHS. Dhaka  Bangladesh and Calverton  Maryland  USA  National Institute of Population Research and Training  Mitra and Associates  and Macro International  2009,severe wasting (< -3 SD)
BGD,NT_ANT_WHZ_NE3,_T,M12T17,_T,_T,_T,2007,2007,3.3244,2.0116,5.4464,514.931823730469,Bangladesh demographic and health survey 2007. DHS. Dhaka  Bangladesh and Calverton  Maryland  USA  National Institute of Population Research and Training  Mitra and Associates  and Macro International  2009,severe wasting (< -3 SD)
BGD,NT_ANT_WHZ_NE3,_T,M12T23,_T,_T,_T,2007,2007,3.9154,2.8126,5.4265,1107.78698730469,Bangladesh demographic and health survey 2007. DHS. Dhaka  Bangladesh and Calverton  Maryland  USA  National Institute of Population Research and Training  Mitra and Associates  and Macro International  2009,severe wasting (< -3 SD)
BGD,NT_ANT_WHZ_NE3,_T,M18T23,_T,_T,_T,2007,2007,4.4288,2.8413,6.8407,592.855224609375,Bangladesh demographic and health survey 2007. DHS. Dhaka  Bangladesh and Calverton  Maryland  USA  National Institute of Population Research and Training  Mitra and Associates  and Macro International  2009,severe wasting (< -3 SD)
BGD,NT_ANT_WHZ_NE3,_T,M24T29,_T,_T,_T,2007,2007,2.715,1.6107,4.5417,538.887023925781,Bangladesh demographic and health survey 2007. DHS. Dhaka  Bangladesh and Calverton  Maryland  USA  National Institute of Population Research and Training  Mitra and Associates  and Macro International  2009,severe wasting (< -3 SD)
BGD,NT_ANT_WHZ_NE3,_T,M24T35,_T,_T,_T,2007,2007,2.4316,1.6082,3.6607,1076.65686035156,Bangladesh demographic and health survey 2007. DHS. Dhaka  Bangladesh and Calverton  Maryland  USA  National Institute of Population Research and Training  Mitra and Associates  and Macro International  2009,severe wasting (< -3 SD)
BGD,NT_ANT_WHZ_NE3,_T,M24T59,_T,_T,_T,2007,2007,2.0161,1.486,2.7301,3146.10009765625,Bangladesh demographic and health survey 2007. DHS. Dhaka  Bangladesh and Calverton  Maryland  USA  National Institute of Population Research and Training  Mitra and Associates  and Macro International  2009,severe wasting (< -3 SD)
BGD,NT_ANT_WHZ_NE3,_T,M30T35,_T,_T,_T,2007,2007,2.1475,1.083,4.2138,537.769836425781,Bangladesh demographic and health survey 2007. DHS. Dhaka  Bangladesh and Calverton  Maryland  USA  National Institute of Population Research and Training  Mitra and Associates  and Macro International  2009,severe wasting (< -3 SD)
BGD,NT_ANT_WHZ_NE3,_T,M36T41,_T,_T,_T,2007,2007,3.4756,1.9101,6.2426,543.740112304688,Bangladesh demographic and health survey 2007. DHS. Dhaka  Bangladesh and Calverton  Maryland  USA  National Institute of Population Research and Training  Mitra and Associates  and Macro International  2009,severe wasting (< -3 SD)
BGD,NT_ANT_WHZ_NE3,_T,M36T47,_T,_T,_T,2007,2007,2.2647,1.3835,3.6863,1045.55102539062,Bangladesh demographic and health survey 2007. DHS. Dhaka  Bangladesh and Calverton  Maryland  USA  National Institute of Population Research and Training  Mitra and Associates  and Macro International  2009,severe wasting (< -3 SD)
BGD,NT_ANT_WHZ_NE3,_T,M42T47,_T,_T,_T,2007,2007,0.9526,0.4926,1.8344,501.810882568359,Bangladesh demographic and health survey 2007. DHS. Dhaka  Bangladesh and Calverton  Maryland  USA  National Institute of Population Research and Training  Mitra and Associates  and Macro International  2009,severe wasting (< -3 SD)
BGD,NT_ANT_WHZ_NE3,_T,M48T53,_T,_T,_T,2007,2007,1.4298,0.6332,3.1966,535.634826660156,Bangladesh demographic and health survey 2007. DHS. Dhaka  Bangladesh and Calverton  Maryland  USA  National Institute of Population Research and Training  Mitra and Associates  and Macro International  2009,severe wasting (< -3 SD)
BGD,NT_ANT_WHZ_NE3,_T,M48T59,_T,_T,_T,2007,2007,1.3254,0.6993,2.4981,1023.89221191406,Bangladesh demographic and health survey 2007. DHS. Dhaka  Bangladesh and Calverton  Maryland  USA  National Institute of Population Research and Training  Mitra and Associates  and Macro International  2009,severe wasting (< -3 SD)
BGD,NT_ANT_WHZ_NE3,_T,M54T59,_T,_T,_T,2007,2007,1.2109,0.4481,3.2304,488.257293701172,Bangladesh demographic and health survey 2007. DHS. Dhaka  Bangladesh and Calverton  Maryland  USA  National Institute of Population Research and Training  Mitra and Associates  and Macro International  2009,severe wasting (< -3 SD)
BGD,NT_ANT_WHZ_NE3,_T,M6T11,_T,_T,_T,2007,2007,4.1637,2.6441,6.4985,560.007263183594,Bangladesh demographic and health survey 2007. DHS. Dhaka  Bangladesh and Calverton  Maryland  USA  National Institute of Population Research and Training  Mitra and Associates  and Macro International  2009,severe wasting (< -3 SD)
BGD,NT_ANT_WHZ_NE3,_T,_T,B20,R,_T,2007,2007,3.701,2.4955,5.4561,1133.42578125,Bangladesh demographic and health survey 2007. DHS. Dhaka  Bangladesh and Calverton  Maryland  USA  National Institute of Population Research and Training  Mitra and Associates  and Macro International  2009,severe wasting (< -3 SD)
BGD,NT_ANT_WHZ_NE3,_T,_T,B20,U,_T,2007,2007,5.3964,2.332,11.9934,74.0876617431641,Bangladesh demographic and health survey 2007. DHS. Dhaka  Bangladesh and Calverton  Maryland  USA  National Institute of Population Research and Training  Mitra and Associates  and Macro International  2009,severe wasting (< -3 SD)
BGD,NT_ANT_WHZ_NE3,_T,_T,B40,R,_T,2007,2007,3.2396,2.3465,4.4572,2186.5087890625,Bangladesh demographic and health survey 2007. DHS. Dhaka  Bangladesh and Calverton  Maryland  USA  National Institute of Population Research and Training  Mitra and Associates  and Macro International  2009,severe wasting (< -3 SD)
BGD,NT_ANT_WHZ_NE3,_T,_T,B40,U,_T,2007,2007,4.265,2.3938,7.4866,176.677169799805,Bangladesh demographic and health survey 2007. DHS. Dhaka  Bangladesh and Calverton  Maryland  USA  National Institute of Population Research and Training  Mitra and Associates  and Macro International  2009,severe wasting (< -3 SD)
BGD,NT_ANT_WHZ_NE3,_T,_T,B60,R,_T,2007,2007,3.0092,2.2603,3.9961,3090.65283203125,Bangladesh demographic and health survey 2007. DHS. Dhaka  Bangladesh and Calverton  Maryland  USA  National Institute of Population Research and Training  Mitra and Associates  and Macro International  2009,severe wasting (< -3 SD)
BGD,NT_ANT_WHZ_NE3,_T,_T,B60,U,_T,2007,2007,4.017,2.4596,6.4947,310.45947265625,Bangladesh demographic and health survey 2007. DHS. Dhaka  Bangladesh and Calverton  Maryland  USA  National Institute of Population Research and Training  Mitra and Associates  and Macro International  2009,severe wasting (< -3 SD)
BGD,NT_ANT_WHZ_NE3,_T,_T,B80,R,_T,2007,2007,2.9815,2.2747,3.8991,3868.51635742188,Bangladesh demographic and health survey 2007. DHS. Dhaka  Bangladesh and Calverton  Maryland  USA  National Institute of Population Research and Training  Mitra and Associates  and Macro International  2009,severe wasting (< -3 SD)
BGD,NT_ANT_WHZ_NE3,_T,_T,B80,U,_T,2007,2007,3.6586,2.541,5.2413,527.772583007812,Bangladesh demographic and health survey 2007. DHS. Dhaka  Bangladesh and Calverton  Maryland  USA  National Institute of Population Research and Training  Mitra and Associates  and Macro International  2009,severe wasting (< -3 SD)
BGD,NT_ANT_WHZ_NE3,_T,_T,Q1,R,_T,2007,2007,3.701,2.4955,5.4561,1133.42578125,Bangladesh demographic and health survey 2007. DHS. Dhaka  Bangladesh and Calverton  Maryland  USA  National Institute of Population Research and Training  Mitra and Associates  and Macro International  2009,severe wasting (< -3 SD)
BGD,NT_ANT_WHZ_NE3,_T,_T,Q1,U,_T,2007,2007,5.3964,2.332,11.9934,74.0876617431641,Bangladesh demographic and health survey 2007. DHS. Dhaka  Bangladesh and Calverton  Maryland  USA  National Institute of Population Research and Training  Mitra and Associates  and Macro International  2009,severe wasting (< -3 SD)
BGD,NT_ANT_WHZ_NE3,_T,_T,Q1,_T,_T,2007,2007,3.805,2.6395,5.4562,1207.51342773438,Bangladesh demographic and health survey 2007. DHS. Dhaka  Bangladesh and Calverton  Maryland  USA  National Institute of Population Research and Training  Mitra and Associates  and Macro International  2009,severe wasting (< -3 SD)
BGD,NT_ANT_WHZ_NE3,_T,_T,Q2,R,_T,2007,2007,2.7431,1.7355,4.31,1053.08312988281,Bangladesh demographic and health survey 2007. DHS. Dhaka  Bangladesh and Calverton  Maryland  USA  National Institute of Population Research and Training  Mitra and Associates  and Macro International  2009,severe wasting (< -3 SD)
BGD,NT_ANT_WHZ_NE3,_T,_T,Q2,U,_T,2007,2007,3.4479,1.436,8.0484,102.589500427246,Bangladesh demographic and health survey 2007. DHS. Dhaka  Bangladesh and Calverton  Maryland  USA  National Institute of Population Research and Training  Mitra and Associates  and Macro International  2009,severe wasting (< -3 SD)
BGD,NT_ANT_WHZ_NE3,_T,_T,Q2,_T,_T,2007,2007,2.8057,1.8492,4.2356,1155.67260742188,Bangladesh demographic and health survey 2007. DHS. Dhaka  Bangladesh and Calverton  Maryland  USA  National Institute of Population Research and Training  Mitra and Associates  and Macro International  2009,severe wasting (< -3 SD)
BGD,NT_ANT_WHZ_NE3,_T,_T,Q3,R,_T,2007,2007,2.4519,1.5712,3.8072,904.143798828125,Bangladesh demographic and health survey 2007. DHS. Dhaka  Bangladesh and Calverton  Maryland  USA  National Institute of Population Research and Training  Mitra and Associates  and Macro International  2009,severe wasting (< -3 SD)
BGD,NT_ANT_WHZ_NE3,_T,_T,Q3,U,_T,2007,2007,3.6895,1.647,8.0575,133.782287597656,Bangladesh demographic and health survey 2007. DHS. Dhaka  Bangladesh and Calverton  Maryland  USA  National Institute of Population Research and Training  Mitra and Associates  and Macro International  2009,severe wasting (< -3 SD)
BGD,NT_ANT_WHZ_NE3,_T,_T,Q3,_T,_T,2007,2007,2.6114,1.7698,3.8377,1037.92614746094,Bangladesh demographic and health survey 2007. DHS. Dhaka  Bangladesh and Calverton  Maryland  USA  National Institute of Population Research and Training  Mitra and Associates  and Macro International  2009,severe wasting (< -3 SD)
BGD,NT_ANT_WHZ_NE3,_T,_T,Q4,R,_T,2007,2007,2.8714,1.4871,5.4727,777.863708496094,Bangladesh demographic and health survey 2007. DHS. Dhaka  Bangladesh and Calverton  Maryland  USA  National Institute of Population Research and Training  Mitra and Associates  and Macro International  2009,severe wasting (< -3 SD)
BGD,NT_ANT_WHZ_NE3,_T,_T,Q4,U,_T,2007,2007,3.1466,1.6804,5.8164,217.313110351562,Bangladesh demographic and health survey 2007. DHS. Dhaka  Bangladesh and Calverton  Maryland  USA  National Institute of Population Research and Training  Mitra and Associates  and Macro International  2009,severe wasting (< -3 SD)
BGD,NT_ANT_WHZ_NE3,_T,_T,Q4,_T,_T,2007,2007,2.9315,1.7403,4.8975,995.176818847656,Bangladesh demographic and health survey 2007. DHS. Dhaka  Bangladesh and Calverton  Maryland  USA  National Institute of Population Research and Training  Mitra and Associates  and Macro International  2009,severe wasting (< -3 SD)
BGD,NT_ANT_WHZ_NE3,_T,_T,Q5,R,_T,2007,2007,2.2432,1.0369,4.7851,358.77197265625,Bangladesh demographic and health survey 2007. DHS. Dhaka  Bangladesh and Calverton  Maryland  USA  National Institute of Population Research and Training  Mitra and Associates  and Macro International  2009,severe wasting (< -3 SD)
BGD,NT_ANT_WHZ_NE3,_T,_T,Q5,U,_T,2007,2007,2.113,1.3868,3.207,588.838623046875,Bangladesh demographic and health survey 2007. DHS. Dhaka  Bangladesh and Calverton  Maryland  USA  National Institute of Population Research and Training  Mitra and Associates  and Macro International  2009,severe wasting (< -3 SD)
BGD,NT_ANT_WHZ_NE3,_T,_T,Q5,_T,_T,2007,2007,2.1623,1.4606,3.1901,947.610534667969,Bangladesh demographic and health survey 2007. DHS. Dhaka  Bangladesh and Calverton  Maryland  USA  National Institute of Population Research and Training  Mitra and Associates  and Macro International  2009,severe wasting (< -3 SD)
BGD,NT_ANT_WHZ_NE3,_T,_T,R20,R,_T,2007,2007,2.2432,1.0369,4.7851,358.77197265625,Bangladesh demographic and health survey 2007. DHS. Dhaka  Bangladesh and Calverton  Maryland  USA  National Institute of Population Research and Training  Mitra and Associates  and Macro International  2009,severe wasting (< -3 SD)
BGD,NT_ANT_WHZ_NE3,_T,_T,R20,U,_T,2007,2007,2.113,1.3868,3.207,588.838623046875,Bangladesh demographic and health survey 2007. DHS. Dhaka  Bangladesh and Calverton  Maryland  USA  National Institute of Population Research and Training  Mitra and Associates  and Macro International  2009,severe wasting (< -3 SD)
BGD,NT_ANT_WHZ_NE3,_T,_T,R40,R,_T,2007,2007,2.6731,1.5865,4.4701,1136.63562011719,Bangladesh demographic and health survey 2007. DHS. Dhaka  Bangladesh and Calverton  Maryland  USA  National Institute of Population Research and Training  Mitra and Associates  and Macro International  2009,severe wasting (< -3 SD)
BGD,NT_ANT_WHZ_NE3,_T,_T,R40,U,_T,2007,2007,2.3916,1.6695,3.4151,806.151733398438,Bangladesh demographic and health survey 2007. DHS. Dhaka  Bangladesh and Calverton  Maryland  USA  National Institute of Population Research and Training  Mitra and Associates  and Macro International  2009,severe wasting (< -3 SD)
BGD,NT_ANT_WHZ_NE3,_T,_T,R60,R,_T,2007,2007,2.5751,1.8161,3.6395,2040.77954101562,Bangladesh demographic and health survey 2007. DHS. Dhaka  Bangladesh and Calverton  Maryland  USA  National Institute of Population Research and Training  Mitra and Associates  and Macro International  2009,severe wasting (< -3 SD)
BGD,NT_ANT_WHZ_NE3,_T,_T,R60,U,_T,2007,2007,2.5763,1.8886,3.5055,939.934020996094,Bangladesh demographic and health survey 2007. DHS. Dhaka  Bangladesh and Calverton  Maryland  USA  National Institute of Population Research and Training  Mitra and Associates  and Macro International  2009,severe wasting (< -3 SD)
BGD,NT_ANT_WHZ_NE3,_T,_T,R80,R,_T,2007,2007,2.6323,1.9724,3.505,3093.86254882812,Bangladesh demographic and health survey 2007. DHS. Dhaka  Bangladesh and Calverton  Maryland  USA  National Institute of Population Research and Training  Mitra and Associates  and Macro International  2009,severe wasting (< -3 SD)
BGD,NT_ANT_WHZ_NE3,_T,_T,R80,U,_T,2007,2007,2.6621,1.9958,3.5427,1042.52355957031,Bangladesh demographic and health survey 2007. DHS. Dhaka  Bangladesh and Calverton  Maryland  USA  National Institute of Population Research and Training  Mitra and Associates  and Macro International  2009,severe wasting (< -3 SD)
BGD,NT_ANT_WHZ_NE3,_T,_T,_T,R,_T,2007,2007,2.9188,2.2554,3.77,4227.28857421875,Bangladesh demographic and health survey 2007. DHS. Dhaka  Bangladesh and Calverton  Maryland  USA  National Institute of Population Research and Training  Mitra and Associates  and Macro International  2009,severe wasting (< -3 SD)
BGD,NT_ANT_WHZ_NE3,_T,_T,_T,U,_T,2007,2007,2.8435,2.1352,3.7778,1116.61120605469,Bangladesh demographic and health survey 2007. DHS. Dhaka  Bangladesh and Calverton  Maryland  USA  National Institute of Population Research and Training  Mitra and Associates  and Macro International  2009,severe wasting (< -3 SD)
BGD,NT_ANT_WHZ_NE3,_T,_T,_T,_T,_T,2007,2007,2.9031,2.3483,3.5842,5343.8994140625,Bangladesh demographic and health survey 2007. DHS. Dhaka  Bangladesh and Calverton  Maryland  USA  National Institute of Population Research and Training  Mitra and Associates  and Macro International  2009,severe wasting (< -3 SD)
BGD,NT_ANT_WHZ_NE3,_T,_T,_T,_T,AGG_0_1,2007,2007,3.315,2.5783,4.253,3048.435546875,Bangladesh demographic and health survey 2007. DHS. Dhaka  Bangladesh and Calverton  Maryland  USA  National Institute of Population Research and Training  Mitra and Associates  and Macro International  2009,severe wasting (< -3 SD)
BGD,NT_ANT_WHZ_NE3,_T,_T,_T,_T,AGG_2_3,2007,2007,2.5766,1.7495,3.7798,1835.80895996094,Bangladesh demographic and health survey 2007. DHS. Dhaka  Bangladesh and Calverton  Maryland  USA  National Institute of Population Research and Training  Mitra and Associates  and Macro International  2009,severe wasting (< -3 SD)
BGD,NT_ANT_WHZ_NE3,_T,_T,_T,_T,AGG_3S_H,2007,2007,2.4268,1.6909,3.4718,2170.68334960938,Bangladesh demographic and health survey 2007. DHS. Dhaka  Bangladesh and Calverton  Maryland  USA  National Institute of Population Research and Training  Mitra and Associates  and Macro International  2009,severe wasting (< -3 SD)
BGD,NT_ANT_WHZ_NE3,_T,_T,_T,_T,AGG_5T8,2007,2007,1.6058,0.592,4.2811,334.874389648438,Bangladesh demographic and health survey 2007. DHS. Dhaka  Bangladesh and Calverton  Maryland  USA  National Institute of Population Research and Training  Mitra and Associates  and Macro International  2009,severe wasting (< -3 SD)
BGD,NT_ANT_WHZ_NE3,_T,_T,_T,_T,ISCED11A_01,2007,2007,2.9077,2.0376,4.1336,1399.53479003906,Bangladesh demographic and health survey 2007. DHS. Dhaka  Bangladesh and Calverton  Maryland  USA  National Institute of Population Research and Training  Mitra and Associates  and Macro International  2009,severe wasting (< -3 SD)
BGD,NT_ANT_WHZ_NE3,_T,_T,_T,_T,ISCED11_1,2007,2007,3.6608,2.6332,5.0683,1648.90075683594,Bangladesh demographic and health survey 2007. DHS. Dhaka  Bangladesh and Calverton  Maryland  USA  National Institute of Population Research and Training  Mitra and Associates  and Macro International  2009,severe wasting (< -3 SD)
BGD,NT_ANT_WHZ_NE3,F,_T,_T,_T,_T,2011-07,2011,2,,,,Bangladesh State of Food Security and Nutrition 2011,severe wasting (< -3 SD)
BGD,NT_ANT_WHZ_NE3,M,_T,_T,_T,_T,2011-07,2011,2,,,,Bangladesh State of Food Security and Nutrition 2011,severe wasting (< -3 SD)
BGD,NT_ANT_WHZ_NE3,_T,_T,_T,_T,_T,2011-07,2011,2,,,,Bangladesh State of Food Security and Nutrition 2011,severe wasting (< -3 SD)
BGD,NT_ANT_WHZ_NE3,F,M0T11,_T,_T,_T,2011-09,2011,4.4529,2.9327,6.7065,757.306579589844,Bangladesh demographic and health survey 2011. Demographic and Health Surveys. Dhaka  Bangladesh and Calverton  Maryland  USA  NIPORT  Mitra and Associates  and ICF International  2013,severe wasting (< -3 SD)
BGD,NT_ANT_WHZ_NE3,F,M0T23,_T,_T,_T,2011-09,2011,3.8363,2.8281,5.1848,1503.56762695312,Bangladesh demographic and health survey 2011. Demographic and Health Surveys. Dhaka  Bangladesh and Calverton  Maryland  USA  NIPORT  Mitra and Associates  and ICF International  2013,severe wasting (< -3 SD)
BGD,NT_ANT_WHZ_NE3,F,M0T5,_T,_T,_T,2011-09,2011,3.82,1.9851,7.2259,352.695953369141,Bangladesh demographic and health survey 2011. Demographic and Health Surveys. Dhaka  Bangladesh and Calverton  Maryland  USA  NIPORT  Mitra and Associates  and ICF International  2013,severe wasting (< -3 SD)
BGD,NT_ANT_WHZ_NE3,F,M12T17,_T,_T,_T,2011-09,2011,2.5825,1.3373,4.9292,397.14892578125,Bangladesh demographic and health survey 2011. Demographic and Health Surveys. Dhaka  Bangladesh and Calverton  Maryland  USA  NIPORT  Mitra and Associates  and ICF International  2013,severe wasting (< -3 SD)
BGD,NT_ANT_WHZ_NE3,F,M12T23,_T,_T,_T,2011-09,2011,3.2107,2.0356,5.0291,746.261047363281,Bangladesh demographic and health survey 2011. Demographic and Health Surveys. Dhaka  Bangladesh and Calverton  Maryland  USA  NIPORT  Mitra and Associates  and ICF International  2013,severe wasting (< -3 SD)
BGD,NT_ANT_WHZ_NE3,F,M18T23,_T,_T,_T,2011-09,2011,3.9253,2.1043,7.2061,349.112121582031,Bangladesh demographic and health survey 2011. Demographic and Health Surveys. Dhaka  Bangladesh and Calverton  Maryland  USA  NIPORT  Mitra and Associates  and ICF International  2013,severe wasting (< -3 SD)
BGD,NT_ANT_WHZ_NE3,F,M24T29,_T,_T,_T,2011-09,2011,5.4281,3.3718,8.6264,366.996734619141,Bangladesh demographic and health survey 2011. Demographic and Health Surveys. Dhaka  Bangladesh and Calverton  Maryland  USA  NIPORT  Mitra and Associates  and ICF International  2013,severe wasting (< -3 SD)
BGD,NT_ANT_WHZ_NE3,F,M24T35,_T,_T,_T,2011-09,2011,4.6432,3.2923,6.511,754.656433105469,Bangladesh demographic and health survey 2011. Demographic and Health Surveys. Dhaka  Bangladesh and Calverton  Maryland  USA  NIPORT  Mitra and Associates  and ICF International  2013,severe wasting (< -3 SD)
BGD,NT_ANT_WHZ_NE3,F,M24T59,_T,_T,_T,2011-09,2011,4.0651,3.217,5.125,2419.11157226562,Bangladesh demographic and health survey 2011. Demographic and Health Surveys. Dhaka  Bangladesh and Calverton  Maryland  USA  NIPORT  Mitra and Associates  and ICF International  2013,severe wasting (< -3 SD)
BGD,NT_ANT_WHZ_NE3,F,M30T35,_T,_T,_T,2011-09,2011,3.9001,2.346,6.4159,387.65966796875,Bangladesh demographic and health survey 2011. Demographic and Health Surveys. Dhaka  Bangladesh and Calverton  Maryland  USA  NIPORT  Mitra and Associates  and ICF International  2013,severe wasting (< -3 SD)
BGD,NT_ANT_WHZ_NE3,F,M36T41,_T,_T,_T,2011-09,2011,3.6097,1.9406,6.6178,400.991851806641,Bangladesh demographic and health survey 2011. Demographic and Health Surveys. Dhaka  Bangladesh and Calverton  Maryland  USA  NIPORT  Mitra and Associates  and ICF International  2013,severe wasting (< -3 SD)
BGD,NT_ANT_WHZ_NE3,F,M36T47,_T,_T,_T,2011-09,2011,4.3703,3.0571,6.2115,864.039245605469,Bangladesh demographic and health survey 2011. Demographic and Health Surveys. Dhaka  Bangladesh and Calverton  Maryland  USA  NIPORT  Mitra and Associates  and ICF International  2013,severe wasting (< -3 SD)
BGD,NT_ANT_WHZ_NE3,F,M42T47,_T,_T,_T,2011-09,2011,5.0289,3.1961,7.828,463.04736328125,Bangladesh demographic and health survey 2011. Demographic and Health Surveys. Dhaka  Bangladesh and Calverton  Maryland  USA  NIPORT  Mitra and Associates  and ICF International  2013,severe wasting (< -3 SD)
BGD,NT_ANT_WHZ_NE3,F,M48T53,_T,_T,_T,2011-09,2011,1.9834,0.8893,4.3642,384.24365234375,Bangladesh demographic and health survey 2011. Demographic and Health Surveys. Dhaka  Bangladesh and Calverton  Maryland  USA  NIPORT  Mitra and Associates  and ICF International  2013,severe wasting (< -3 SD)
BGD,NT_ANT_WHZ_NE3,F,M48T59,_T,_T,_T,2011-09,2011,3.1907,2.0362,4.9665,800.415954589844,Bangladesh demographic and health survey 2011. Demographic and Health Surveys. Dhaka  Bangladesh and Calverton  Maryland  USA  NIPORT  Mitra and Associates  and ICF International  2013,severe wasting (< -3 SD)
BGD,NT_ANT_WHZ_NE3,F,M54T59,_T,_T,_T,2011-09,2011,4.3054,2.6368,6.9546,416.172302246094,Bangladesh demographic and health survey 2011. Demographic and Health Surveys. Dhaka  Bangladesh and Calverton  Maryland  USA  NIPORT  Mitra and Associates  and ICF International  2013,severe wasting (< -3 SD)
BGD,NT_ANT_WHZ_NE3,F,M6T11,_T,_T,_T,2011-09,2011,5.0045,3.1535,7.854,404.610656738281,Bangladesh demographic and health survey 2011. Demographic and Health Surveys. Dhaka  Bangladesh and Calverton  Maryland  USA  NIPORT  Mitra and Associates  and ICF International  2013,severe wasting (< -3 SD)
BGD,NT_ANT_WHZ_NE3,F,_T,_T,_T,_T,2011-09,2011,3.9755,3.2588,4.8419,3924.57934570312,Bangladesh demographic and health survey 2011. Demographic and Health Surveys. Dhaka  Bangladesh and Calverton  Maryland  USA  NIPORT  Mitra and Associates  and ICF International  2013,severe wasting (< -3 SD)
BGD,NT_ANT_WHZ_NE3,M,M0T11,_T,_T,_T,2011-09,2011,6.228,4.4761,8.6037,828.822570800781,Bangladesh demographic and health survey 2011. Demographic and Health Surveys. Dhaka  Bangladesh and Calverton  Maryland  USA  NIPORT  Mitra and Associates  and ICF International  2013,severe wasting (< -3 SD)
BGD,NT_ANT_WHZ_NE3,M,M0T23,_T,_T,_T,2011-09,2011,5.9054,4.599,7.5535,1539.88513183594,Bangladesh demographic and health survey 2011. Demographic and Health Surveys. Dhaka  Bangladesh and Calverton  Maryland  USA  NIPORT  Mitra and Associates  and ICF International  2013,severe wasting (< -3 SD)
BGD,NT_ANT_WHZ_NE3,M,M0T5,_T,_T,_T,2011-09,2011,9.0701,6.0465,13.3901,385.638610839844,Bangladesh demographic and health survey 2011. Demographic and Health Surveys. Dhaka  Bangladesh and Calverton  Maryland  USA  NIPORT  Mitra and Associates  and ICF International  2013,severe wasting (< -3 SD)
BGD,NT_ANT_WHZ_NE3,M,M12T17,_T,_T,_T,2011-09,2011,5.5473,3.4327,8.8451,374.803588867188,Bangladesh demographic and health survey 2011. Demographic and Health Surveys. Dhaka  Bangladesh and Calverton  Maryland  USA  NIPORT  Mitra and Associates  and ICF International  2013,severe wasting (< -3 SD)
BGD,NT_ANT_WHZ_NE3,M,M12T23,_T,_T,_T,2011-09,2011,5.5294,3.8419,7.8971,711.062561035156,Bangladesh demographic and health survey 2011. Demographic and Health Surveys. Dhaka  Bangladesh and Calverton  Maryland  USA  NIPORT  Mitra and Associates  and ICF International  2013,severe wasting (< -3 SD)
BGD,NT_ANT_WHZ_NE3,M,M18T23,_T,_T,_T,2011-09,2011,5.5094,3.1266,9.5295,336.259002685547,Bangladesh demographic and health survey 2011. Demographic and Health Surveys. Dhaka  Bangladesh and Calverton  Maryland  USA  NIPORT  Mitra and Associates  and ICF International  2013,severe wasting (< -3 SD)
BGD,NT_ANT_WHZ_NE3,M,M24T29,_T,_T,_T,2011-09,2011,3.323,1.7241,6.3095,333.791961669922,Bangladesh demographic and health survey 2011. Demographic and Health Surveys. Dhaka  Bangladesh and Calverton  Maryland  USA  NIPORT  Mitra and Associates  and ICF International  2013,severe wasting (< -3 SD)
BGD,NT_ANT_WHZ_NE3,M,M24T35,_T,_T,_T,2011-09,2011,2.7766,1.7727,4.3242,740.997924804688,Bangladesh demographic and health survey 2011. Demographic and Health Surveys. Dhaka  Bangladesh and Calverton  Maryland  USA  NIPORT  Mitra and Associates  and ICF International  2013,severe wasting (< -3 SD)
BGD,NT_ANT_WHZ_NE3,M,M24T59,_T,_T,_T,2011-09,2011,3.302,2.5385,4.2852,2477.33935546875,Bangladesh demographic and health survey 2011. Demographic and Health Surveys. Dhaka  Bangladesh and Calverton  Maryland  USA  NIPORT  Mitra and Associates  and ICF International  2013,severe wasting (< -3 SD)
BGD,NT_ANT_WHZ_NE3,M,M30T35,_T,_T,_T,2011-09,2011,2.3288,1.227,4.3761,407.205993652344,Bangladesh demographic and health survey 2011. Demographic and Health Surveys. Dhaka  Bangladesh and Calverton  Maryland  USA  NIPORT  Mitra and Associates  and ICF International  2013,severe wasting (< -3 SD)
BGD,NT_ANT_WHZ_NE3,M,M36T41,_T,_T,_T,2011-09,2011,4.5201,2.7205,7.4192,427.224273681641,Bangladesh demographic and health survey 2011. Demographic and Health Surveys. Dhaka  Bangladesh and Calverton  Maryland  USA  NIPORT  Mitra and Associates  and ICF International  2013,severe wasting (< -3 SD)
BGD,NT_ANT_WHZ_NE3,M,M36T47,_T,_T,_T,2011-09,2011,4.0474,2.8262,5.765,918.954895019531,Bangladesh demographic and health survey 2011. Demographic and Health Surveys. Dhaka  Bangladesh and Calverton  Maryland  USA  NIPORT  Mitra and Associates  and ICF International  2013,severe wasting (< -3 SD)
BGD,NT_ANT_WHZ_NE3,M,M42T47,_T,_T,_T,2011-09,2011,3.6367,2.1207,6.1682,491.730621337891,Bangladesh demographic and health survey 2011. Demographic and Health Surveys. Dhaka  Bangladesh and Calverton  Maryland  USA  NIPORT  Mitra and Associates  and ICF International  2013,severe wasting (< -3 SD)
BGD,NT_ANT_WHZ_NE3,M,M48T53,_T,_T,_T,2011-09,2011,2.6559,1.341,5.1922,410.523773193359,Bangladesh demographic and health survey 2011. Demographic and Health Surveys. Dhaka  Bangladesh and Calverton  Maryland  USA  NIPORT  Mitra and Associates  and ICF International  2013,severe wasting (< -3 SD)
BGD,NT_ANT_WHZ_NE3,M,M48T59,_T,_T,_T,2011-09,2011,2.9403,1.8746,4.5837,817.386535644531,Bangladesh demographic and health survey 2011. Demographic and Health Surveys. Dhaka  Bangladesh and Calverton  Maryland  USA  NIPORT  Mitra and Associates  and ICF International  2013,severe wasting (< -3 SD)
BGD,NT_ANT_WHZ_NE3,M,M54T59,_T,_T,_T,2011-09,2011,3.2273,1.7693,5.8155,406.86279296875,Bangladesh demographic and health survey 2011. Demographic and Health Surveys. Dhaka  Bangladesh and Calverton  Maryland  USA  NIPORT  Mitra and Associates  and ICF International  2013,severe wasting (< -3 SD)
BGD,NT_ANT_WHZ_NE3,M,M6T11,_T,_T,_T,2011-09,2011,3.7549,2.1791,6.3958,443.183959960938,Bangladesh demographic and health survey 2011. Demographic and Health Surveys. Dhaka  Bangladesh and Calverton  Maryland  USA  NIPORT  Mitra and Associates  and ICF International  2013,severe wasting (< -3 SD)
BGD,NT_ANT_WHZ_NE3,M,_T,_T,_T,_T,2011-09,2011,4.2981,3.52,5.2387,4018.99243164062,Bangladesh demographic and health survey 2011. Demographic and Health Surveys. Dhaka  Bangladesh and Calverton  Maryland  USA  NIPORT  Mitra and Associates  and ICF International  2013,severe wasting (< -3 SD)
BGD,NT_ANT_WHZ_NE3,_T,M0T11,_T,_T,_T,2011-09,2011,5.3804,4.1093,7.016,1586.12915039062,Bangladesh demographic and health survey 2011. Demographic and Health Surveys. Dhaka  Bangladesh and Calverton  Maryland  USA  NIPORT  Mitra and Associates  and ICF International  2013,severe wasting (< -3 SD)
BGD,NT_ANT_WHZ_NE3,_T,M0T23,_T,_T,_T,2011-09,2011,4.8832,3.9702,5.993,3043.45288085938,Bangladesh demographic and health survey 2011. Demographic and Health Surveys. Dhaka  Bangladesh and Calverton  Maryland  USA  NIPORT  Mitra and Associates  and ICF International  2013,severe wasting (< -3 SD)
BGD,NT_ANT_WHZ_NE3,_T,M0T5,_T,_T,_T,2011-09,2011,6.5621,4.6063,9.2678,738.334533691406,Bangladesh demographic and health survey 2011. Demographic and Health Surveys. Dhaka  Bangladesh and Calverton  Maryland  USA  NIPORT  Mitra and Associates  and ICF International  2013,severe wasting (< -3 SD)
BGD,NT_ANT_WHZ_NE3,_T,M12T17,_T,_T,_T,2011-09,2011,4.022,2.7203,5.9087,771.952514648438,Bangladesh demographic and health survey 2011. Demographic and Health Surveys. Dhaka  Bangladesh and Calverton  Maryland  USA  NIPORT  Mitra and Associates  and ICF International  2013,severe wasting (< -3 SD)
BGD,NT_ANT_WHZ_NE3,_T,M12T23,_T,_T,_T,2011-09,2011,4.342,3.1789,5.9047,1457.32360839844,Bangladesh demographic and health survey 2011. Demographic and Health Surveys. Dhaka  Bangladesh and Calverton  Maryland  USA  NIPORT  Mitra and Associates  and ICF International  2013,severe wasting (< -3 SD)
BGD,NT_ANT_WHZ_NE3,_T,M18T23,_T,_T,_T,2011-09,2011,4.7025,2.9799,7.3455,685.37109375,Bangladesh demographic and health survey 2011. Demographic and Health Surveys. Dhaka  Bangladesh and Calverton  Maryland  USA  NIPORT  Mitra and Associates  and ICF International  2013,severe wasting (< -3 SD)
BGD,NT_ANT_WHZ_NE3,_T,M24T29,_T,_T,_T,2011-09,2011,4.4255,2.9746,6.5363,700.788696289062,Bangladesh demographic and health survey 2011. Demographic and Health Surveys. Dhaka  Bangladesh and Calverton  Maryland  USA  NIPORT  Mitra and Associates  and ICF International  2013,severe wasting (< -3 SD)
BGD,NT_ANT_WHZ_NE3,_T,M24T35,_T,_T,_T,2011-09,2011,3.7184,2.7941,4.933,1495.654296875,Bangladesh demographic and health survey 2011. Demographic and Health Surveys. Dhaka  Bangladesh and Calverton  Maryland  USA  NIPORT  Mitra and Associates  and ICF International  2013,severe wasting (< -3 SD)
BGD,NT_ANT_WHZ_NE3,_T,M24T59,_T,_T,_T,2011-09,2011,3.679,3.0284,4.4631,4896.451171875,Bangladesh demographic and health survey 2011. Demographic and Health Surveys. Dhaka  Bangladesh and Calverton  Maryland  USA  NIPORT  Mitra and Associates  and ICF International  2013,severe wasting (< -3 SD)
BGD,NT_ANT_WHZ_NE3,_T,M30T35,_T,_T,_T,2011-09,2011,3.0951,2.0815,4.5791,794.865661621094,Bangladesh demographic and health survey 2011. Demographic and Health Surveys. Dhaka  Bangladesh and Calverton  Maryland  USA  NIPORT  Mitra and Associates  and ICF International  2013,severe wasting (< -3 SD)
BGD,NT_ANT_WHZ_NE3,_T,M36T41,_T,_T,_T,2011-09,2011,4.0793,2.7248,6.0651,828.216125488281,Bangladesh demographic and health survey 2011. Demographic and Health Surveys. Dhaka  Bangladesh and Calverton  Maryland  USA  NIPORT  Mitra and Associates  and ICF International  2013,severe wasting (< -3 SD)
BGD,NT_ANT_WHZ_NE3,_T,M36T47,_T,_T,_T,2011-09,2011,4.2039,3.2652,5.3973,1782.994140625,Bangladesh demographic and health survey 2011. Demographic and Health Surveys. Dhaka  Bangladesh and Calverton  Maryland  USA  NIPORT  Mitra and Associates  and ICF International  2013,severe wasting (< -3 SD)
BGD,NT_ANT_WHZ_NE3,_T,M42T47,_T,_T,_T,2011-09,2011,4.3119,3.0649,6.0346,954.778015136719,Bangladesh demographic and health survey 2011. Demographic and Health Surveys. Dhaka  Bangladesh and Calverton  Maryland  USA  NIPORT  Mitra and Associates  and ICF International  2013,severe wasting (< -3 SD)
BGD,NT_ANT_WHZ_NE3,_T,M48T53,_T,_T,_T,2011-09,2011,2.3308,1.3718,3.9335,794.767456054688,Bangladesh demographic and health survey 2011. Demographic and Health Surveys. Dhaka  Bangladesh and Calverton  Maryland  USA  NIPORT  Mitra and Associates  and ICF International  2013,severe wasting (< -3 SD)
BGD,NT_ANT_WHZ_NE3,_T,M48T59,_T,_T,_T,2011-09,2011,3.0642,2.1438,4.3622,1617.80249023438,Bangladesh demographic and health survey 2011. Demographic and Health Surveys. Dhaka  Bangladesh and Calverton  Maryland  USA  NIPORT  Mitra and Associates  and ICF International  2013,severe wasting (< -3 SD)
BGD,NT_ANT_WHZ_NE3,_T,M54T59,_T,_T,_T,2011-09,2011,3.7724,2.523,5.605,823.035095214844,Bangladesh demographic and health survey 2011. Demographic and Health Surveys. Dhaka  Bangladesh and Calverton  Maryland  USA  NIPORT  Mitra and Associates  and ICF International  2013,severe wasting (< -3 SD)
BGD,NT_ANT_WHZ_NE3,_T,M6T11,_T,_T,_T,2011-09,2011,4.3513,3.0676,6.1382,847.794616699219,Bangladesh demographic and health survey 2011. Demographic and Health Surveys. Dhaka  Bangladesh and Calverton  Maryland  USA  NIPORT  Mitra and Associates  and ICF International  2013,severe wasting (< -3 SD)
BGD,NT_ANT_WHZ_NE3,_T,_T,B20,R,_T,2011-09,2011,4.8506,3.5622,6.5733,1793.01184082031,Bangladesh demographic and health survey 2011. Demographic and Health Surveys. Dhaka  Bangladesh and Calverton  Maryland  USA  NIPORT  Mitra and Associates  and ICF International  2013,severe wasting (< -3 SD)
BGD,NT_ANT_WHZ_NE3,_T,_T,B20,U,_T,2011-09,2011,2.005,0.8616,4.5954,113.633140563965,Bangladesh demographic and health survey 2011. Demographic and Health Surveys. Dhaka  Bangladesh and Calverton  Maryland  USA  NIPORT  Mitra and Associates  and ICF International  2013,severe wasting (< -3 SD)
BGD,NT_ANT_WHZ_NE3,_T,_T,B40,R,_T,2011-09,2011,4.7123,3.705,5.9766,3303.8828125,Bangladesh demographic and health survey 2011. Demographic and Health Surveys. Dhaka  Bangladesh and Calverton  Maryland  USA  NIPORT  Mitra and Associates  and ICF International  2013,severe wasting (< -3 SD)
BGD,NT_ANT_WHZ_NE3,_T,_T,B40,U,_T,2011-09,2011,1.8362,0.9779,3.4219,239.617477416992,Bangladesh demographic and health survey 2011. Demographic and Health Surveys. Dhaka  Bangladesh and Calverton  Maryland  USA  NIPORT  Mitra and Associates  and ICF International  2013,severe wasting (< -3 SD)
BGD,NT_ANT_WHZ_NE3,_T,_T,B60,R,_T,2011-09,2011,4.5613,3.6625,5.6677,4650.6982421875,Bangladesh demographic and health survey 2011. Demographic and Health Surveys. Dhaka  Bangladesh and Calverton  Maryland  USA  NIPORT  Mitra and Associates  and ICF International  2013,severe wasting (< -3 SD)
BGD,NT_ANT_WHZ_NE3,_T,_T,B60,U,_T,2011-09,2011,2.2243,1.3778,3.5721,437.897979736328,Bangladesh demographic and health survey 2011. Demographic and Health Surveys. Dhaka  Bangladesh and Calverton  Maryland  USA  NIPORT  Mitra and Associates  and ICF International  2013,severe wasting (< -3 SD)
BGD,NT_ANT_WHZ_NE3,_T,_T,B80,R,_T,2011-09,2011,4.3675,3.5897,5.3045,5704.16259765625,Bangladesh demographic and health survey 2011. Demographic and Health Surveys. Dhaka  Bangladesh and Calverton  Maryland  USA  NIPORT  Mitra and Associates  and ICF International  2013,severe wasting (< -3 SD)
BGD,NT_ANT_WHZ_NE3,_T,_T,B80,U,_T,2011-09,2011,2.7548,1.8211,4.1469,873.000427246094,Bangladesh demographic and health survey 2011. Demographic and Health Surveys. Dhaka  Bangladesh and Calverton  Maryland  USA  NIPORT  Mitra and Associates  and ICF International  2013,severe wasting (< -3 SD)
BGD,NT_ANT_WHZ_NE3,_T,_T,Q1,R,_T,2011-09,2011,4.8506,3.5622,6.5733,1793.01184082031,Bangladesh demographic and health survey 2011. Demographic and Health Surveys. Dhaka  Bangladesh and Calverton  Maryland  USA  NIPORT  Mitra and Associates  and ICF International  2013,severe wasting (< -3 SD)
BGD,NT_ANT_WHZ_NE3,_T,_T,Q1,U,_T,2011-09,2011,2.005,0.8616,4.5954,113.633140563965,Bangladesh demographic and health survey 2011. Demographic and Health Surveys. Dhaka  Bangladesh and Calverton  Maryland  USA  NIPORT  Mitra and Associates  and ICF International  2013,severe wasting (< -3 SD)
BGD,NT_ANT_WHZ_NE3,_T,_T,Q1,_T,_T,2011-09,2011,4.6811,3.4646,6.2968,1906.64501953125,Bangladesh demographic and health survey 2011. Demographic and Health Surveys. Dhaka  Bangladesh and Calverton  Maryland  USA  NIPORT  Mitra and Associates  and ICF International  2013,severe wasting (< -3 SD)
BGD,NT_ANT_WHZ_NE3,_T,_T,Q2,R,_T,2011-09,2011,4.5482,3.3442,6.158,1510.87109375,Bangladesh demographic and health survey 2011. Demographic and Health Surveys. Dhaka  Bangladesh and Calverton  Maryland  USA  NIPORT  Mitra and Associates  and ICF International  2013,severe wasting (< -3 SD)
BGD,NT_ANT_WHZ_NE3,_T,_T,Q2,U,_T,2011-09,2011,1.684,0.6066,4.5869,125.984336853027,Bangladesh demographic and health survey 2011. Demographic and Health Surveys. Dhaka  Bangladesh and Calverton  Maryland  USA  NIPORT  Mitra and Associates  and ICF International  2013,severe wasting (< -3 SD)
BGD,NT_ANT_WHZ_NE3,_T,_T,Q2,_T,_T,2011-09,2011,4.3278,3.206,5.8184,1636.85534667969,Bangladesh demographic and health survey 2011. Demographic and Health Surveys. Dhaka  Bangladesh and Calverton  Maryland  USA  NIPORT  Mitra and Associates  and ICF International  2013,severe wasting (< -3 SD)
BGD,NT_ANT_WHZ_NE3,_T,_T,Q3,R,_T,2011-09,2011,4.1908,3.0118,5.8037,1346.8154296875,Bangladesh demographic and health survey 2011. Demographic and Health Surveys. Dhaka  Bangladesh and Calverton  Maryland  USA  NIPORT  Mitra and Associates  and ICF International  2013,severe wasting (< -3 SD)
BGD,NT_ANT_WHZ_NE3,_T,_T,Q3,U,_T,2011-09,2011,2.6934,1.3741,5.2123,198.280502319336,Bangladesh demographic and health survey 2011. Demographic and Health Surveys. Dhaka  Bangladesh and Calverton  Maryland  USA  NIPORT  Mitra and Associates  and ICF International  2013,severe wasting (< -3 SD)
BGD,NT_ANT_WHZ_NE3,_T,_T,Q3,_T,_T,2011-09,2011,3.9986,2.9422,5.4133,1545.09594726562,Bangladesh demographic and health survey 2011. Demographic and Health Surveys. Dhaka  Bangladesh and Calverton  Maryland  USA  NIPORT  Mitra and Associates  and ICF International  2013,severe wasting (< -3 SD)
BGD,NT_ANT_WHZ_NE3,_T,_T,Q4,R,_T,2011-09,2011,3.5118,2.4302,5.0497,1053.46447753906,Bangladesh demographic and health survey 2011. Demographic and Health Surveys. Dhaka  Bangladesh and Calverton  Maryland  USA  NIPORT  Mitra and Associates  and ICF International  2013,severe wasting (< -3 SD)
BGD,NT_ANT_WHZ_NE3,_T,_T,Q4,U,_T,2011-09,2011,3.2886,1.8659,5.7326,435.102447509766,Bangladesh demographic and health survey 2011. Demographic and Health Surveys. Dhaka  Bangladesh and Calverton  Maryland  USA  NIPORT  Mitra and Associates  and ICF International  2013,severe wasting (< -3 SD)
BGD,NT_ANT_WHZ_NE3,_T,_T,Q4,_T,_T,2011-09,2011,3.4465,2.5331,4.6735,1488.56689453125,Bangladesh demographic and health survey 2011. Demographic and Health Surveys. Dhaka  Bangladesh and Calverton  Maryland  USA  NIPORT  Mitra and Associates  and ICF International  2013,severe wasting (< -3 SD)
BGD,NT_ANT_WHZ_NE3,_T,_T,Q5,R,_T,2011-09,2011,2.9758,1.7492,5.0187,514.975769042969,Bangladesh demographic and health survey 2011. Demographic and Health Surveys. Dhaka  Bangladesh and Calverton  Maryland  USA  NIPORT  Mitra and Associates  and ICF International  2013,severe wasting (< -3 SD)
BGD,NT_ANT_WHZ_NE3,_T,_T,Q5,U,_T,2011-09,2011,4.7283,3.2958,6.7401,851.432922363281,Bangladesh demographic and health survey 2011. Demographic and Health Surveys. Dhaka  Bangladesh and Calverton  Maryland  USA  NIPORT  Mitra and Associates  and ICF International  2013,severe wasting (< -3 SD)
BGD,NT_ANT_WHZ_NE3,_T,_T,Q5,_T,_T,2011-09,2011,4.0678,3.0196,5.4595,1366.40869140625,Bangladesh demographic and health survey 2011. Demographic and Health Surveys. Dhaka  Bangladesh and Calverton  Maryland  USA  NIPORT  Mitra and Associates  and ICF International  2013,severe wasting (< -3 SD)
BGD,NT_ANT_WHZ_NE3,_T,_T,R20,R,_T,2011-09,2011,2.9758,1.7492,5.0187,514.975769042969,Bangladesh demographic and health survey 2011. Demographic and Health Surveys. Dhaka  Bangladesh and Calverton  Maryland  USA  NIPORT  Mitra and Associates  and ICF International  2013,severe wasting (< -3 SD)
BGD,NT_ANT_WHZ_NE3,_T,_T,R20,U,_T,2011-09,2011,4.7283,3.2958,6.7401,851.432922363281,Bangladesh demographic and health survey 2011. Demographic and Health Surveys. Dhaka  Bangladesh and Calverton  Maryland  USA  NIPORT  Mitra and Associates  and ICF International  2013,severe wasting (< -3 SD)
BGD,NT_ANT_WHZ_NE3,_T,_T,R40,R,_T,2011-09,2011,3.3358,2.48,4.4733,1568.44018554688,Bangladesh demographic and health survey 2011. Demographic and Health Surveys. Dhaka  Bangladesh and Calverton  Maryland  USA  NIPORT  Mitra and Associates  and ICF International  2013,severe wasting (< -3 SD)
BGD,NT_ANT_WHZ_NE3,_T,_T,R40,U,_T,2011-09,2011,4.2414,3.0378,5.893,1286.53527832031,Bangladesh demographic and health survey 2011. Demographic and Health Surveys. Dhaka  Bangladesh and Calverton  Maryland  USA  NIPORT  Mitra and Associates  and ICF International  2013,severe wasting (< -3 SD)
BGD,NT_ANT_WHZ_NE3,_T,_T,R60,R,_T,2011-09,2011,3.7308,2.9648,4.6852,2915.25561523438,Bangladesh demographic and health survey 2011. Demographic and Health Surveys. Dhaka  Bangladesh and Calverton  Maryland  USA  NIPORT  Mitra and Associates  and ICF International  2013,severe wasting (< -3 SD)
BGD,NT_ANT_WHZ_NE3,_T,_T,R60,U,_T,2011-09,2011,4.0347,2.9371,5.5192,1484.81579589844,Bangladesh demographic and health survey 2011. Demographic and Health Surveys. Dhaka  Bangladesh and Calverton  Maryland  USA  NIPORT  Mitra and Associates  and ICF International  2013,severe wasting (< -3 SD)
BGD,NT_ANT_WHZ_NE3,_T,_T,R80,R,_T,2011-09,2011,4.0098,3.3035,4.8596,4426.12646484375,Bangladesh demographic and health survey 2011. Demographic and Health Surveys. Dhaka  Bangladesh and Calverton  Maryland  USA  NIPORT  Mitra and Associates  and ICF International  2013,severe wasting (< -3 SD)
BGD,NT_ANT_WHZ_NE3,_T,_T,R80,U,_T,2011-09,2011,3.8508,2.8219,5.2348,1610.80017089844,Bangladesh demographic and health survey 2011. Demographic and Health Surveys. Dhaka  Bangladesh and Calverton  Maryland  USA  NIPORT  Mitra and Associates  and ICF International  2013,severe wasting (< -3 SD)
BGD,NT_ANT_WHZ_NE3,_T,_T,_T,R,_T,2011-09,2011,4.2522,3.5255,5.1208,6219.138671875,Bangladesh demographic and health survey 2011. Demographic and Health Surveys. Dhaka  Bangladesh and Calverton  Maryland  USA  NIPORT  Mitra and Associates  and ICF International  2013,severe wasting (< -3 SD)
BGD,NT_ANT_WHZ_NE3,_T,_T,_T,U,_T,2011-09,2011,3.7292,2.7602,5.0208,1724.43334960938,Bangladesh demographic and health survey 2011. Demographic and Health Surveys. Dhaka  Bangladesh and Calverton  Maryland  USA  NIPORT  Mitra and Associates  and ICF International  2013,severe wasting (< -3 SD)
BGD,NT_ANT_WHZ_NE3,_T,_T,_T,_T,_T,2011-09,2011,4.1387,3.5214,4.8587,7943.57177734375,Bangladesh demographic and health survey 2011. Demographic and Health Surveys. Dhaka  Bangladesh and Calverton  Maryland  USA  NIPORT  Mitra and Associates  and ICF International  2013,severe wasting (< -3 SD)
BGD,NT_ANT_WHZ_NE3,_T,_T,_T,_T,AGG_0_1,2011-09,2011,4.5664,3.6532,5.6945,3928.01245117188,Bangladesh demographic and health survey 2011. Demographic and Health Surveys. Dhaka  Bangladesh and Calverton  Maryland  USA  NIPORT  Mitra and Associates  and ICF International  2013,severe wasting (< -3 SD)
BGD,NT_ANT_WHZ_NE3,_T,_T,_T,_T,AGG_2_3,2011-09,2011,3.556,2.8385,4.4467,3245.28540039062,Bangladesh demographic and health survey 2011. Demographic and Health Surveys. Dhaka  Bangladesh and Calverton  Maryland  USA  NIPORT  Mitra and Associates  and ICF International  2013,severe wasting (< -3 SD)
BGD,NT_ANT_WHZ_NE3,_T,_T,_T,_T,AGG_3S_H,2011-09,2011,3.5382,2.8591,4.3713,3779.6962890625,Bangladesh demographic and health survey 2011. Demographic and Health Surveys. Dhaka  Bangladesh and Calverton  Maryland  USA  NIPORT  Mitra and Associates  and ICF International  2013,severe wasting (< -3 SD)
BGD,NT_ANT_WHZ_NE3,_T,_T,_T,_T,AGG_5T8,2011-09,2011,3.4297,1.8786,6.181,534.411071777344,Bangladesh demographic and health survey 2011. Demographic and Health Surveys. Dhaka  Bangladesh and Calverton  Maryland  USA  NIPORT  Mitra and Associates  and ICF International  2013,severe wasting (< -3 SD)
BGD,NT_ANT_WHZ_NE3,_T,_T,_T,_T,ISCED11A_01,2011-09,2011,4.8072,3.4922,6.5836,1556.95361328125,Bangladesh demographic and health survey 2011. Demographic and Health Surveys. Dhaka  Bangladesh and Calverton  Maryland  USA  NIPORT  Mitra and Associates  and ICF International  2013,severe wasting (< -3 SD)
BGD,NT_ANT_WHZ_NE3,_T,_T,_T,_T,ISCED11_1,2011-09,2011,4.4083,3.4981,5.5417,2371.05883789062,Bangladesh demographic and health survey 2011. Demographic and Health Surveys. Dhaka  Bangladesh and Calverton  Maryland  USA  NIPORT  Mitra and Associates  and ICF International  2013,severe wasting (< -3 SD)
BGD,NT_ANT_WHZ_NE3,_T,_T,_T,_T,_T,2011-12,2011-12,3.814,,,,Bangladesh Integrated Household Survey 2011-2012. Washington DC  United States  USAID.,severe wasting (< -3 SD)
BGD,NT_ANT_WHZ_NE3,F,_T,_T,_T,_T,2012,2012,3.56,,,,Bangladesh 2012 Child and Mother Nutrition Survey,severe wasting (< -3 SD)
BGD,NT_ANT_WHZ_NE3,M,_T,_T,_T,_T,2012,2012,6.11,,,,Bangladesh 2012 Child and Mother Nutrition Survey,severe wasting (< -3 SD)
BGD,NT_ANT_WHZ_NE3,_T,M0T23,_T,_T,_T,2012,2012,6.8,,,,Bangladesh 2012 Child and Mother Nutrition Survey,severe wasting (< -3 SD)
BGD,NT_ANT_WHZ_NE3,_T,M0T5,_T,_T,_T,2012,2012,10.7,,,,Bangladesh 2012 Child and Mother Nutrition Survey,severe wasting (< -3 SD)
BGD,NT_ANT_WHZ_NE3,_T,M12T17,_T,_T,_T,2012,2012,5.2,,,,Bangladesh 2012 Child and Mother Nutrition Survey,severe wasting (< -3 SD)
BGD,NT_ANT_WHZ_NE3,_T,M18T23,_T,_T,_T,2012,2012,6,,,,Bangladesh 2012 Child and Mother Nutrition Survey,severe wasting (< -3 SD)
BGD,NT_ANT_WHZ_NE3,_T,M24T35,_T,_T,_T,2012,2012,4.6,,,,Bangladesh 2012 Child and Mother Nutrition Survey,severe wasting (< -3 SD)
BGD,NT_ANT_WHZ_NE3,_T,M24T59,_T,_T,_T,2012,2012,3.7,,,,Bangladesh 2012 Child and Mother Nutrition Survey,severe wasting (< -3 SD)
BGD,NT_ANT_WHZ_NE3,_T,M36T47,_T,_T,_T,2012,2012,3.6,,,,Bangladesh 2012 Child and Mother Nutrition Survey,severe wasting (< -3 SD)
BGD,NT_ANT_WHZ_NE3,_T,M48T59,_T,_T,_T,2012,2012,3.1,,,,Bangladesh 2012 Child and Mother Nutrition Survey,severe wasting (< -3 SD)
BGD,NT_ANT_WHZ_NE3,_T,M6T11,_T,_T,_T,2012,2012,6.3,,,,Bangladesh 2012 Child and Mother Nutrition Survey,severe wasting (< -3 SD)
BGD,NT_ANT_WHZ_NE3,_T,_T,_T,R,_T,2012,2012,5.05,,,,Bangladesh 2012 Child and Mother Nutrition Survey,severe wasting (< -3 SD)
BGD,NT_ANT_WHZ_NE3,_T,_T,_T,U,_T,2012,2012,4.23,,,,Bangladesh 2012 Child and Mother Nutrition Survey,severe wasting (< -3 SD)
BGD,NT_ANT_WHZ_NE3,_T,_T,_T,_T,_T,2012,2012,4.86,,,,Bangladesh 2012 Child and Mother Nutrition Survey,severe wasting (< -3 SD)
BGD,NT_ANT_WHZ_NE3,F,_T,_T,_T,_T,2012-07,2012,2,,,,Bangladesh State of Food Security and Nutrition in 2012,severe wasting (< -3 SD)
BGD,NT_ANT_WHZ_NE3,M,_T,_T,_T,_T,2012-07,2012,2,,,,Bangladesh State of Food Security and Nutrition in 2012,severe wasting (< -3 SD)
BGD,NT_ANT_WHZ_NE3,_T,_T,_T,_T,_T,2012-07,2012,2,,,,Bangladesh State of Food Security and Nutrition in 2012,severe wasting (< -3 SD)
BGD,NT_ANT_WHZ_NE3,F,M0T11,_T,_T,_T,2013-02,2012-13,1.4978,0.9885,2.2634,1891.76147460938,Bangladesh 2012-13 multiple indicator cluster survey. Final Report. Dhaka  Bangladesh  Bangladesh Bureau of Statistics and UNICEF Bangladesh  2014.,severe wasting (< -3 SD)
BGD,NT_ANT_WHZ_NE3,F,M0T23,_T,_T,_T,2013-02,2012-13,1.4391,1.0679,1.937,3774.15405273438,Bangladesh 2012-13 multiple indicator cluster survey. Final Report. Dhaka  Bangladesh  Bangladesh Bureau of Statistics and UNICEF Bangladesh  2014.,severe wasting (< -3 SD)
BGD,NT_ANT_WHZ_NE3,F,M0T5,_T,_T,_T,2013-02,2012-13,1.8809,1.105,3.1842,931.163208007812,Bangladesh 2012-13 multiple indicator cluster survey. Final Report. Dhaka  Bangladesh  Bangladesh Bureau of Statistics and UNICEF Bangladesh  2014.,severe wasting (< -3 SD)
BGD,NT_ANT_WHZ_NE3,F,M12T17,_T,_T,_T,2013-02,2012-13,0.9997,0.5392,1.8462,1119.23779296875,Bangladesh 2012-13 multiple indicator cluster survey. Final Report. Dhaka  Bangladesh  Bangladesh Bureau of Statistics and UNICEF Bangladesh  2014.,severe wasting (< -3 SD)
BGD,NT_ANT_WHZ_NE3,F,M12T23,_T,_T,_T,2013-02,2012-13,1.3802,0.898,2.116,1882.39270019531,Bangladesh 2012-13 multiple indicator cluster survey. Final Report. Dhaka  Bangladesh  Bangladesh Bureau of Statistics and UNICEF Bangladesh  2014.,severe wasting (< -3 SD)
BGD,NT_ANT_WHZ_NE3,F,M18T23,_T,_T,_T,2013-02,2012-13,1.9383,1.0705,3.4846,763.154968261719,Bangladesh 2012-13 multiple indicator cluster survey. Final Report. Dhaka  Bangladesh  Bangladesh Bureau of Statistics and UNICEF Bangladesh  2014.,severe wasting (< -3 SD)
BGD,NT_ANT_WHZ_NE3,F,M24T29,_T,_T,_T,2013-02,2012-13,0.6056,0.3052,1.1984,950.980834960938,Bangladesh 2012-13 multiple indicator cluster survey. Final Report. Dhaka  Bangladesh  Bangladesh Bureau of Statistics and UNICEF Bangladesh  2014.,severe wasting (< -3 SD)
BGD,NT_ANT_WHZ_NE3,F,M24T35,_T,_T,_T,2013-02,2012-13,1.7198,1.1243,2.6224,1882.20251464844,Bangladesh 2012-13 multiple indicator cluster survey. Final Report. Dhaka  Bangladesh  Bangladesh Bureau of Statistics and UNICEF Bangladesh  2014.,severe wasting (< -3 SD)
BGD,NT_ANT_WHZ_NE3,F,M24T59,_T,_T,_T,2013-02,2012-13,0.9402,0.6906,1.2789,5731.4345703125,Bangladesh 2012-13 multiple indicator cluster survey. Final Report. Dhaka  Bangladesh  Bangladesh Bureau of Statistics and UNICEF Bangladesh  2014.,severe wasting (< -3 SD)
BGD,NT_ANT_WHZ_NE3,F,M30T35,_T,_T,_T,2013-02,2012-13,2.8577,1.7343,4.6741,931.2216796875,Bangladesh 2012-13 multiple indicator cluster survey. Final Report. Dhaka  Bangladesh  Bangladesh Bureau of Statistics and UNICEF Bangladesh  2014.,severe wasting (< -3 SD)
BGD,NT_ANT_WHZ_NE3,F,M36T41,_T,_T,_T,2013-02,2012-13,0.6833,0.3145,1.4782,994.281433105469,Bangladesh 2012-13 multiple indicator cluster survey. Final Report. Dhaka  Bangladesh  Bangladesh Bureau of Statistics and UNICEF Bangladesh  2014.,severe wasting (< -3 SD)
BGD,NT_ANT_WHZ_NE3,F,M36T47,_T,_T,_T,2013-02,2012-13,0.6116,0.3447,1.0826,1897.05236816406,Bangladesh 2012-13 multiple indicator cluster survey. Final Report. Dhaka  Bangladesh  Bangladesh Bureau of Statistics and UNICEF Bangladesh  2014.,severe wasting (< -3 SD)
BGD,NT_ANT_WHZ_NE3,F,M42T47,_T,_T,_T,2013-02,2012-13,0.5325,0.2288,1.2346,902.77099609375,Bangladesh 2012-13 multiple indicator cluster survey. Final Report. Dhaka  Bangladesh  Bangladesh Bureau of Statistics and UNICEF Bangladesh  2014.,severe wasting (< -3 SD)
BGD,NT_ANT_WHZ_NE3,F,M48T53,_T,_T,_T,2013-02,2012-13,0.7742,0.3488,1.7097,920.381286621094,Bangladesh 2012-13 multiple indicator cluster survey. Final Report. Dhaka  Bangladesh  Bangladesh Bureau of Statistics and UNICEF Bangladesh  2014.,severe wasting (< -3 SD)
BGD,NT_ANT_WHZ_NE3,F,M48T59,_T,_T,_T,2013-02,2012-13,0.5079,0.2685,0.9587,1952.17956542969,Bangladesh 2012-13 multiple indicator cluster survey. Final Report. Dhaka  Bangladesh  Bangladesh Bureau of Statistics and UNICEF Bangladesh  2014.,severe wasting (< -3 SD)
BGD,NT_ANT_WHZ_NE3,F,M54T59,_T,_T,_T,2013-02,2012-13,0.2704,0.1015,0.7181,1031.79833984375,Bangladesh 2012-13 multiple indicator cluster survey. Final Report. Dhaka  Bangladesh  Bangladesh Bureau of Statistics and UNICEF Bangladesh  2014.,severe wasting (< -3 SD)
BGD,NT_ANT_WHZ_NE3,F,M6T11,_T,_T,_T,2013-02,2012-13,1.1263,0.602,2.0978,960.598266601562,Bangladesh 2012-13 multiple indicator cluster survey. Final Report. Dhaka  Bangladesh  Bangladesh Bureau of Statistics and UNICEF Bangladesh  2014.,severe wasting (< -3 SD)
BGD,NT_ANT_WHZ_NE3,F,_T,_T,_T,_T,2013-02,2012-13,1.1389,0.9209,1.4076,9593.076171875,Bangladesh 2012-13 multiple indicator cluster survey. Final Report. Dhaka  Bangladesh  Bangladesh Bureau of Statistics and UNICEF Bangladesh  2014.,severe wasting (< -3 SD)
BGD,NT_ANT_WHZ_NE3,M,M0T11,_T,_T,_T,2013-02,2012-13,2.6554,1.9126,3.6759,1858.15417480469,Bangladesh 2012-13 multiple indicator cluster survey. Final Report. Dhaka  Bangladesh  Bangladesh Bureau of Statistics and UNICEF Bangladesh  2014.,severe wasting (< -3 SD)
BGD,NT_ANT_WHZ_NE3,M,M0T23,_T,_T,_T,2013-02,2012-13,3.0421,2.4505,3.7711,3883.10180664062,Bangladesh 2012-13 multiple indicator cluster survey. Final Report. Dhaka  Bangladesh  Bangladesh Bureau of Statistics and UNICEF Bangladesh  2014.,severe wasting (< -3 SD)
BGD,NT_ANT_WHZ_NE3,M,M0T5,_T,_T,_T,2013-02,2012-13,2.3434,1.482,3.6867,891.031188964844,Bangladesh 2012-13 multiple indicator cluster survey. Final Report. Dhaka  Bangladesh  Bangladesh Bureau of Statistics and UNICEF Bangladesh  2014.,severe wasting (< -3 SD)
BGD,NT_ANT_WHZ_NE3,M,M12T17,_T,_T,_T,2013-02,2012-13,4.4465,3.0266,6.4879,1092.68713378906,Bangladesh 2012-13 multiple indicator cluster survey. Final Report. Dhaka  Bangladesh  Bangladesh Bureau of Statistics and UNICEF Bangladesh  2014.,severe wasting (< -3 SD)
BGD,NT_ANT_WHZ_NE3,M,M12T23,_T,_T,_T,2013-02,2012-13,3.397,2.5081,4.5863,2024.94775390625,Bangladesh 2012-13 multiple indicator cluster survey. Final Report. Dhaka  Bangladesh  Bangladesh Bureau of Statistics and UNICEF Bangladesh  2014.,severe wasting (< -3 SD)
BGD,NT_ANT_WHZ_NE3,M,M18T23,_T,_T,_T,2013-02,2012-13,2.167,1.3869,3.3709,932.260620117188,Bangladesh 2012-13 multiple indicator cluster survey. Final Report. Dhaka  Bangladesh  Bangladesh Bureau of Statistics and UNICEF Bangladesh  2014.,severe wasting (< -3 SD)
BGD,NT_ANT_WHZ_NE3,M,M24T29,_T,_T,_T,2013-02,2012-13,2.2049,1.3251,3.6474,1057.95788574219,Bangladesh 2012-13 multiple indicator cluster survey. Final Report. Dhaka  Bangladesh  Bangladesh Bureau of Statistics and UNICEF Bangladesh  2014.,severe wasting (< -3 SD)
BGD,NT_ANT_WHZ_NE3,M,M24T35,_T,_T,_T,2013-02,2012-13,1.9002,1.2932,2.7839,1950.63012695312,Bangladesh 2012-13 multiple indicator cluster survey. Final Report. Dhaka  Bangladesh  Bangladesh Bureau of Statistics and UNICEF Bangladesh  2014.,severe wasting (< -3 SD)
BGD,NT_ANT_WHZ_NE3,M,M24T59,_T,_T,_T,2013-02,2012-13,1.5211,1.21,1.9105,6078.36181640625,Bangladesh 2012-13 multiple indicator cluster survey. Final Report. Dhaka  Bangladesh  Bangladesh Bureau of Statistics and UNICEF Bangladesh  2014.,severe wasting (< -3 SD)
BGD,NT_ANT_WHZ_NE3,M,M30T35,_T,_T,_T,2013-02,2012-13,1.5389,0.8612,2.7352,892.672302246094,Bangladesh 2012-13 multiple indicator cluster survey. Final Report. Dhaka  Bangladesh  Bangladesh Bureau of Statistics and UNICEF Bangladesh  2014.,severe wasting (< -3 SD)
BGD,NT_ANT_WHZ_NE3,M,M36T41,_T,_T,_T,2013-02,2012-13,0.978,0.5028,1.8941,1046.2890625,Bangladesh 2012-13 multiple indicator cluster survey. Final Report. Dhaka  Bangladesh  Bangladesh Bureau of Statistics and UNICEF Bangladesh  2014.,severe wasting (< -3 SD)
BGD,NT_ANT_WHZ_NE3,M,M36T47,_T,_T,_T,2013-02,2012-13,1.2609,0.8227,1.9282,2095.31274414062,Bangladesh 2012-13 multiple indicator cluster survey. Final Report. Dhaka  Bangladesh  Bangladesh Bureau of Statistics and UNICEF Bangladesh  2014.,severe wasting (< -3 SD)
BGD,NT_ANT_WHZ_NE3,M,M42T47,_T,_T,_T,2013-02,2012-13,1.5431,0.8859,2.6748,1049.02380371094,Bangladesh 2012-13 multiple indicator cluster survey. Final Report. Dhaka  Bangladesh  Bangladesh Bureau of Statistics and UNICEF Bangladesh  2014.,severe wasting (< -3 SD)
BGD,NT_ANT_WHZ_NE3,M,M48T53,_T,_T,_T,2013-02,2012-13,0.9888,0.5365,1.8155,1023.86218261719,Bangladesh 2012-13 multiple indicator cluster survey. Final Report. Dhaka  Bangladesh  Bangladesh Bureau of Statistics and UNICEF Bangladesh  2014.,severe wasting (< -3 SD)
BGD,NT_ANT_WHZ_NE3,M,M48T59,_T,_T,_T,2013-02,2012-13,1.4254,0.976,2.0775,2032.41882324219,Bangladesh 2012-13 multiple indicator cluster survey. Final Report. Dhaka  Bangladesh  Bangladesh Bureau of Statistics and UNICEF Bangladesh  2014.,severe wasting (< -3 SD)
BGD,NT_ANT_WHZ_NE3,M,M54T59,_T,_T,_T,2013-02,2012-13,1.8687,1.176,2.9569,1008.55657958984,Bangladesh 2012-13 multiple indicator cluster survey. Final Report. Dhaka  Bangladesh  Bangladesh Bureau of Statistics and UNICEF Bangladesh  2014.,severe wasting (< -3 SD)
BGD,NT_ANT_WHZ_NE3,M,M6T11,_T,_T,_T,2013-02,2012-13,2.9428,1.8659,4.6122,967.123046875,Bangladesh 2012-13 multiple indicator cluster survey. Final Report. Dhaka  Bangladesh  Bangladesh Bureau of Statistics and UNICEF Bangladesh  2014.,severe wasting (< -3 SD)
BGD,NT_ANT_WHZ_NE3,M,_T,_T,_T,_T,2013-02,2012-13,2.1005,1.795,2.4567,10046.58984375,Bangladesh 2012-13 multiple indicator cluster survey. Final Report. Dhaka  Bangladesh  Bangladesh Bureau of Statistics and UNICEF Bangladesh  2014.,severe wasting (< -3 SD)
BGD,NT_ANT_WHZ_NE3,_T,M0T11,_T,_T,_T,2013-02,2012-13,2.0714,1.5949,2.6863,3749.91552734375,Bangladesh 2012-13 multiple indicator cluster survey. Final Report. Dhaka  Bangladesh  Bangladesh Bureau of Statistics and UNICEF Bangladesh  2014.,severe wasting (< -3 SD)
BGD,NT_ANT_WHZ_NE3,_T,M0T23,_T,_T,_T,2013-02,2012-13,2.252,1.8885,2.6837,7657.255859375,Bangladesh 2012-13 multiple indicator cluster survey. Final Report. Dhaka  Bangladesh  Bangladesh Bureau of Statistics and UNICEF Bangladesh  2014.,severe wasting (< -3 SD)
BGD,NT_ANT_WHZ_NE3,_T,M0T5,_T,_T,_T,2013-02,2012-13,2.1071,1.4886,2.9748,1822.1943359375,Bangladesh 2012-13 multiple indicator cluster survey. Final Report. Dhaka  Bangladesh  Bangladesh Bureau of Statistics and UNICEF Bangladesh  2014.,severe wasting (< -3 SD)
BGD,NT_ANT_WHZ_NE3,_T,M12T17,_T,_T,_T,2013-02,2012-13,2.7024,1.932,3.7682,2211.9248046875,Bangladesh 2012-13 multiple indicator cluster survey. Final Report. Dhaka  Bangladesh  Bangladesh Bureau of Statistics and UNICEF Bangladesh  2014.,severe wasting (< -3 SD)
BGD,NT_ANT_WHZ_NE3,_T,M12T23,_T,_T,_T,2013-02,2012-13,2.4254,1.8875,3.1118,3907.34033203125,Bangladesh 2012-13 multiple indicator cluster survey. Final Report. Dhaka  Bangladesh  Bangladesh Bureau of Statistics and UNICEF Bangladesh  2014.,severe wasting (< -3 SD)
BGD,NT_ANT_WHZ_NE3,_T,M18T23,_T,_T,_T,2013-02,2012-13,2.0641,1.4359,2.9587,1695.41552734375,Bangladesh 2012-13 multiple indicator cluster survey. Final Report. Dhaka  Bangladesh  Bangladesh Bureau of Statistics and UNICEF Bangladesh  2014.,severe wasting (< -3 SD)
BGD,NT_ANT_WHZ_NE3,_T,M24T29,_T,_T,_T,2013-02,2012-13,1.4479,0.9432,2.2166,2008.93859863281,Bangladesh 2012-13 multiple indicator cluster survey. Final Report. Dhaka  Bangladesh  Bangladesh Bureau of Statistics and UNICEF Bangladesh  2014.,severe wasting (< -3 SD)
BGD,NT_ANT_WHZ_NE3,_T,M24T35,_T,_T,_T,2013-02,2012-13,1.8116,1.3642,2.4022,3832.83276367188,Bangladesh 2012-13 multiple indicator cluster survey. Final Report. Dhaka  Bangladesh  Bangladesh Bureau of Statistics and UNICEF Bangladesh  2014.,severe wasting (< -3 SD)
BGD,NT_ANT_WHZ_NE3,_T,M24T59,_T,_T,_T,2013-02,2012-13,1.2392,1.031,1.4887,11809.7958984375,Bangladesh 2012-13 multiple indicator cluster survey. Final Report. Dhaka  Bangladesh  Bangladesh Bureau of Statistics and UNICEF Bangladesh  2014.,severe wasting (< -3 SD)
BGD,NT_ANT_WHZ_NE3,_T,M30T35,_T,_T,_T,2013-02,2012-13,2.2122,1.5093,3.2318,1823.89404296875,Bangladesh 2012-13 multiple indicator cluster survey. Final Report. Dhaka  Bangladesh  Bangladesh Bureau of Statistics and UNICEF Bangladesh  2014.,severe wasting (< -3 SD)
BGD,NT_ANT_WHZ_NE3,_T,M36T41,_T,_T,_T,2013-02,2012-13,0.8344,0.4908,1.4154,2040.57043457031,Bangladesh 2012-13 multiple indicator cluster survey. Final Report. Dhaka  Bangladesh  Bangladesh Bureau of Statistics and UNICEF Bangladesh  2014.,severe wasting (< -3 SD)
BGD,NT_ANT_WHZ_NE3,_T,M36T47,_T,_T,_T,2013-02,2012-13,0.9524,0.6698,1.3526,3992.365234375,Bangladesh 2012-13 multiple indicator cluster survey. Final Report. Dhaka  Bangladesh  Bangladesh Bureau of Statistics and UNICEF Bangladesh  2014.,severe wasting (< -3 SD)
BGD,NT_ANT_WHZ_NE3,_T,M42T47,_T,_T,_T,2013-02,2012-13,1.0757,0.6718,1.7181,1951.79479980469,Bangladesh 2012-13 multiple indicator cluster survey. Final Report. Dhaka  Bangladesh  Bangladesh Bureau of Statistics and UNICEF Bangladesh  2014.,severe wasting (< -3 SD)
BGD,NT_ANT_WHZ_NE3,_T,M48T53,_T,_T,_T,2013-02,2012-13,0.8872,0.5466,1.4371,1944.24353027344,Bangladesh 2012-13 multiple indicator cluster survey. Final Report. Dhaka  Bangladesh  Bangladesh Bureau of Statistics and UNICEF Bangladesh  2014.,severe wasting (< -3 SD)
BGD,NT_ANT_WHZ_NE3,_T,M48T59,_T,_T,_T,2013-02,2012-13,0.9759,0.7055,1.3486,3984.59838867188,Bangladesh 2012-13 multiple indicator cluster survey. Final Report. Dhaka  Bangladesh  Bangladesh Bureau of Statistics and UNICEF Bangladesh  2014.,severe wasting (< -3 SD)
BGD,NT_ANT_WHZ_NE3,_T,M54T59,_T,_T,_T,2013-02,2012-13,1.0604,0.6934,1.6186,2040.35485839844,Bangladesh 2012-13 multiple indicator cluster survey. Final Report. Dhaka  Bangladesh  Bangladesh Bureau of Statistics and UNICEF Bangladesh  2014.,severe wasting (< -3 SD)
BGD,NT_ANT_WHZ_NE3,_T,M6T11,_T,_T,_T,2013-02,2012-13,2.0377,1.4089,2.9386,1927.72131347656,Bangladesh 2012-13 multiple indicator cluster survey. Final Report. Dhaka  Bangladesh  Bangladesh Bureau of Statistics and UNICEF Bangladesh  2014.,severe wasting (< -3 SD)
BGD,NT_ANT_WHZ_NE3,_T,_T,B20,R,_T,2013-02,2012-13,2.1717,1.7434,2.7023,4397.69384765625,Bangladesh 2012-13 multiple indicator cluster survey. Final Report. Dhaka  Bangladesh  Bangladesh Bureau of Statistics and UNICEF Bangladesh  2014.,severe wasting (< -3 SD)
BGD,NT_ANT_WHZ_NE3,_T,_T,B20,U,_T,2013-02,2012-13,3.4274,1.9217,6.0401,405.405853271484,Bangladesh 2012-13 multiple indicator cluster survey. Final Report. Dhaka  Bangladesh  Bangladesh Bureau of Statistics and UNICEF Bangladesh  2014.,severe wasting (< -3 SD)
BGD,NT_ANT_WHZ_NE3,_T,_T,B40,R,_T,2013-02,2012-13,2.0571,1.7241,2.4528,8052.14453125,Bangladesh 2012-13 multiple indicator cluster survey. Final Report. Dhaka  Bangladesh  Bangladesh Bureau of Statistics and UNICEF Bangladesh  2014.,severe wasting (< -3 SD)
BGD,NT_ANT_WHZ_NE3,_T,_T,B40,U,_T,2013-02,2012-13,2.7811,1.7606,4.3667,765.61181640625,Bangladesh 2012-13 multiple indicator cluster survey. Final Report. Dhaka  Bangladesh  Bangladesh Bureau of Statistics and UNICEF Bangladesh  2014.,severe wasting (< -3 SD)
BGD,NT_ANT_WHZ_NE3,_T,_T,B60,R,_T,2013-02,2012-13,2.0049,1.7319,2.3199,11253.22265625,Bangladesh 2012-13 multiple indicator cluster survey. Final Report. Dhaka  Bangladesh  Bangladesh Bureau of Statistics and UNICEF Bangladesh  2014.,severe wasting (< -3 SD)
BGD,NT_ANT_WHZ_NE3,_T,_T,B60,U,_T,2013-02,2012-13,2.2782,1.4979,3.4506,1237.58215332031,Bangladesh 2012-13 multiple indicator cluster survey. Final Report. Dhaka  Bangladesh  Bangladesh Bureau of Statistics and UNICEF Bangladesh  2014.,severe wasting (< -3 SD)
BGD,NT_ANT_WHZ_NE3,_T,_T,B80,R,_T,2013-02,2012-13,1.7873,1.5443,2.0678,13924.0302734375,Bangladesh 2012-13 multiple indicator cluster survey. Final Report. Dhaka  Bangladesh  Bangladesh Bureau of Statistics and UNICEF Bangladesh  2014.,severe wasting (< -3 SD)
BGD,NT_ANT_WHZ_NE3,_T,_T,B80,U,_T,2013-02,2012-13,1.8025,1.2707,2.5511,2103.142578125,Bangladesh 2012-13 multiple indicator cluster survey. Final Report. Dhaka  Bangladesh  Bangladesh Bureau of Statistics and UNICEF Bangladesh  2014.,severe wasting (< -3 SD)
BGD,NT_ANT_WHZ_NE3,_T,_T,Q1,R,_T,2013-02,2012-13,2.1717,1.7434,2.7023,4397.69384765625,Bangladesh 2012-13 multiple indicator cluster survey. Final Report. Dhaka  Bangladesh  Bangladesh Bureau of Statistics and UNICEF Bangladesh  2014.,severe wasting (< -3 SD)
BGD,NT_ANT_WHZ_NE3,_T,_T,Q1,U,_T,2013-02,2012-13,3.4274,1.9217,6.0401,405.405853271484,Bangladesh 2012-13 multiple indicator cluster survey. Final Report. Dhaka  Bangladesh  Bangladesh Bureau of Statistics and UNICEF Bangladesh  2014.,severe wasting (< -3 SD)
BGD,NT_ANT_WHZ_NE3,_T,_T,Q1,_T,_T,2013-02,2012-13,2.2777,1.854,2.7954,4803.099609375,Bangladesh 2012-13 multiple indicator cluster survey. Final Report. Dhaka  Bangladesh  Bangladesh Bureau of Statistics and UNICEF Bangladesh  2014.,severe wasting (< -3 SD)
BGD,NT_ANT_WHZ_NE3,_T,_T,Q2,R,_T,2013-02,2012-13,1.9191,1.4235,2.5827,3654.45092773438,Bangladesh 2012-13 multiple indicator cluster survey. Final Report. Dhaka  Bangladesh  Bangladesh Bureau of Statistics and UNICEF Bangladesh  2014.,severe wasting (< -3 SD)
BGD,NT_ANT_WHZ_NE3,_T,_T,Q2,U,_T,2013-02,2012-13,2.0537,0.9316,4.4662,360.205993652344,Bangladesh 2012-13 multiple indicator cluster survey. Final Report. Dhaka  Bangladesh  Bangladesh Bureau of Statistics and UNICEF Bangladesh  2014.,severe wasting (< -3 SD)
BGD,NT_ANT_WHZ_NE3,_T,_T,Q2,_T,_T,2013-02,2012-13,1.9312,1.4591,2.5521,4014.65673828125,Bangladesh 2012-13 multiple indicator cluster survey. Final Report. Dhaka  Bangladesh  Bangladesh Bureau of Statistics and UNICEF Bangladesh  2014.,severe wasting (< -3 SD)
BGD,NT_ANT_WHZ_NE3,_T,_T,Q3,R,_T,2013-02,2012-13,1.8738,1.4385,2.4375,3201.07788085938,Bangladesh 2012-13 multiple indicator cluster survey. Final Report. Dhaka  Bangladesh  Bangladesh Bureau of Statistics and UNICEF Bangladesh  2014.,severe wasting (< -3 SD)
BGD,NT_ANT_WHZ_NE3,_T,_T,Q3,U,_T,2013-02,2012-13,1.4623,0.5534,3.8069,471.970336914062,Bangladesh 2012-13 multiple indicator cluster survey. Final Report. Dhaka  Bangladesh  Bangladesh Bureau of Statistics and UNICEF Bangladesh  2014.,severe wasting (< -3 SD)
BGD,NT_ANT_WHZ_NE3,_T,_T,Q3,_T,_T,2013-02,2012-13,1.8209,1.4077,2.3526,3673.04809570312,Bangladesh 2012-13 multiple indicator cluster survey. Final Report. Dhaka  Bangladesh  Bangladesh Bureau of Statistics and UNICEF Bangladesh  2014.,severe wasting (< -3 SD)
BGD,NT_ANT_WHZ_NE3,_T,_T,Q4,R,_T,2013-02,2012-13,0.8705,0.5419,1.3957,2670.80712890625,Bangladesh 2012-13 multiple indicator cluster survey. Final Report. Dhaka  Bangladesh  Bangladesh Bureau of Statistics and UNICEF Bangladesh  2014.,severe wasting (< -3 SD)
BGD,NT_ANT_WHZ_NE3,_T,_T,Q4,U,_T,2013-02,2012-13,1.1223,0.5895,2.1265,865.560363769531,Bangladesh 2012-13 multiple indicator cluster survey. Final Report. Dhaka  Bangladesh  Bangladesh Bureau of Statistics and UNICEF Bangladesh  2014.,severe wasting (< -3 SD)
BGD,NT_ANT_WHZ_NE3,_T,_T,Q4,_T,_T,2013-02,2012-13,0.9321,0.635,1.3663,3536.36767578125,Bangladesh 2012-13 multiple indicator cluster survey. Final Report. Dhaka  Bangladesh  Bangladesh Bureau of Statistics and UNICEF Bangladesh  2014.,severe wasting (< -3 SD)
BGD,NT_ANT_WHZ_NE3,_T,_T,Q5,R,_T,2013-02,2012-13,0.9563,0.5091,1.7894,1702.84765625,Bangladesh 2012-13 multiple indicator cluster survey. Final Report. Dhaka  Bangladesh  Bangladesh Bureau of Statistics and UNICEF Bangladesh  2014.,severe wasting (< -3 SD)
BGD,NT_ANT_WHZ_NE3,_T,_T,Q5,U,_T,2013-02,2012-13,0.9019,0.4851,1.6705,1909.64611816406,Bangladesh 2012-13 multiple indicator cluster survey. Final Report. Dhaka  Bangladesh  Bangladesh Bureau of Statistics and UNICEF Bangladesh  2014.,severe wasting (< -3 SD)
BGD,NT_ANT_WHZ_NE3,_T,_T,Q5,_T,_T,2013-02,2012-13,0.9275,0.5962,1.4403,3612.49389648438,Bangladesh 2012-13 multiple indicator cluster survey. Final Report. Dhaka  Bangladesh  Bangladesh Bureau of Statistics and UNICEF Bangladesh  2014.,severe wasting (< -3 SD)
BGD,NT_ANT_WHZ_NE3,_T,_T,R20,R,_T,2013-02,2012-13,0.9563,0.5091,1.7894,1702.84765625,Bangladesh 2012-13 multiple indicator cluster survey. Final Report. Dhaka  Bangladesh  Bangladesh Bureau of Statistics and UNICEF Bangladesh  2014.,severe wasting (< -3 SD)
BGD,NT_ANT_WHZ_NE3,_T,_T,R20,U,_T,2013-02,2012-13,0.9019,0.4851,1.6705,1909.64611816406,Bangladesh 2012-13 multiple indicator cluster survey. Final Report. Dhaka  Bangladesh  Bangladesh Bureau of Statistics and UNICEF Bangladesh  2014.,severe wasting (< -3 SD)
BGD,NT_ANT_WHZ_NE3,_T,_T,R40,R,_T,2013-02,2012-13,0.9039,0.6189,1.3184,4373.65478515625,Bangladesh 2012-13 multiple indicator cluster survey. Final Report. Dhaka  Bangladesh  Bangladesh Bureau of Statistics and UNICEF Bangladesh  2014.,severe wasting (< -3 SD)
BGD,NT_ANT_WHZ_NE3,_T,_T,R40,U,_T,2013-02,2012-13,0.9706,0.6157,1.5271,2775.20654296875,Bangladesh 2012-13 multiple indicator cluster survey. Final Report. Dhaka  Bangladesh  Bangladesh Bureau of Statistics and UNICEF Bangladesh  2014.,severe wasting (< -3 SD)
BGD,NT_ANT_WHZ_NE3,_T,_T,R60,R,_T,2013-02,2012-13,1.3138,1.0573,1.6315,7574.73291015625,Bangladesh 2012-13 multiple indicator cluster survey. Final Report. Dhaka  Bangladesh  Bangladesh Bureau of Statistics and UNICEF Bangladesh  2014.,severe wasting (< -3 SD)
BGD,NT_ANT_WHZ_NE3,_T,_T,R60,U,_T,2013-02,2012-13,1.0421,0.6924,1.5656,3247.17700195312,Bangladesh 2012-13 multiple indicator cluster survey. Final Report. Dhaka  Bangladesh  Bangladesh Bureau of Statistics and UNICEF Bangladesh  2014.,severe wasting (< -3 SD)
BGD,NT_ANT_WHZ_NE3,_T,_T,R80,R,_T,2013-02,2012-13,1.5108,1.2552,1.8174,11229.18359375,Bangladesh 2012-13 multiple indicator cluster survey. Final Report. Dhaka  Bangladesh  Bangladesh Bureau of Statistics and UNICEF Bangladesh  2014.,severe wasting (< -3 SD)
BGD,NT_ANT_WHZ_NE3,_T,_T,R80,U,_T,2013-02,2012-13,1.1431,0.796,1.6391,3607.3828125,Bangladesh 2012-13 multiple indicator cluster survey. Final Report. Dhaka  Bangladesh  Bangladesh Bureau of Statistics and UNICEF Bangladesh  2014.,severe wasting (< -3 SD)
BGD,NT_ANT_WHZ_NE3,_T,_T,_T,R,_T,2013-02,2012-13,1.6968,1.472,1.9552,15626.8779296875,Bangladesh 2012-13 multiple indicator cluster survey. Final Report. Dhaka  Bangladesh  Bangladesh Bureau of Statistics and UNICEF Bangladesh  2014.,severe wasting (< -3 SD)
BGD,NT_ANT_WHZ_NE3,_T,_T,_T,U,_T,2013-02,2012-13,1.3739,1.0084,1.8694,4012.78881835938,Bangladesh 2012-13 multiple indicator cluster survey. Final Report. Dhaka  Bangladesh  Bangladesh Bureau of Statistics and UNICEF Bangladesh  2014.,severe wasting (< -3 SD)
BGD,NT_ANT_WHZ_NE3,_T,_T,_T,_T,_T,2013-02,2012-13,1.6308,1.4328,1.8557,19639.666015625,Bangladesh 2012-13 multiple indicator cluster survey. Final Report. Dhaka  Bangladesh  Bangladesh Bureau of Statistics and UNICEF Bangladesh  2014.,severe wasting (< -3 SD)
BGD,NT_ANT_WHZ_NE3,_T,_T,_T,_T,AGG_0_1,2013-02,2012-13,1.8288,1.5491,2.158,10232.3466796875,Bangladesh 2012-13 multiple indicator cluster survey. Final Report. Dhaka  Bangladesh  Bangladesh Bureau of Statistics and UNICEF Bangladesh  2014.,severe wasting (< -3 SD)
BGD,NT_ANT_WHZ_NE3,_T,_T,_T,_T,AGG_3S_H,2013-02,2012-13,1.4154,1.143,1.7515,9407.3193359375,Bangladesh 2012-13 multiple indicator cluster survey. Final Report. Dhaka  Bangladesh  Bangladesh Bureau of Statistics and UNICEF Bangladesh  2014.,severe wasting (< -3 SD)
BGD,NT_ANT_WHZ_NE3,_T,_T,_T,_T,ISCED11A_01,2013-02,2012-13,1.8898,1.4728,2.4219,4388.61962890625,Bangladesh 2012-13 multiple indicator cluster survey. Final Report. Dhaka  Bangladesh  Bangladesh Bureau of Statistics and UNICEF Bangladesh  2014.,severe wasting (< -3 SD)
BGD,NT_ANT_WHZ_NE3,_T,_T,_T,_T,ISCED11_1,2013-02,2012-13,1.7831,1.4296,2.222,5843.7275390625,Bangladesh 2012-13 multiple indicator cluster survey. Final Report. Dhaka  Bangladesh  Bangladesh Bureau of Statistics and UNICEF Bangladesh  2014.,severe wasting (< -3 SD)
BGD,NT_ANT_WHZ_NE3,F,_T,_T,_T,_T,2013-06,2013,4.4,,,1961,Utilization of Essential Service Delivery (UESD) Survey 2013. Dhaka  National Institute of Population Research and Training (NIPORT)  2014.,severe wasting (< -3 SD)
BGD,NT_ANT_WHZ_NE3,M,_T,_T,_T,_T,2013-06,2013,5.3,,,2068,Utilization of Essential Service Delivery (UESD) Survey 2013. Dhaka  National Institute of Population Research and Training (NIPORT)  2014.,severe wasting (< -3 SD)
BGD,NT_ANT_WHZ_NE3,_T,M0T11,_T,_T,_T,2013-06,2013,5.1,,,729,Utilization of Essential Service Delivery (UESD) Survey 2013. Dhaka  National Institute of Population Research and Training (NIPORT)  2014.,severe wasting (< -3 SD)
BGD,NT_ANT_WHZ_NE3,_T,M12T23,_T,_T,_T,2013-06,2013,3.4,,,827,Utilization of Essential Service Delivery (UESD) Survey 2013. Dhaka  National Institute of Population Research and Training (NIPORT)  2014.,severe wasting (< -3 SD)
BGD,NT_ANT_WHZ_NE3,_T,M24T59,_T,_T,_T,2013-06,2013,5.3,,,2473,Utilization of Essential Service Delivery (UESD) Survey 2013. Dhaka  National Institute of Population Research and Training (NIPORT)  2014.,severe wasting (< -3 SD)
BGD,NT_ANT_WHZ_NE3,_T,_T,Q1,_T,_T,2013-06,2013,6.8,,,762,Utilization of Essential Service Delivery (UESD) Survey 2013. Dhaka  National Institute of Population Research and Training (NIPORT)  2014.,severe wasting (< -3 SD)
BGD,NT_ANT_WHZ_NE3,_T,_T,Q2,_T,_T,2013-06,2013,4.6,,,760,Utilization of Essential Service Delivery (UESD) Survey 2013. Dhaka  National Institute of Population Research and Training (NIPORT)  2014.,severe wasting (< -3 SD)
BGD,NT_ANT_WHZ_NE3,_T,_T,Q3,_T,_T,2013-06,2013,5.3,,,789,Utilization of Essential Service Delivery (UESD) Survey 2013. Dhaka  National Institute of Population Research and Training (NIPORT)  2014.,severe wasting (< -3 SD)
BGD,NT_ANT_WHZ_NE3,_T,_T,Q4,_T,_T,2013-06,2013,3.8,,,887,Utilization of Essential Service Delivery (UESD) Survey 2013. Dhaka  National Institute of Population Research and Training (NIPORT)  2014.,severe wasting (< -3 SD)
BGD,NT_ANT_WHZ_NE3,_T,_T,Q5,_T,_T,2013-06,2013,3.7,,,831,Utilization of Essential Service Delivery (UESD) Survey 2013. Dhaka  National Institute of Population Research and Training (NIPORT)  2014.,severe wasting (< -3 SD)
BGD,NT_ANT_WHZ_NE3,_T,_T,_T,R,_T,2013-06,2013,5,,,2996,Utilization of Essential Service Delivery (UESD) Survey 2013. Dhaka  National Institute of Population Research and Training (NIPORT)  2014.,severe wasting (< -3 SD)
BGD,NT_ANT_WHZ_NE3,_T,_T,_T,U,_T,2013-06,2013,4.3,,,1033,Utilization of Essential Service Delivery (UESD) Survey 2013. Dhaka  National Institute of Population Research and Training (NIPORT)  2014.,severe wasting (< -3 SD)
BGD,NT_ANT_WHZ_NE3,_T,_T,_T,_T,_T,2013-06,2013,4.9,,,4029,Utilization of Essential Service Delivery (UESD) Survey 2013. Dhaka  National Institute of Population Research and Training (NIPORT)  2014.,severe wasting (< -3 SD)
BGD,NT_ANT_WHZ_NE3,F,_T,_T,_T,_T,2013-07,2013,1,,,,State of Food security and nutrition in Bangladesh 2013,severe wasting (< -3 SD)
BGD,NT_ANT_WHZ_NE3,M,_T,_T,_T,_T,2013-07,2013,2,,,,State of Food security and nutrition in Bangladesh 2013,severe wasting (< -3 SD)
BGD,NT_ANT_WHZ_NE3,_T,_T,_T,_T,_T,2013-07,2013,2,,,,State of Food security and nutrition in Bangladesh 2013,severe wasting (< -3 SD)
BGD,NT_ANT_WHZ_NE3,F,_T,_T,_T,_T,2014-07,2014,2,,,,State of food security and nutrition in Bangladesh  2014,severe wasting (< -3 SD)
BGD,NT_ANT_WHZ_NE3,M,_T,_T,_T,_T,2014-07,2014,2,,,,State of food security and nutrition in Bangladesh  2014,severe wasting (< -3 SD)
BGD,NT_ANT_WHZ_NE3,_T,_T,_T,_T,_T,2014-07,2014,2,,,,State of food security and nutrition in Bangladesh  2014,severe wasting (< -3 SD)
BGD,NT_ANT_WHZ_NE3,F,M0T11,_T,_T,_T,2014-09,2014,4.9067,2.5243,9.3224,694.112915039062,Bangladesh Demographic and Health Survey 2014. Dhaka  Bangladesh  and Rockville  Maryland  USA  NIPORT  Mitra and Associates  and ICF International. 2016,severe wasting (< -3 SD)
BGD,NT_ANT_WHZ_NE3,F,M0T23,_T,_T,_T,2014-09,2014,3.7017,2.3287,5.8358,1424.67700195312,Bangladesh Demographic and Health Survey 2014. Dhaka  Bangladesh  and Rockville  Maryland  USA  NIPORT  Mitra and Associates  and ICF International. 2016,severe wasting (< -3 SD)
BGD,NT_ANT_WHZ_NE3,F,M0T5,_T,_T,_T,2014-09,2014,3.7556,2.1756,6.4079,274.443481445312,Bangladesh Demographic and Health Survey 2014. Dhaka  Bangladesh  and Rockville  Maryland  USA  NIPORT  Mitra and Associates  and ICF International. 2016,severe wasting (< -3 SD)
BGD,NT_ANT_WHZ_NE3,F,M12T17,_T,_T,_T,2014-09,2014,3.7423,2.072,6.6675,353.211303710938,Bangladesh Demographic and Health Survey 2014. Dhaka  Bangladesh  and Rockville  Maryland  USA  NIPORT  Mitra and Associates  and ICF International. 2016,severe wasting (< -3 SD)
BGD,NT_ANT_WHZ_NE3,F,M12T23,_T,_T,_T,2014-09,2014,2.5569,1.6103,4.0371,730.564086914062,Bangladesh Demographic and Health Survey 2014. Dhaka  Bangladesh  and Rockville  Maryland  USA  NIPORT  Mitra and Associates  and ICF International. 2016,severe wasting (< -3 SD)
BGD,NT_ANT_WHZ_NE3,F,M18T23,_T,_T,_T,2014-09,2014,1.4473,0.7398,2.8122,377.352752685547,Bangladesh Demographic and Health Survey 2014. Dhaka  Bangladesh  and Rockville  Maryland  USA  NIPORT  Mitra and Associates  and ICF International. 2016,severe wasting (< -3 SD)
BGD,NT_ANT_WHZ_NE3,F,M24T29,_T,_T,_T,2014-09,2014,3.0462,1.5395,5.9387,351.727905273438,Bangladesh Demographic and Health Survey 2014. Dhaka  Bangladesh  and Rockville  Maryland  USA  NIPORT  Mitra and Associates  and ICF International. 2016,severe wasting (< -3 SD)
BGD,NT_ANT_WHZ_NE3,F,M24T35,_T,_T,_T,2014-09,2014,2.1926,1.2932,3.6943,714.04296875,Bangladesh Demographic and Health Survey 2014. Dhaka  Bangladesh  and Rockville  Maryland  USA  NIPORT  Mitra and Associates  and ICF International. 2016,severe wasting (< -3 SD)
BGD,NT_ANT_WHZ_NE3,F,M24T59,_T,_T,_T,2014-09,2014,1.6571,1.1591,2.3639,2114.02172851562,Bangladesh Demographic and Health Survey 2014. Dhaka  Bangladesh  and Rockville  Maryland  USA  NIPORT  Mitra and Associates  and ICF International. 2016,severe wasting (< -3 SD)
BGD,NT_ANT_WHZ_NE3,F,M30T35,_T,_T,_T,2014-09,2014,1.364,0.6072,3.0351,362.315063476562,Bangladesh Demographic and Health Survey 2014. Dhaka  Bangladesh  and Rockville  Maryland  USA  NIPORT  Mitra and Associates  and ICF International. 2016,severe wasting (< -3 SD)
BGD,NT_ANT_WHZ_NE3,F,M36T41,_T,_T,_T,2014-09,2014,0.6771,0.2066,2.1953,367.577575683594,Bangladesh Demographic and Health Survey 2014. Dhaka  Bangladesh  and Rockville  Maryland  USA  NIPORT  Mitra and Associates  and ICF International. 2016,severe wasting (< -3 SD)
BGD,NT_ANT_WHZ_NE3,F,M36T47,_T,_T,_T,2014-09,2014,1.2701,0.6052,2.646,739.91015625,Bangladesh Demographic and Health Survey 2014. Dhaka  Bangladesh  and Rockville  Maryland  USA  NIPORT  Mitra and Associates  and ICF International. 2016,severe wasting (< -3 SD)
BGD,NT_ANT_WHZ_NE3,F,M42T47,_T,_T,_T,2014-09,2014,1.8556,0.7492,4.5217,372.332580566406,Bangladesh Demographic and Health Survey 2014. Dhaka  Bangladesh  and Rockville  Maryland  USA  NIPORT  Mitra and Associates  and ICF International. 2016,severe wasting (< -3 SD)
BGD,NT_ANT_WHZ_NE3,F,M48T53,_T,_T,_T,2014-09,2014,1.4273,0.5513,3.6443,356.516784667969,Bangladesh Demographic and Health Survey 2014. Dhaka  Bangladesh  and Rockville  Maryland  USA  NIPORT  Mitra and Associates  and ICF International. 2016,severe wasting (< -3 SD)
BGD,NT_ANT_WHZ_NE3,F,M48T59,_T,_T,_T,2014-09,2014,1.5114,0.7725,2.9363,660.068725585938,Bangladesh Demographic and Health Survey 2014. Dhaka  Bangladesh  and Rockville  Maryland  USA  NIPORT  Mitra and Associates  and ICF International. 2016,severe wasting (< -3 SD)
BGD,NT_ANT_WHZ_NE3,F,M54T59,_T,_T,_T,2014-09,2014,1.6102,0.6263,4.0763,303.551971435547,Bangladesh Demographic and Health Survey 2014. Dhaka  Bangladesh  and Rockville  Maryland  USA  NIPORT  Mitra and Associates  and ICF International. 2016,severe wasting (< -3 SD)
BGD,NT_ANT_WHZ_NE3,F,M6T11,_T,_T,_T,2014-09,2014,5.6595,2.2036,13.7716,419.66943359375,Bangladesh Demographic and Health Survey 2014. Dhaka  Bangladesh  and Rockville  Maryland  USA  NIPORT  Mitra and Associates  and ICF International. 2016,severe wasting (< -3 SD)
BGD,NT_ANT_WHZ_NE3,F,_T,_T,_T,_T,2014-09,2014,2.4759,1.8238,3.3531,3544.88671875,Bangladesh Demographic and Health Survey 2014. Dhaka  Bangladesh  and Rockville  Maryland  USA  NIPORT  Mitra and Associates  and ICF International. 2016,severe wasting (< -3 SD)
BGD,NT_ANT_WHZ_NE3,M,M0T11,_T,_T,_T,2014-09,2014,6.9872,4.8322,10.0022,806.041564941406,Bangladesh Demographic and Health Survey 2014. Dhaka  Bangladesh  and Rockville  Maryland  USA  NIPORT  Mitra and Associates  and ICF International. 2016,severe wasting (< -3 SD)
BGD,NT_ANT_WHZ_NE3,M,M0T23,_T,_T,_T,2014-09,2014,5.6991,4.3122,7.497,1608.87524414062,Bangladesh Demographic and Health Survey 2014. Dhaka  Bangladesh  and Rockville  Maryland  USA  NIPORT  Mitra and Associates  and ICF International. 2016,severe wasting (< -3 SD)
BGD,NT_ANT_WHZ_NE3,M,M0T5,_T,_T,_T,2014-09,2014,7.5804,4.7949,11.7838,369.025939941406,Bangladesh Demographic and Health Survey 2014. Dhaka  Bangladesh  and Rockville  Maryland  USA  NIPORT  Mitra and Associates  and ICF International. 2016,severe wasting (< -3 SD)
BGD,NT_ANT_WHZ_NE3,M,M12T17,_T,_T,_T,2014-09,2014,5.7821,3.6267,9.0976,439.770965576172,Bangladesh Demographic and Health Survey 2014. Dhaka  Bangladesh  and Rockville  Maryland  USA  NIPORT  Mitra and Associates  and ICF International. 2016,severe wasting (< -3 SD)
BGD,NT_ANT_WHZ_NE3,M,M12T23,_T,_T,_T,2014-09,2014,4.4058,3.0091,6.4079,802.833679199219,Bangladesh Demographic and Health Survey 2014. Dhaka  Bangladesh  and Rockville  Maryland  USA  NIPORT  Mitra and Associates  and ICF International. 2016,severe wasting (< -3 SD)
BGD,NT_ANT_WHZ_NE3,M,M18T23,_T,_T,_T,2014-09,2014,2.7387,1.4892,4.9836,363.062683105469,Bangladesh Demographic and Health Survey 2014. Dhaka  Bangladesh  and Rockville  Maryland  USA  NIPORT  Mitra and Associates  and ICF International. 2016,severe wasting (< -3 SD)
BGD,NT_ANT_WHZ_NE3,M,M24T29,_T,_T,_T,2014-09,2014,3.2949,1.7165,6.2328,349.342437744141,Bangladesh Demographic and Health Survey 2014. Dhaka  Bangladesh  and Rockville  Maryland  USA  NIPORT  Mitra and Associates  and ICF International. 2016,severe wasting (< -3 SD)
BGD,NT_ANT_WHZ_NE3,M,M24T35,_T,_T,_T,2014-09,2014,2.3872,1.4284,3.9636,732.057373046875,Bangladesh Demographic and Health Survey 2014. Dhaka  Bangladesh  and Rockville  Maryland  USA  NIPORT  Mitra and Associates  and ICF International. 2016,severe wasting (< -3 SD)
BGD,NT_ANT_WHZ_NE3,M,M24T59,_T,_T,_T,2014-09,2014,2.614,1.8715,3.6403,2207.55004882812,Bangladesh Demographic and Health Survey 2014. Dhaka  Bangladesh  and Rockville  Maryland  USA  NIPORT  Mitra and Associates  and ICF International. 2016,severe wasting (< -3 SD)
BGD,NT_ANT_WHZ_NE3,M,M30T35,_T,_T,_T,2014-09,2014,1.5586,0.6738,3.5637,382.714935302734,Bangladesh Demographic and Health Survey 2014. Dhaka  Bangladesh  and Rockville  Maryland  USA  NIPORT  Mitra and Associates  and ICF International. 2016,severe wasting (< -3 SD)
BGD,NT_ANT_WHZ_NE3,M,M36T41,_T,_T,_T,2014-09,2014,2.0702,1.0212,4.1514,350.896240234375,Bangladesh Demographic and Health Survey 2014. Dhaka  Bangladesh  and Rockville  Maryland  USA  NIPORT  Mitra and Associates  and ICF International. 2016,severe wasting (< -3 SD)
BGD,NT_ANT_WHZ_NE3,M,M36T47,_T,_T,_T,2014-09,2014,2.1033,1.1968,3.6712,744.919311523438,Bangladesh Demographic and Health Survey 2014. Dhaka  Bangladesh  and Rockville  Maryland  USA  NIPORT  Mitra and Associates  and ICF International. 2016,severe wasting (< -3 SD)
BGD,NT_ANT_WHZ_NE3,M,M42T47,_T,_T,_T,2014-09,2014,2.1329,0.9309,4.8116,394.023101806641,Bangladesh Demographic and Health Survey 2014. Dhaka  Bangladesh  and Rockville  Maryland  USA  NIPORT  Mitra and Associates  and ICF International. 2016,severe wasting (< -3 SD)
BGD,NT_ANT_WHZ_NE3,M,M48T53,_T,_T,_T,2014-09,2014,5.061,2.644,9.4723,406.266571044922,Bangladesh Demographic and Health Survey 2014. Dhaka  Bangladesh  and Rockville  Maryland  USA  NIPORT  Mitra and Associates  and ICF International. 2016,severe wasting (< -3 SD)
BGD,NT_ANT_WHZ_NE3,M,M48T59,_T,_T,_T,2014-09,2014,3.3621,1.9201,5.8229,730.573425292969,Bangladesh Demographic and Health Survey 2014. Dhaka  Bangladesh  and Rockville  Maryland  USA  NIPORT  Mitra and Associates  and ICF International. 2016,severe wasting (< -3 SD)
BGD,NT_ANT_WHZ_NE3,M,M54T59,_T,_T,_T,2014-09,2014,1.2339,0.489,3.0785,324.306884765625,Bangladesh Demographic and Health Survey 2014. Dhaka  Bangladesh  and Rockville  Maryland  USA  NIPORT  Mitra and Associates  and ICF International. 2016,severe wasting (< -3 SD)
BGD,NT_ANT_WHZ_NE3,M,M6T11,_T,_T,_T,2014-09,2014,6.4863,3.9804,10.399,437.015655517578,Bangladesh Demographic and Health Survey 2014. Dhaka  Bangladesh  and Rockville  Maryland  USA  NIPORT  Mitra and Associates  and ICF International. 2016,severe wasting (< -3 SD)
BGD,NT_ANT_WHZ_NE3,M,_T,_T,_T,_T,2014-09,2014,3.9203,3.1448,4.8774,3824.13012695312,Bangladesh Demographic and Health Survey 2014. Dhaka  Bangladesh  and Rockville  Maryland  USA  NIPORT  Mitra and Associates  and ICF International. 2016,severe wasting (< -3 SD)
BGD,NT_ANT_WHZ_NE3,_T,M0T11,_T,_T,_T,2014-09,2014,6.0246,4.2398,8.494,1500.15454101562,Bangladesh Demographic and Health Survey 2014. Dhaka  Bangladesh  and Rockville  Maryland  USA  NIPORT  Mitra and Associates  and ICF International. 2016,severe wasting (< -3 SD)
BGD,NT_ANT_WHZ_NE3,_T,M0T23,_T,_T,_T,2014-09,2014,4.761,3.7069,6.096,3033.55224609375,Bangladesh Demographic and Health Survey 2014. Dhaka  Bangladesh  and Rockville  Maryland  USA  NIPORT  Mitra and Associates  and ICF International. 2016,severe wasting (< -3 SD)
BGD,NT_ANT_WHZ_NE3,_T,M0T5,_T,_T,_T,2014-09,2014,5.9491,4.1193,8.5196,643.469421386719,Bangladesh Demographic and Health Survey 2014. Dhaka  Bangladesh  and Rockville  Maryland  USA  NIPORT  Mitra and Associates  and ICF International. 2016,severe wasting (< -3 SD)
BGD,NT_ANT_WHZ_NE3,_T,M12T17,_T,_T,_T,2014-09,2014,4.8735,3.3591,7.021,792.982299804688,Bangladesh Demographic and Health Survey 2014. Dhaka  Bangladesh  and Rockville  Maryland  USA  NIPORT  Mitra and Associates  and ICF International. 2016,severe wasting (< -3 SD)
BGD,NT_ANT_WHZ_NE3,_T,M12T23,_T,_T,_T,2014-09,2014,3.5249,2.6057,4.7526,1533.39770507812,Bangladesh Demographic and Health Survey 2014. Dhaka  Bangladesh  and Rockville  Maryland  USA  NIPORT  Mitra and Associates  and ICF International. 2016,severe wasting (< -3 SD)
BGD,NT_ANT_WHZ_NE3,_T,M18T23,_T,_T,_T,2014-09,2014,2.0805,1.3118,3.2847,740.415466308594,Bangladesh Demographic and Health Survey 2014. Dhaka  Bangladesh  and Rockville  Maryland  USA  NIPORT  Mitra and Associates  and ICF International. 2016,severe wasting (< -3 SD)
BGD,NT_ANT_WHZ_NE3,_T,M24T29,_T,_T,_T,2014-09,2014,3.1701,1.9809,5.0367,701.0703125,Bangladesh Demographic and Health Survey 2014. Dhaka  Bangladesh  and Rockville  Maryland  USA  NIPORT  Mitra and Associates  and ICF International. 2016,severe wasting (< -3 SD)
BGD,NT_ANT_WHZ_NE3,_T,M24T35,_T,_T,_T,2014-09,2014,2.2911,1.5883,3.2946,1446.10034179688,Bangladesh Demographic and Health Survey 2014. Dhaka  Bangladesh  and Rockville  Maryland  USA  NIPORT  Mitra and Associates  and ICF International. 2016,severe wasting (< -3 SD)
BGD,NT_ANT_WHZ_NE3,_T,M24T59,_T,_T,_T,2014-09,2014,2.1459,1.6622,2.7665,4321.57177734375,Bangladesh Demographic and Health Survey 2014. Dhaka  Bangladesh  and Rockville  Maryland  USA  NIPORT  Mitra and Associates  and ICF International. 2016,severe wasting (< -3 SD)
BGD,NT_ANT_WHZ_NE3,_T,M30T35,_T,_T,_T,2014-09,2014,1.4639,0.8165,2.6113,745.029968261719,Bangladesh Demographic and Health Survey 2014. Dhaka  Bangladesh  and Rockville  Maryland  USA  NIPORT  Mitra and Associates  and ICF International. 2016,severe wasting (< -3 SD)
BGD,NT_ANT_WHZ_NE3,_T,M36T41,_T,_T,_T,2014-09,2014,1.3574,0.7418,2.4715,718.473815917969,Bangladesh Demographic and Health Survey 2014. Dhaka  Bangladesh  and Rockville  Maryland  USA  NIPORT  Mitra and Associates  and ICF International. 2016,severe wasting (< -3 SD)
BGD,NT_ANT_WHZ_NE3,_T,M36T47,_T,_T,_T,2014-09,2014,1.6881,1.0797,2.6303,1484.82946777344,Bangladesh Demographic and Health Survey 2014. Dhaka  Bangladesh  and Rockville  Maryland  USA  NIPORT  Mitra and Associates  and ICF International. 2016,severe wasting (< -3 SD)
BGD,NT_ANT_WHZ_NE3,_T,M42T47,_T,_T,_T,2014-09,2014,1.9982,1.0872,3.6445,766.355651855469,Bangladesh Demographic and Health Survey 2014. Dhaka  Bangladesh  and Rockville  Maryland  USA  NIPORT  Mitra and Associates  and ICF International. 2016,severe wasting (< -3 SD)
BGD,NT_ANT_WHZ_NE3,_T,M48T53,_T,_T,_T,2014-09,2014,3.3627,1.9537,5.7284,762.783325195312,Bangladesh Demographic and Health Survey 2014. Dhaka  Bangladesh  and Rockville  Maryland  USA  NIPORT  Mitra and Associates  and ICF International. 2016,severe wasting (< -3 SD)
BGD,NT_ANT_WHZ_NE3,_T,M48T59,_T,_T,_T,2014-09,2014,2.4837,1.6076,3.8188,1390.64221191406,Bangladesh Demographic and Health Survey 2014. Dhaka  Bangladesh  and Rockville  Maryland  USA  NIPORT  Mitra and Associates  and ICF International. 2016,severe wasting (< -3 SD)
BGD,NT_ANT_WHZ_NE3,_T,M54T59,_T,_T,_T,2014-09,2014,1.4158,0.7301,2.728,627.858825683594,Bangladesh Demographic and Health Survey 2014. Dhaka  Bangladesh  and Rockville  Maryland  USA  NIPORT  Mitra and Associates  and ICF International. 2016,severe wasting (< -3 SD)
BGD,NT_ANT_WHZ_NE3,_T,M6T11,_T,_T,_T,2014-09,2014,6.0812,3.5432,10.2443,856.68505859375,Bangladesh Demographic and Health Survey 2014. Dhaka  Bangladesh  and Rockville  Maryland  USA  NIPORT  Mitra and Associates  and ICF International. 2016,severe wasting (< -3 SD)
BGD,NT_ANT_WHZ_NE3,_T,_T,B20,R,_T,2014-09,2014,3.6512,2.606,5.0938,1544.79663085938,Bangladesh Demographic and Health Survey 2014. Dhaka  Bangladesh  and Rockville  Maryland  USA  NIPORT  Mitra and Associates  and ICF International. 2016,severe wasting (< -3 SD)
BGD,NT_ANT_WHZ_NE3,_T,_T,B20,U,_T,2014-09,2014,4.2166,2.0765,8.3736,133.615203857422,Bangladesh Demographic and Health Survey 2014. Dhaka  Bangladesh  and Rockville  Maryland  USA  NIPORT  Mitra and Associates  and ICF International. 2016,severe wasting (< -3 SD)
BGD,NT_ANT_WHZ_NE3,_T,_T,B40,R,_T,2014-09,2014,3.7039,2.946,4.6476,2833.91479492188,Bangladesh Demographic and Health Survey 2014. Dhaka  Bangladesh  and Rockville  Maryland  USA  NIPORT  Mitra and Associates  and ICF International. 2016,severe wasting (< -3 SD)
BGD,NT_ANT_WHZ_NE3,_T,_T,B40,U,_T,2014-09,2014,3.5807,2.1039,6.0303,242.253997802734,Bangladesh Demographic and Health Survey 2014. Dhaka  Bangladesh  and Rockville  Maryland  USA  NIPORT  Mitra and Associates  and ICF International. 2016,severe wasting (< -3 SD)
BGD,NT_ANT_WHZ_NE3,_T,_T,B60,R,_T,2014-09,2014,3.5342,2.8177,4.4244,4078.36157226562,Bangladesh Demographic and Health Survey 2014. Dhaka  Bangladesh  and Rockville  Maryland  USA  NIPORT  Mitra and Associates  and ICF International. 2016,severe wasting (< -3 SD)
BGD,NT_ANT_WHZ_NE3,_T,_T,B60,U,_T,2014-09,2014,2.5535,1.5054,4.2996,465.677307128906,Bangladesh Demographic and Health Survey 2014. Dhaka  Bangladesh  and Rockville  Maryland  USA  NIPORT  Mitra and Associates  and ICF International. 2016,severe wasting (< -3 SD)
BGD,NT_ANT_WHZ_NE3,_T,_T,B80,R,_T,2014-09,2014,3.2536,2.6006,4.0638,5035.58740234375,Bangladesh Demographic and Health Survey 2014. Dhaka  Bangladesh  and Rockville  Maryland  USA  NIPORT  Mitra and Associates  and ICF International. 2016,severe wasting (< -3 SD)
BGD,NT_ANT_WHZ_NE3,_T,_T,B80,U,_T,2014-09,2014,3.2871,2.2489,4.7812,980.008911132812,Bangladesh Demographic and Health Survey 2014. Dhaka  Bangladesh  and Rockville  Maryland  USA  NIPORT  Mitra and Associates  and ICF International. 2016,severe wasting (< -3 SD)
BGD,NT_ANT_WHZ_NE3,_T,_T,Q1,R,_T,2014-09,2014,3.6512,2.606,5.0938,1544.79663085938,Bangladesh Demographic and Health Survey 2014. Dhaka  Bangladesh  and Rockville  Maryland  USA  NIPORT  Mitra and Associates  and ICF International. 2016,severe wasting (< -3 SD)
BGD,NT_ANT_WHZ_NE3,_T,_T,Q1,U,_T,2014-09,2014,4.2166,2.0765,8.3736,133.615203857422,Bangladesh Demographic and Health Survey 2014. Dhaka  Bangladesh  and Rockville  Maryland  USA  NIPORT  Mitra and Associates  and ICF International. 2016,severe wasting (< -3 SD)
BGD,NT_ANT_WHZ_NE3,_T,_T,Q1,_T,_T,2014-09,2014,3.6962,2.7024,5.0366,1678.41186523438,Bangladesh Demographic and Health Survey 2014. Dhaka  Bangladesh  and Rockville  Maryland  USA  NIPORT  Mitra and Associates  and ICF International. 2016,severe wasting (< -3 SD)
BGD,NT_ANT_WHZ_NE3,_T,_T,Q2,R,_T,2014-09,2014,3.7671,2.7754,5.0946,1289.11804199219,Bangladesh Demographic and Health Survey 2014. Dhaka  Bangladesh  and Rockville  Maryland  USA  NIPORT  Mitra and Associates  and ICF International. 2016,severe wasting (< -3 SD)
BGD,NT_ANT_WHZ_NE3,_T,_T,Q2,U,_T,2014-09,2014,2.7986,1.3851,5.573,108.638809204102,Bangladesh Demographic and Health Survey 2014. Dhaka  Bangladesh  and Rockville  Maryland  USA  NIPORT  Mitra and Associates  and ICF International. 2016,severe wasting (< -3 SD)
BGD,NT_ANT_WHZ_NE3,_T,_T,Q2,_T,_T,2014-09,2014,3.6918,2.7629,4.9173,1397.7568359375,Bangladesh Demographic and Health Survey 2014. Dhaka  Bangladesh  and Rockville  Maryland  USA  NIPORT  Mitra and Associates  and ICF International. 2016,severe wasting (< -3 SD)
BGD,NT_ANT_WHZ_NE3,_T,_T,Q3,R,_T,2014-09,2014,3.1475,2.05,4.8039,1244.44689941406,Bangladesh Demographic and Health Survey 2014. Dhaka  Bangladesh  and Rockville  Maryland  USA  NIPORT  Mitra and Associates  and ICF International. 2016,severe wasting (< -3 SD)
BGD,NT_ANT_WHZ_NE3,_T,_T,Q3,U,_T,2014-09,2014,1.4398,0.4925,4.1333,223.423294067383,Bangladesh Demographic and Health Survey 2014. Dhaka  Bangladesh  and Rockville  Maryland  USA  NIPORT  Mitra and Associates  and ICF International. 2016,severe wasting (< -3 SD)
BGD,NT_ANT_WHZ_NE3,_T,_T,Q3,_T,_T,2014-09,2014,2.8876,1.9317,4.2959,1467.8701171875,Bangladesh Demographic and Health Survey 2014. Dhaka  Bangladesh  and Rockville  Maryland  USA  NIPORT  Mitra and Associates  and ICF International. 2016,severe wasting (< -3 SD)
BGD,NT_ANT_WHZ_NE3,_T,_T,Q4,R,_T,2014-09,2014,2.0583,1.0839,3.8743,957.225708007812,Bangladesh Demographic and Health Survey 2014. Dhaka  Bangladesh  and Rockville  Maryland  USA  NIPORT  Mitra and Associates  and ICF International. 2016,severe wasting (< -3 SD)
BGD,NT_ANT_WHZ_NE3,_T,_T,Q4,U,_T,2014-09,2014,3.9513,2.3627,6.5367,514.331604003906,Bangladesh Demographic and Health Survey 2014. Dhaka  Bangladesh  and Rockville  Maryland  USA  NIPORT  Mitra and Associates  and ICF International. 2016,severe wasting (< -3 SD)
BGD,NT_ANT_WHZ_NE3,_T,_T,Q4,_T,_T,2014-09,2014,2.72,1.8056,4.078,1471.55737304688,Bangladesh Demographic and Health Survey 2014. Dhaka  Bangladesh  and Rockville  Maryland  USA  NIPORT  Mitra and Associates  and ICF International. 2016,severe wasting (< -3 SD)
BGD,NT_ANT_WHZ_NE3,_T,_T,Q5,R,_T,2014-09,2014,2.2869,0.8166,6.238,492.141479492188,Bangladesh Demographic and Health Survey 2014. Dhaka  Bangladesh  and Rockville  Maryland  USA  NIPORT  Mitra and Associates  and ICF International. 2016,severe wasting (< -3 SD)
BGD,NT_ANT_WHZ_NE3,_T,_T,Q5,U,_T,2014-09,2014,3.527,2.1788,5.6613,861.279113769531,Bangladesh Demographic and Health Survey 2014. Dhaka  Bangladesh  and Rockville  Maryland  USA  NIPORT  Mitra and Associates  and ICF International. 2016,severe wasting (< -3 SD)
BGD,NT_ANT_WHZ_NE3,_T,_T,Q5,_T,_T,2014-09,2014,3.0761,1.9669,4.7802,1353.42053222656,Bangladesh Demographic and Health Survey 2014. Dhaka  Bangladesh  and Rockville  Maryland  USA  NIPORT  Mitra and Associates  and ICF International. 2016,severe wasting (< -3 SD)
BGD,NT_ANT_WHZ_NE3,_T,_T,R20,R,_T,2014-09,2014,2.2869,0.8166,6.238,492.141479492188,Bangladesh Demographic and Health Survey 2014. Dhaka  Bangladesh  and Rockville  Maryland  USA  NIPORT  Mitra and Associates  and ICF International. 2016,severe wasting (< -3 SD)
BGD,NT_ANT_WHZ_NE3,_T,_T,R20,U,_T,2014-09,2014,3.527,2.1788,5.6613,861.279113769531,Bangladesh Demographic and Health Survey 2014. Dhaka  Bangladesh  and Rockville  Maryland  USA  NIPORT  Mitra and Associates  and ICF International. 2016,severe wasting (< -3 SD)
BGD,NT_ANT_WHZ_NE3,_T,_T,R40,R,_T,2014-09,2014,2.1359,1.0277,4.3861,1449.3671875,Bangladesh Demographic and Health Survey 2014. Dhaka  Bangladesh  and Rockville  Maryland  USA  NIPORT  Mitra and Associates  and ICF International. 2016,severe wasting (< -3 SD)
BGD,NT_ANT_WHZ_NE3,_T,_T,R40,U,_T,2014-09,2014,3.6857,2.4713,5.4633,1375.61071777344,Bangladesh Demographic and Health Survey 2014. Dhaka  Bangladesh  and Rockville  Maryland  USA  NIPORT  Mitra and Associates  and ICF International. 2016,severe wasting (< -3 SD)
BGD,NT_ANT_WHZ_NE3,_T,_T,R60,R,_T,2014-09,2014,2.6033,1.757,3.8412,2693.81396484375,Bangladesh Demographic and Health Survey 2014. Dhaka  Bangladesh  and Rockville  Maryland  USA  NIPORT  Mitra and Associates  and ICF International. 2016,severe wasting (< -3 SD)
BGD,NT_ANT_WHZ_NE3,_T,_T,R60,U,_T,2014-09,2014,3.3719,2.301,4.916,1599.03405761719,Bangladesh Demographic and Health Survey 2014. Dhaka  Bangladesh  and Rockville  Maryland  USA  NIPORT  Mitra and Associates  and ICF International. 2016,severe wasting (< -3 SD)
BGD,NT_ANT_WHZ_NE3,_T,_T,R80,R,_T,2014-09,2014,2.98,2.2925,3.8654,3982.93212890625,Bangladesh Demographic and Health Survey 2014. Dhaka  Bangladesh  and Rockville  Maryland  USA  NIPORT  Mitra and Associates  and ICF International. 2016,severe wasting (< -3 SD)
BGD,NT_ANT_WHZ_NE3,_T,_T,R80,U,_T,2014-09,2014,3.3354,2.3164,4.7808,1707.6728515625,Bangladesh Demographic and Health Survey 2014. Dhaka  Bangladesh  and Rockville  Maryland  USA  NIPORT  Mitra and Associates  and ICF International. 2016,severe wasting (< -3 SD)
BGD,NT_ANT_WHZ_NE3,_T,_T,_T,R,_T,2014-09,2014,3.1676,2.4849,4.03,5527.72900390625,Bangladesh Demographic and Health Survey 2014. Dhaka  Bangladesh  and Rockville  Maryland  USA  NIPORT  Mitra and Associates  and ICF International. 2016,severe wasting (< -3 SD)
BGD,NT_ANT_WHZ_NE3,_T,_T,_T,U,_T,2014-09,2014,3.3993,2.4206,4.7545,1841.2880859375,Bangladesh Demographic and Health Survey 2014. Dhaka  Bangladesh  and Rockville  Maryland  USA  NIPORT  Mitra and Associates  and ICF International. 2016,severe wasting (< -3 SD)
BGD,NT_ANT_WHZ_NE3,_T,_T,_T,_T,_T,2014-09,2014,3.2255,2.6421,3.9324,7369.0166015625,Bangladesh Demographic and Health Survey 2014. Dhaka  Bangladesh  and Rockville  Maryland  USA  NIPORT  Mitra and Associates  and ICF International. 2016,severe wasting (< -3 SD)
BGD,NT_ANT_WHZ_NE3,_T,_T,_T,_T,AGG_0_1,2014-09,2014,3.3655,2.606,4.3366,3172.52758789062,Bangladesh Demographic and Health Survey 2014. Dhaka  Bangladesh  and Rockville  Maryland  USA  NIPORT  Mitra and Associates  and ICF International. 2016,severe wasting (< -3 SD)
BGD,NT_ANT_WHZ_NE3,_T,_T,_T,_T,AGG_2_3,2014-09,2014,3.0062,2.249,4.0081,3316.57495117188,Bangladesh Demographic and Health Survey 2014. Dhaka  Bangladesh  and Rockville  Maryland  USA  NIPORT  Mitra and Associates  and ICF International. 2016,severe wasting (< -3 SD)
BGD,NT_ANT_WHZ_NE3,_T,_T,_T,_T,AGG_3S_H,2014-09,2014,3.0963,2.2981,4.1598,3985.28442382812,Bangladesh Demographic and Health Survey 2014. Dhaka  Bangladesh  and Rockville  Maryland  USA  NIPORT  Mitra and Associates  and ICF International. 2016,severe wasting (< -3 SD)
BGD,NT_ANT_WHZ_NE3,_T,_T,_T,_T,AGG_5T8,2014-09,2014,3.5429,2.0548,6.0422,668.709594726562,Bangladesh Demographic and Health Survey 2014. Dhaka  Bangladesh  and Rockville  Maryland  USA  NIPORT  Mitra and Associates  and ICF International. 2016,severe wasting (< -3 SD)
BGD,NT_ANT_WHZ_NE3,_T,_T,_T,_T,ISCED11A_01,2014-09,2014,2.9534,1.6893,5.1142,1170.6279296875,Bangladesh Demographic and Health Survey 2014. Dhaka  Bangladesh  and Rockville  Maryland  USA  NIPORT  Mitra and Associates  and ICF International. 2016,severe wasting (< -3 SD)
BGD,NT_ANT_WHZ_NE3,_T,_T,_T,_T,ISCED11_1,2014-09,2014,3.6065,2.7892,4.6519,2001.89965820312,Bangladesh Demographic and Health Survey 2014. Dhaka  Bangladesh  and Rockville  Maryland  USA  NIPORT  Mitra and Associates  and ICF International. 2016,severe wasting (< -3 SD)
BGD,NT_ANT_WHZ_NE3,_T,_T,_T,_T,_T,2015-03,2015,4.3,,,,Bangladesh Integrated Household Survey (BIHS) 2015. Washington  DC  International Food Policy Research Institute (IFPRI),severe wasting (< -3 SD)
BGD,NT_ANT_WHZ_NE3,F,_T,_T,_T,_T,2015-11,2015,2,,,,State of food security and nutrition in Bangladesh 2015,severe wasting (< -3 SD)
BGD,NT_ANT_WHZ_NE3,M,_T,_T,_T,_T,2015-11,2015,2,,,,State of food security and nutrition in Bangladesh 2015,severe wasting (< -3 SD)
BGD,NT_ANT_WHZ_NE3,_T,_T,_T,_T,_T,2015-11,2015,2,,,,State of food security and nutrition in Bangladesh 2015,severe wasting (< -3 SD)
BGD,NT_ANT_WHZ_NE3,F,M0T11,_T,_T,_T,2018,2017-18,1.4896,0.8395,2.6298,800.120056152344,Bangladesh Demographic and Health Survey 2017-18. Dhaka  Bangladesh  and Rockville  Maryland  USA  NIPORT and ICF,severe wasting (< -3 SD)
BGD,NT_ANT_WHZ_NE3,F,M0T23,_T,_T,_T,2018,2017-18,1.3607,0.8848,2.0872,1629.84155273438,Bangladesh Demographic and Health Survey 2017-18. Dhaka  Bangladesh  and Rockville  Maryland  USA  NIPORT and ICF,severe wasting (< -3 SD)
BGD,NT_ANT_WHZ_NE3,F,M0T5,_T,_T,_T,2018,2017-18,2.4057,1.2815,4.4713,437.859161376953,Bangladesh Demographic and Health Survey 2017-18. Dhaka  Bangladesh  and Rockville  Maryland  USA  NIPORT and ICF,severe wasting (< -3 SD)
BGD,NT_ANT_WHZ_NE3,F,M12T17,_T,_T,_T,2018,2017-18,1.3809,0.5567,3.3838,418.293029785156,Bangladesh Demographic and Health Survey 2017-18. Dhaka  Bangladesh  and Rockville  Maryland  USA  NIPORT and ICF,severe wasting (< -3 SD)
BGD,NT_ANT_WHZ_NE3,F,M12T23,_T,_T,_T,2018,2017-18,1.2365,0.6333,2.4004,829.721557617188,Bangladesh Demographic and Health Survey 2017-18. Dhaka  Bangladesh  and Rockville  Maryland  USA  NIPORT and ICF,severe wasting (< -3 SD)
BGD,NT_ANT_WHZ_NE3,F,M18T23,_T,_T,_T,2018,2017-18,1.0896,0.405,2.898,411.428527832031,Bangladesh Demographic and Health Survey 2017-18. Dhaka  Bangladesh  and Rockville  Maryland  USA  NIPORT and ICF,severe wasting (< -3 SD)
BGD,NT_ANT_WHZ_NE3,F,M24T29,_T,_T,_T,2018,2017-18,1.8997,0.8728,4.0853,381.164703369141,Bangladesh Demographic and Health Survey 2017-18. Dhaka  Bangladesh  and Rockville  Maryland  USA  NIPORT and ICF,severe wasting (< -3 SD)
BGD,NT_ANT_WHZ_NE3,F,M24T35,_T,_T,_T,2018,2017-18,2.4395,1.3289,4.4366,734.786926269531,Bangladesh Demographic and Health Survey 2017-18. Dhaka  Bangladesh  and Rockville  Maryland  USA  NIPORT and ICF,severe wasting (< -3 SD)
BGD,NT_ANT_WHZ_NE3,F,M24T59,_T,_T,_T,2018,2017-18,1.1994,0.7512,1.9098,2251.54614257812,Bangladesh Demographic and Health Survey 2017-18. Dhaka  Bangladesh  and Rockville  Maryland  USA  NIPORT and ICF,severe wasting (< -3 SD)
BGD,NT_ANT_WHZ_NE3,F,M30T35,_T,_T,_T,2018,2017-18,3.0214,1.3483,6.6312,353.622192382812,Bangladesh Demographic and Health Survey 2017-18. Dhaka  Bangladesh  and Rockville  Maryland  USA  NIPORT and ICF,severe wasting (< -3 SD)
BGD,NT_ANT_WHZ_NE3,F,M36T41,_T,_T,_T,2018,2017-18,1.144,0.4587,2.8238,397.438568115234,Bangladesh Demographic and Health Survey 2017-18. Dhaka  Bangladesh  and Rockville  Maryland  USA  NIPORT and ICF,severe wasting (< -3 SD)
BGD,NT_ANT_WHZ_NE3,F,M36T47,_T,_T,_T,2018,2017-18,0.7307,0.3176,1.6724,737.499877929688,Bangladesh Demographic and Health Survey 2017-18. Dhaka  Bangladesh  and Rockville  Maryland  USA  NIPORT and ICF,severe wasting (< -3 SD)
BGD,NT_ANT_WHZ_NE3,F,M42T47,_T,_T,_T,2018,2017-18,0.2477,0.0346,1.7515,340.061279296875,Bangladesh Demographic and Health Survey 2017-18. Dhaka  Bangladesh  and Rockville  Maryland  USA  NIPORT and ICF,severe wasting (< -3 SD)
BGD,NT_ANT_WHZ_NE3,F,M48T53,_T,_T,_T,2018,2017-18,0.5854,0.1299,2.5969,365.573883056641,Bangladesh Demographic and Health Survey 2017-18. Dhaka  Bangladesh  and Rockville  Maryland  USA  NIPORT and ICF,severe wasting (< -3 SD)
BGD,NT_ANT_WHZ_NE3,F,M48T59,_T,_T,_T,2018,2017-18,0.4736,0.1446,1.5398,779.259399414062,Bangladesh Demographic and Health Survey 2017-18. Dhaka  Bangladesh  and Rockville  Maryland  USA  NIPORT and ICF,severe wasting (< -3 SD)
BGD,NT_ANT_WHZ_NE3,F,M54T59,_T,_T,_T,2018,2017-18,0.3749,0.0525,2.6268,413.685546875,Bangladesh Demographic and Health Survey 2017-18. Dhaka  Bangladesh  and Rockville  Maryland  USA  NIPORT and ICF,severe wasting (< -3 SD)
BGD,NT_ANT_WHZ_NE3,F,M6T11,_T,_T,_T,2018,2017-18,0.3823,0.1201,1.2095,362.260894775391,Bangladesh Demographic and Health Survey 2017-18. Dhaka  Bangladesh  and Rockville  Maryland  USA  NIPORT and ICF,severe wasting (< -3 SD)
BGD,NT_ANT_WHZ_NE3,F,_T,_T,_T,_T,2018,2017-18,1.2644,0.902,1.7698,3889.8251953125,Bangladesh Demographic and Health Survey 2017-18. Dhaka  Bangladesh  and Rockville  Maryland  USA  NIPORT and ICF,severe wasting (< -3 SD)
BGD,NT_ANT_WHZ_NE3,M,M0T11,_T,_T,_T,2018,2017-18,1.8432,1.1511,2.939,896.068115234375,Bangladesh Demographic and Health Survey 2017-18. Dhaka  Bangladesh  and Rockville  Maryland  USA  NIPORT and ICF,severe wasting (< -3 SD)
BGD,NT_ANT_WHZ_NE3,M,M0T23,_T,_T,_T,2018,2017-18,2.0617,1.4887,2.8489,1724.05932617188,Bangladesh Demographic and Health Survey 2017-18. Dhaka  Bangladesh  and Rockville  Maryland  USA  NIPORT and ICF,severe wasting (< -3 SD)
BGD,NT_ANT_WHZ_NE3,M,M0T5,_T,_T,_T,2018,2017-18,2.4172,1.3951,4.1567,461.161560058594,Bangladesh Demographic and Health Survey 2017-18. Dhaka  Bangladesh  and Rockville  Maryland  USA  NIPORT and ICF,severe wasting (< -3 SD)
BGD,NT_ANT_WHZ_NE3,M,M12T17,_T,_T,_T,2018,2017-18,2.4792,1.3509,4.507,439.852203369141,Bangladesh Demographic and Health Survey 2017-18. Dhaka  Bangladesh  and Rockville  Maryland  USA  NIPORT and ICF,severe wasting (< -3 SD)
BGD,NT_ANT_WHZ_NE3,M,M12T23,_T,_T,_T,2018,2017-18,2.2982,1.4551,3.612,827.991271972656,Bangladesh Demographic and Health Survey 2017-18. Dhaka  Bangladesh  and Rockville  Maryland  USA  NIPORT and ICF,severe wasting (< -3 SD)
BGD,NT_ANT_WHZ_NE3,M,M18T23,_T,_T,_T,2018,2017-18,2.0931,1.0228,4.2356,388.139038085938,Bangladesh Demographic and Health Survey 2017-18. Dhaka  Bangladesh  and Rockville  Maryland  USA  NIPORT and ICF,severe wasting (< -3 SD)
BGD,NT_ANT_WHZ_NE3,M,M24T29,_T,_T,_T,2018,2017-18,2.3899,1.348,4.2029,436.207092285156,Bangladesh Demographic and Health Survey 2017-18. Dhaka  Bangladesh  and Rockville  Maryland  USA  NIPORT and ICF,severe wasting (< -3 SD)
BGD,NT_ANT_WHZ_NE3,M,M24T35,_T,_T,_T,2018,2017-18,2.0735,1.2462,3.4308,853.657165527344,Bangladesh Demographic and Health Survey 2017-18. Dhaka  Bangladesh  and Rockville  Maryland  USA  NIPORT and ICF,severe wasting (< -3 SD)
BGD,NT_ANT_WHZ_NE3,M,M24T59,_T,_T,_T,2018,2017-18,1.3549,0.9329,1.9641,2490.33911132812,Bangladesh Demographic and Health Survey 2017-18. Dhaka  Bangladesh  and Rockville  Maryland  USA  NIPORT and ICF,severe wasting (< -3 SD)
BGD,NT_ANT_WHZ_NE3,M,M30T35,_T,_T,_T,2018,2017-18,1.7428,0.6811,4.3865,417.450073242188,Bangladesh Demographic and Health Survey 2017-18. Dhaka  Bangladesh  and Rockville  Maryland  USA  NIPORT and ICF,severe wasting (< -3 SD)
BGD,NT_ANT_WHZ_NE3,M,M36T41,_T,_T,_T,2018,2017-18,2.2481,1.0406,4.7889,436.066772460938,Bangladesh Demographic and Health Survey 2017-18. Dhaka  Bangladesh  and Rockville  Maryland  USA  NIPORT and ICF,severe wasting (< -3 SD)
BGD,NT_ANT_WHZ_NE3,M,M36T47,_T,_T,_T,2018,2017-18,1.2491,0.5896,2.6267,812.186706542969,Bangladesh Demographic and Health Survey 2017-18. Dhaka  Bangladesh  and Rockville  Maryland  USA  NIPORT and ICF,severe wasting (< -3 SD)
BGD,NT_ANT_WHZ_NE3,M,M42T47,_T,_T,_T,2018,2017-18,0.0908,0.0127,0.6465,376.119964599609,Bangladesh Demographic and Health Survey 2017-18. Dhaka  Bangladesh  and Rockville  Maryland  USA  NIPORT and ICF,severe wasting (< -3 SD)
BGD,NT_ANT_WHZ_NE3,M,M48T53,_T,_T,_T,2018,2017-18,0.6426,0.1947,2.0995,447.630950927734,Bangladesh Demographic and Health Survey 2017-18. Dhaka  Bangladesh  and Rockville  Maryland  USA  NIPORT and ICF,severe wasting (< -3 SD)
BGD,NT_ANT_WHZ_NE3,M,M48T59,_T,_T,_T,2018,2017-18,0.7153,0.3138,1.6224,824.495178222656,Bangladesh Demographic and Health Survey 2017-18. Dhaka  Bangladesh  and Rockville  Maryland  USA  NIPORT and ICF,severe wasting (< -3 SD)
BGD,NT_ANT_WHZ_NE3,M,M54T59,_T,_T,_T,2018,2017-18,0.8017,0.2557,2.4846,376.864227294922,Bangladesh Demographic and Health Survey 2017-18. Dhaka  Bangladesh  and Rockville  Maryland  USA  NIPORT and ICF,severe wasting (< -3 SD)
BGD,NT_ANT_WHZ_NE3,M,M6T11,_T,_T,_T,2018,2017-18,1.2345,0.5101,2.9572,434.906585693359,Bangladesh Demographic and Health Survey 2017-18. Dhaka  Bangladesh  and Rockville  Maryland  USA  NIPORT and ICF,severe wasting (< -3 SD)
BGD,NT_ANT_WHZ_NE3,M,_T,_T,_T,_T,2018,2017-18,1.6407,1.2731,2.1121,4223.1083984375,Bangladesh Demographic and Health Survey 2017-18. Dhaka  Bangladesh  and Rockville  Maryland  USA  NIPORT and ICF,severe wasting (< -3 SD)
BGD,NT_ANT_WHZ_NE3,_T,M0T11,_T,_T,_T,2018,2017-18,1.6764,1.1735,2.3896,1696.18823242188,Bangladesh Demographic and Health Survey 2017-18. Dhaka  Bangladesh  and Rockville  Maryland  USA  NIPORT and ICF,severe wasting (< -3 SD)
BGD,NT_ANT_WHZ_NE3,_T,M0T23,_T,_T,_T,2018,2017-18,1.7211,1.3264,2.2306,3353.90087890625,Bangladesh Demographic and Health Survey 2017-18. Dhaka  Bangladesh  and Rockville  Maryland  USA  NIPORT and ICF,severe wasting (< -3 SD)
BGD,NT_ANT_WHZ_NE3,_T,M0T5,_T,_T,_T,2018,2017-18,2.4116,1.5974,3.6255,899.020690917969,Bangladesh Demographic and Health Survey 2017-18. Dhaka  Bangladesh  and Rockville  Maryland  USA  NIPORT and ICF,severe wasting (< -3 SD)
BGD,NT_ANT_WHZ_NE3,_T,M12T17,_T,_T,_T,2018,2017-18,1.9439,1.174,3.2022,858.145202636719,Bangladesh Demographic and Health Survey 2017-18. Dhaka  Bangladesh  and Rockville  Maryland  USA  NIPORT and ICF,severe wasting (< -3 SD)
BGD,NT_ANT_WHZ_NE3,_T,M12T23,_T,_T,_T,2018,2017-18,1.7668,1.2098,2.5735,1657.71276855469,Bangladesh Demographic and Health Survey 2017-18. Dhaka  Bangladesh  and Rockville  Maryland  USA  NIPORT and ICF,severe wasting (< -3 SD)
BGD,NT_ANT_WHZ_NE3,_T,M18T23,_T,_T,_T,2018,2017-18,1.5767,0.8885,2.7832,799.567565917969,Bangladesh Demographic and Health Survey 2017-18. Dhaka  Bangladesh  and Rockville  Maryland  USA  NIPORT and ICF,severe wasting (< -3 SD)
BGD,NT_ANT_WHZ_NE3,_T,M24T29,_T,_T,_T,2018,2017-18,2.1613,1.3598,3.419,817.371826171875,Bangladesh Demographic and Health Survey 2017-18. Dhaka  Bangladesh  and Rockville  Maryland  USA  NIPORT and ICF,severe wasting (< -3 SD)
BGD,NT_ANT_WHZ_NE3,_T,M24T35,_T,_T,_T,2018,2017-18,2.2428,1.5099,3.3194,1588.44409179688,Bangladesh Demographic and Health Survey 2017-18. Dhaka  Bangladesh  and Rockville  Maryland  USA  NIPORT and ICF,severe wasting (< -3 SD)
BGD,NT_ANT_WHZ_NE3,_T,M24T59,_T,_T,_T,2018,2017-18,1.2811,0.9452,1.7342,4741.88525390625,Bangladesh Demographic and Health Survey 2017-18. Dhaka  Bangladesh  and Rockville  Maryland  USA  NIPORT and ICF,severe wasting (< -3 SD)
BGD,NT_ANT_WHZ_NE3,_T,M30T35,_T,_T,_T,2018,2017-18,2.3292,1.2629,4.2571,771.072265625,Bangladesh Demographic and Health Survey 2017-18. Dhaka  Bangladesh  and Rockville  Maryland  USA  NIPORT and ICF,severe wasting (< -3 SD)
BGD,NT_ANT_WHZ_NE3,_T,M36T41,_T,_T,_T,2018,2017-18,1.7216,0.9466,3.1113,833.505310058594,Bangladesh Demographic and Health Survey 2017-18. Dhaka  Bangladesh  and Rockville  Maryland  USA  NIPORT and ICF,severe wasting (< -3 SD)
BGD,NT_ANT_WHZ_NE3,_T,M36T47,_T,_T,_T,2018,2017-18,1.0024,0.5565,1.7989,1549.68664550781,Bangladesh Demographic and Health Survey 2017-18. Dhaka  Bangladesh  and Rockville  Maryland  USA  NIPORT and ICF,severe wasting (< -3 SD)
BGD,NT_ANT_WHZ_NE3,_T,M42T47,_T,_T,_T,2018,2017-18,0.1653,0.0365,0.7446,716.181274414062,Bangladesh Demographic and Health Survey 2017-18. Dhaka  Bangladesh  and Rockville  Maryland  USA  NIPORT and ICF,severe wasting (< -3 SD)
BGD,NT_ANT_WHZ_NE3,_T,M48T53,_T,_T,_T,2018,2017-18,0.6169,0.1759,2.14,813.204833984375,Bangladesh Demographic and Health Survey 2017-18. Dhaka  Bangladesh  and Rockville  Maryland  USA  NIPORT and ICF,severe wasting (< -3 SD)
BGD,NT_ANT_WHZ_NE3,_T,M48T59,_T,_T,_T,2018,2017-18,0.5979,0.2669,1.3338,1603.75463867188,Bangladesh Demographic and Health Survey 2017-18. Dhaka  Bangladesh  and Rockville  Maryland  USA  NIPORT and ICF,severe wasting (< -3 SD)
BGD,NT_ANT_WHZ_NE3,_T,M54T59,_T,_T,_T,2018,2017-18,0.5783,0.2112,1.5738,790.549743652344,Bangladesh Demographic and Health Survey 2017-18. Dhaka  Bangladesh  and Rockville  Maryland  USA  NIPORT and ICF,severe wasting (< -3 SD)
BGD,NT_ANT_WHZ_NE3,_T,M6T11,_T,_T,_T,2018,2017-18,0.8472,0.4048,1.7645,797.16748046875,Bangladesh Demographic and Health Survey 2017-18. Dhaka  Bangladesh  and Rockville  Maryland  USA  NIPORT and ICF,severe wasting (< -3 SD)
BGD,NT_ANT_WHZ_NE3,_T,_T,B20,R,_T,2018,2017-18,1.5335,0.9979,2.3499,1599.28405761719,Bangladesh Demographic and Health Survey 2017-18. Dhaka  Bangladesh  and Rockville  Maryland  USA  NIPORT and ICF,severe wasting (< -3 SD)
BGD,NT_ANT_WHZ_NE3,_T,_T,B20,U,_T,2018,2017-18,2.8893,1.7135,4.8324,198.872055053711,Bangladesh Demographic and Health Survey 2017-18. Dhaka  Bangladesh  and Rockville  Maryland  USA  NIPORT and ICF,severe wasting (< -3 SD)
BGD,NT_ANT_WHZ_NE3,_T,_T,B40,R,_T,2018,2017-18,1.1884,0.8384,1.682,3138.91943359375,Bangladesh Demographic and Health Survey 2017-18. Dhaka  Bangladesh  and Rockville  Maryland  USA  NIPORT and ICF,severe wasting (< -3 SD)
BGD,NT_ANT_WHZ_NE3,_T,_T,B40,U,_T,2018,2017-18,2.9602,1.7752,4.8968,341.011169433594,Bangladesh Demographic and Health Survey 2017-18. Dhaka  Bangladesh  and Rockville  Maryland  USA  NIPORT and ICF,severe wasting (< -3 SD)
BGD,NT_ANT_WHZ_NE3,_T,_T,B60,R,_T,2018,2017-18,1.2769,0.9568,1.7022,4436.92138671875,Bangladesh Demographic and Health Survey 2017-18. Dhaka  Bangladesh  and Rockville  Maryland  USA  NIPORT and ICF,severe wasting (< -3 SD)
BGD,NT_ANT_WHZ_NE3,_T,_T,B60,U,_T,2018,2017-18,2.1324,1.3359,3.3875,603.132568359375,Bangladesh Demographic and Health Survey 2017-18. Dhaka  Bangladesh  and Rockville  Maryland  USA  NIPORT and ICF,severe wasting (< -3 SD)
BGD,NT_ANT_WHZ_NE3,_T,_T,B80,R,_T,2018,2017-18,1.325,1.0208,1.7182,5450.45703125,Bangladesh Demographic and Health Survey 2017-18. Dhaka  Bangladesh  and Rockville  Maryland  USA  NIPORT and ICF,severe wasting (< -3 SD)
BGD,NT_ANT_WHZ_NE3,_T,_T,B80,U,_T,2018,2017-18,1.9226,1.2917,2.8528,1196.2119140625,Bangladesh Demographic and Health Survey 2017-18. Dhaka  Bangladesh  and Rockville  Maryland  USA  NIPORT and ICF,severe wasting (< -3 SD)
BGD,NT_ANT_WHZ_NE3,_T,_T,Q1,R,_T,2018,2017-18,1.5335,0.9979,2.3499,1599.28405761719,Bangladesh Demographic and Health Survey 2017-18. Dhaka  Bangladesh  and Rockville  Maryland  USA  NIPORT and ICF,severe wasting (< -3 SD)
BGD,NT_ANT_WHZ_NE3,_T,_T,Q1,U,_T,2018,2017-18,2.8893,1.7135,4.8324,198.872055053711,Bangladesh Demographic and Health Survey 2017-18. Dhaka  Bangladesh  and Rockville  Maryland  USA  NIPORT and ICF,severe wasting (< -3 SD)
BGD,NT_ANT_WHZ_NE3,_T,_T,Q1,_T,_T,2018,2017-18,1.6835,1.1709,2.415,1798.15612792969,Bangladesh Demographic and Health Survey 2017-18. Dhaka  Bangladesh  and Rockville  Maryland  USA  NIPORT and ICF,severe wasting (< -3 SD)
BGD,NT_ANT_WHZ_NE3,_T,_T,Q2,R,_T,2018,2017-18,0.8299,0.4637,1.481,1539.63537597656,Bangladesh Demographic and Health Survey 2017-18. Dhaka  Bangladesh  and Rockville  Maryland  USA  NIPORT and ICF,severe wasting (< -3 SD)
BGD,NT_ANT_WHZ_NE3,_T,_T,Q2,U,_T,2018,2017-18,3.0594,1.2592,7.2441,142.139114379883,Bangladesh Demographic and Health Survey 2017-18. Dhaka  Bangladesh  and Rockville  Maryland  USA  NIPORT and ICF,severe wasting (< -3 SD)
BGD,NT_ANT_WHZ_NE3,_T,_T,Q2,_T,_T,2018,2017-18,1.0183,0.6203,1.6676,1681.77453613281,Bangladesh Demographic and Health Survey 2017-18. Dhaka  Bangladesh  and Rockville  Maryland  USA  NIPORT and ICF,severe wasting (< -3 SD)
BGD,NT_ANT_WHZ_NE3,_T,_T,Q3,R,_T,2018,2017-18,1.4907,0.915,2.4198,1298.001953125,Bangladesh Demographic and Health Survey 2017-18. Dhaka  Bangladesh  and Rockville  Maryland  USA  NIPORT and ICF,severe wasting (< -3 SD)
BGD,NT_ANT_WHZ_NE3,_T,_T,Q3,U,_T,2018,2017-18,1.0555,0.3359,3.2663,262.121368408203,Bangladesh Demographic and Health Survey 2017-18. Dhaka  Bangladesh  and Rockville  Maryland  USA  NIPORT and ICF,severe wasting (< -3 SD)
BGD,NT_ANT_WHZ_NE3,_T,_T,Q3,_T,_T,2018,2017-18,1.4176,0.9041,2.2162,1560.12329101562,Bangladesh Demographic and Health Survey 2017-18. Dhaka  Bangladesh  and Rockville  Maryland  USA  NIPORT and ICF,severe wasting (< -3 SD)
BGD,NT_ANT_WHZ_NE3,_T,_T,Q4,R,_T,2018,2017-18,1.5356,0.8644,2.7138,1013.53558349609,Bangladesh Demographic and Health Survey 2017-18. Dhaka  Bangladesh  and Rockville  Maryland  USA  NIPORT and ICF,severe wasting (< -3 SD)
BGD,NT_ANT_WHZ_NE3,_T,_T,Q4,U,_T,2018,2017-18,1.7093,0.859,3.3729,593.079406738281,Bangladesh Demographic and Health Survey 2017-18. Dhaka  Bangladesh  and Rockville  Maryland  USA  NIPORT and ICF,severe wasting (< -3 SD)
BGD,NT_ANT_WHZ_NE3,_T,_T,Q4,_T,_T,2018,2017-18,1.5997,1.0301,2.4766,1606.61499023438,Bangladesh Demographic and Health Survey 2017-18. Dhaka  Bangladesh  and Rockville  Maryland  USA  NIPORT and ICF,severe wasting (< -3 SD)
BGD,NT_ANT_WHZ_NE3,_T,_T,Q5,R,_T,2018,2017-18,1.8645,0.7027,4.853,554.306091308594,Bangladesh Demographic and Health Survey 2017-18. Dhaka  Bangladesh  and Rockville  Maryland  USA  NIPORT and ICF,severe wasting (< -3 SD)
BGD,NT_ANT_WHZ_NE3,_T,_T,Q5,U,_T,2018,2017-18,1.4167,0.7128,2.7962,911.958312988281,Bangladesh Demographic and Health Survey 2017-18. Dhaka  Bangladesh  and Rockville  Maryland  USA  NIPORT and ICF,severe wasting (< -3 SD)
BGD,NT_ANT_WHZ_NE3,_T,_T,Q5,_T,_T,2018,2017-18,1.586,0.8923,2.8038,1466.26440429688,Bangladesh Demographic and Health Survey 2017-18. Dhaka  Bangladesh  and Rockville  Maryland  USA  NIPORT and ICF,severe wasting (< -3 SD)
BGD,NT_ANT_WHZ_NE3,_T,_T,R20,R,_T,2018,2017-18,1.8645,0.7027,4.853,554.306091308594,Bangladesh Demographic and Health Survey 2017-18. Dhaka  Bangladesh  and Rockville  Maryland  USA  NIPORT and ICF,severe wasting (< -3 SD)
BGD,NT_ANT_WHZ_NE3,_T,_T,R20,U,_T,2018,2017-18,1.4167,0.7128,2.7962,911.958312988281,Bangladesh Demographic and Health Survey 2017-18. Dhaka  Bangladesh  and Rockville  Maryland  USA  NIPORT and ICF,severe wasting (< -3 SD)
BGD,NT_ANT_WHZ_NE3,_T,_T,R40,R,_T,2018,2017-18,1.6519,0.9811,2.7685,1567.84167480469,Bangladesh Demographic and Health Survey 2017-18. Dhaka  Bangladesh  and Rockville  Maryland  USA  NIPORT and ICF,severe wasting (< -3 SD)
BGD,NT_ANT_WHZ_NE3,_T,_T,R40,U,_T,2018,2017-18,1.532,0.9503,2.461,1505.03771972656,Bangladesh Demographic and Health Survey 2017-18. Dhaka  Bangladesh  and Rockville  Maryland  USA  NIPORT and ICF,severe wasting (< -3 SD)
BGD,NT_ANT_WHZ_NE3,_T,_T,R60,R,_T,2018,2017-18,1.5789,1.0954,2.271,2865.84375,Bangladesh Demographic and Health Survey 2017-18. Dhaka  Bangladesh  and Rockville  Maryland  USA  NIPORT and ICF,severe wasting (< -3 SD)
BGD,NT_ANT_WHZ_NE3,_T,_T,R60,U,_T,2018,2017-18,1.4613,0.9431,2.258,1767.15905761719,Bangladesh Demographic and Health Survey 2017-18. Dhaka  Bangladesh  and Rockville  Maryland  USA  NIPORT and ICF,severe wasting (< -3 SD)
BGD,NT_ANT_WHZ_NE3,_T,_T,R80,R,_T,2018,2017-18,1.3171,0.9602,1.8043,4405.47900390625,Bangladesh Demographic and Health Survey 2017-18. Dhaka  Bangladesh  and Rockville  Maryland  USA  NIPORT and ICF,severe wasting (< -3 SD)
BGD,NT_ANT_WHZ_NE3,_T,_T,R80,U,_T,2018,2017-18,1.5803,1.0658,2.3373,1909.29821777344,Bangladesh Demographic and Health Survey 2017-18. Dhaka  Bangladesh  and Rockville  Maryland  USA  NIPORT and ICF,severe wasting (< -3 SD)
BGD,NT_ANT_WHZ_NE3,_T,_T,_T,R,_T,2018,2017-18,1.3748,1.065,1.7731,6004.76318359375,Bangladesh Demographic and Health Survey 2017-18. Dhaka  Bangladesh  and Rockville  Maryland  USA  NIPORT and ICF,severe wasting (< -3 SD)
BGD,NT_ANT_WHZ_NE3,_T,_T,_T,U,_T,2018,2017-18,1.7038,1.204,2.4061,2108.17016601562,Bangladesh Demographic and Health Survey 2017-18. Dhaka  Bangladesh  and Rockville  Maryland  USA  NIPORT and ICF,severe wasting (< -3 SD)
BGD,NT_ANT_WHZ_NE3,_T,_T,_T,_T,_T,2018,2017-18,1.4603,1.1879,1.794,8112.93359375,Bangladesh Demographic and Health Survey 2017-18. Dhaka  Bangladesh  and Rockville  Maryland  USA  NIPORT and ICF,severe wasting (< -3 SD)
BGD,NT_ANT_WHZ_NE3,_T,_T,_T,_T,AGG_0_1,2018,2017-18,1.6042,1.1821,2.1736,2797.76342773438,Bangladesh Demographic and Health Survey 2017-18. Dhaka  Bangladesh  and Rockville  Maryland  USA  NIPORT and ICF,severe wasting (< -3 SD)
BGD,NT_ANT_WHZ_NE3,_T,_T,_T,_T,AGG_2_3,2018,2017-18,1.6277,1.2056,2.1944,3812.93798828125,Bangladesh Demographic and Health Survey 2017-18. Dhaka  Bangladesh  and Rockville  Maryland  USA  NIPORT and ICF,severe wasting (< -3 SD)
BGD,NT_ANT_WHZ_NE3,_T,_T,_T,_T,AGG_3S_H,2018,2017-18,1.4322,1.0867,1.8855,5007.4775390625,Bangladesh Demographic and Health Survey 2017-18. Dhaka  Bangladesh  and Rockville  Maryland  USA  NIPORT and ICF,severe wasting (< -3 SD)
BGD,NT_ANT_WHZ_NE3,_T,_T,_T,_T,AGG_5T8,2018,2017-18,0.8083,0.412,1.5795,1194.53942871094,Bangladesh Demographic and Health Survey 2017-18. Dhaka  Bangladesh  and Rockville  Maryland  USA  NIPORT and ICF,severe wasting (< -3 SD)
BGD,NT_ANT_WHZ_NE3,_T,_T,_T,_T,ISCED11A_01,2018,2017-18,1.7671,0.9102,3.4031,560.257629394531,Bangladesh Demographic and Health Survey 2017-18. Dhaka  Bangladesh  and Rockville  Maryland  USA  NIPORT and ICF,severe wasting (< -3 SD)
BGD,NT_ANT_WHZ_NE3,_T,_T,_T,_T,ISCED11_1,2018,2017-18,1.5634,1.0959,2.2259,2237.505859375,Bangladesh Demographic and Health Survey 2017-18. Dhaka  Bangladesh  and Rockville  Maryland  USA  NIPORT and ICF,severe wasting (< -3 SD)
BGD,NT_ANT_WHZ_NE3,_T,_T,_T,_T,_T,2019-01,2018-19,1.8214,,,,Bangladesh Integrated Household Survey (BIHS) 2018-2019. Washington  DC  IFPRI. 2020,severe wasting (< -3 SD)
BGD,NT_ANT_WHZ_NE3,F,M0T11,_T,_T,_T,2019-03,2019,3.0312,2.2822,4.0159,2076.11499023438,Bangladesh Multiple Indicator Cluster Survey 2019  Survey Findings Report. Dhaka  Bangladesh  Bangladesh Bureau of Statistics (BBS),severe wasting (< -3 SD)
BGD,NT_ANT_WHZ_NE3,F,M0T23,_T,_T,_T,2019-03,2019,2.4867,2.0055,3.0797,4184.607421875,Bangladesh Multiple Indicator Cluster Survey 2019  Survey Findings Report. Dhaka  Bangladesh  Bangladesh Bureau of Statistics (BBS),severe wasting (< -3 SD)
BGD,NT_ANT_WHZ_NE3,F,M0T5,_T,_T,_T,2019-03,2019,3.8883,2.7278,5.5146,1067.87768554688,Bangladesh Multiple Indicator Cluster Survey 2019  Survey Findings Report. Dhaka  Bangladesh  Bangladesh Bureau of Statistics (BBS),severe wasting (< -3 SD)
BGD,NT_ANT_WHZ_NE3,F,M12T17,_T,_T,_T,2019-03,2019,1.9994,1.2967,3.071,1141.5302734375,Bangladesh Multiple Indicator Cluster Survey 2019  Survey Findings Report. Dhaka  Bangladesh  Bangladesh Bureau of Statistics (BBS),severe wasting (< -3 SD)
BGD,NT_ANT_WHZ_NE3,F,M12T23,_T,_T,_T,2019-03,2019,1.9505,1.399,2.7135,2108.4921875,Bangladesh Multiple Indicator Cluster Survey 2019  Survey Findings Report. Dhaka  Bangladesh  Bangladesh Bureau of Statistics (BBS),severe wasting (< -3 SD)
BGD,NT_ANT_WHZ_NE3,F,M18T23,_T,_T,_T,2019-03,2019,1.8928,1.1222,3.1756,966.9619140625,Bangladesh Multiple Indicator Cluster Survey 2019  Survey Findings Report. Dhaka  Bangladesh  Bangladesh Bureau of Statistics (BBS),severe wasting (< -3 SD)
BGD,NT_ANT_WHZ_NE3,F,M24T29,_T,_T,_T,2019-03,2019,2.7915,1.8558,4.179,1056.06384277344,Bangladesh Multiple Indicator Cluster Survey 2019  Survey Findings Report. Dhaka  Bangladesh  Bangladesh Bureau of Statistics (BBS),severe wasting (< -3 SD)
BGD,NT_ANT_WHZ_NE3,F,M24T35,_T,_T,_T,2019-03,2019,2.0167,1.4266,2.8437,2029.56762695312,Bangladesh Multiple Indicator Cluster Survey 2019  Survey Findings Report. Dhaka  Bangladesh  Bangladesh Bureau of Statistics (BBS),severe wasting (< -3 SD)
BGD,NT_ANT_WHZ_NE3,F,M24T59,_T,_T,_T,2019-03,2019,1.7487,1.4182,2.1545,6377.9091796875,Bangladesh Multiple Indicator Cluster Survey 2019  Survey Findings Report. Dhaka  Bangladesh  Bangladesh Bureau of Statistics (BBS),severe wasting (< -3 SD)
BGD,NT_ANT_WHZ_NE3,F,M30T35,_T,_T,_T,2019-03,2019,1.1761,0.6344,2.1701,973.503845214844,Bangladesh Multiple Indicator Cluster Survey 2019  Survey Findings Report. Dhaka  Bangladesh  Bangladesh Bureau of Statistics (BBS),severe wasting (< -3 SD)
BGD,NT_ANT_WHZ_NE3,F,M36T41,_T,_T,_T,2019-03,2019,1.4373,0.8517,2.4158,1169.7294921875,Bangladesh Multiple Indicator Cluster Survey 2019  Survey Findings Report. Dhaka  Bangladesh  Bangladesh Bureau of Statistics (BBS),severe wasting (< -3 SD)
BGD,NT_ANT_WHZ_NE3,F,M36T47,_T,_T,_T,2019-03,2019,1.4854,0.9996,2.2018,2220.9580078125,Bangladesh Multiple Indicator Cluster Survey 2019  Survey Findings Report. Dhaka  Bangladesh  Bangladesh Bureau of Statistics (BBS),severe wasting (< -3 SD)
BGD,NT_ANT_WHZ_NE3,F,M42T47,_T,_T,_T,2019-03,2019,1.5388,0.8435,2.7914,1051.228515625,Bangladesh Multiple Indicator Cluster Survey 2019  Survey Findings Report. Dhaka  Bangladesh  Bangladesh Bureau of Statistics (BBS),severe wasting (< -3 SD)
BGD,NT_ANT_WHZ_NE3,F,M48T53,_T,_T,_T,2019-03,2019,1.5607,0.9077,2.6708,1113.47509765625,Bangladesh Multiple Indicator Cluster Survey 2019  Survey Findings Report. Dhaka  Bangladesh  Bangladesh Bureau of Statistics (BBS),severe wasting (< -3 SD)
BGD,NT_ANT_WHZ_NE3,F,M48T59,_T,_T,_T,2019-03,2019,1.768,1.2172,2.5616,2127.38354492188,Bangladesh Multiple Indicator Cluster Survey 2019  Survey Findings Report. Dhaka  Bangladesh  Bangladesh Bureau of Statistics (BBS),severe wasting (< -3 SD)
BGD,NT_ANT_WHZ_NE3,F,M54T59,_T,_T,_T,2019-03,2019,1.9956,1.1858,3.3398,1013.90838623047,Bangladesh Multiple Indicator Cluster Survey 2019  Survey Findings Report. Dhaka  Bangladesh  Bangladesh Bureau of Statistics (BBS),severe wasting (< -3 SD)
BGD,NT_ANT_WHZ_NE3,F,M6T11,_T,_T,_T,2019-03,2019,2.1234,1.3192,3.4009,1008.23742675781,Bangladesh Multiple Indicator Cluster Survey 2019  Survey Findings Report. Dhaka  Bangladesh  Bangladesh Bureau of Statistics (BBS),severe wasting (< -3 SD)
BGD,NT_ANT_WHZ_NE3,F,_T,_T,_T,_T,2019-03,2019,2.0411,1.7494,2.3802,10562.5166015625,Bangladesh Multiple Indicator Cluster Survey 2019  Survey Findings Report. Dhaka  Bangladesh  Bangladesh Bureau of Statistics (BBS),severe wasting (< -3 SD)
BGD,NT_ANT_WHZ_NE3,M,M0T11,_T,_T,_T,2019-03,2019,3.379,2.6521,4.2964,2305.75732421875,Bangladesh Multiple Indicator Cluster Survey 2019  Survey Findings Report. Dhaka  Bangladesh  Bangladesh Bureau of Statistics (BBS),severe wasting (< -3 SD)
BGD,NT_ANT_WHZ_NE3,M,M0T23,_T,_T,_T,2019-03,2019,3.0981,2.5878,3.7053,4502.00439453125,Bangladesh Multiple Indicator Cluster Survey 2019  Survey Findings Report. Dhaka  Bangladesh  Bangladesh Bureau of Statistics (BBS),severe wasting (< -3 SD)
BGD,NT_ANT_WHZ_NE3,M,M0T5,_T,_T,_T,2019-03,2019,4.0941,3.0348,5.5021,1165.7607421875,Bangladesh Multiple Indicator Cluster Survey 2019  Survey Findings Report. Dhaka  Bangladesh  Bangladesh Bureau of Statistics (BBS),severe wasting (< -3 SD)
BGD,NT_ANT_WHZ_NE3,M,M12T17,_T,_T,_T,2019-03,2019,2.12,1.4025,3.1927,1174.77490234375,Bangladesh Multiple Indicator Cluster Survey 2019  Survey Findings Report. Dhaka  Bangladesh  Bangladesh Bureau of Statistics (BBS),severe wasting (< -3 SD)
BGD,NT_ANT_WHZ_NE3,M,M12T23,_T,_T,_T,2019-03,2019,2.8033,2.1393,3.6656,2196.24682617188,Bangladesh Multiple Indicator Cluster Survey 2019  Survey Findings Report. Dhaka  Bangladesh  Bangladesh Bureau of Statistics (BBS),severe wasting (< -3 SD)
BGD,NT_ANT_WHZ_NE3,M,M18T23,_T,_T,_T,2019-03,2019,3.5891,2.5035,5.1207,1021.47192382812,Bangladesh Multiple Indicator Cluster Survey 2019  Survey Findings Report. Dhaka  Bangladesh  Bangladesh Bureau of Statistics (BBS),severe wasting (< -3 SD)
BGD,NT_ANT_WHZ_NE3,M,M24T29,_T,_T,_T,2019-03,2019,2.3977,1.5475,3.6975,1168.45422363281,Bangladesh Multiple Indicator Cluster Survey 2019  Survey Findings Report. Dhaka  Bangladesh  Bangladesh Bureau of Statistics (BBS),severe wasting (< -3 SD)
BGD,NT_ANT_WHZ_NE3,M,M24T35,_T,_T,_T,2019-03,2019,2.0347,1.4587,2.8315,2292.23901367188,Bangladesh Multiple Indicator Cluster Survey 2019  Survey Findings Report. Dhaka  Bangladesh  Bangladesh Bureau of Statistics (BBS),severe wasting (< -3 SD)
BGD,NT_ANT_WHZ_NE3,M,M24T59,_T,_T,_T,2019-03,2019,2.0376,1.6793,2.4703,6946.951171875,Bangladesh Multiple Indicator Cluster Survey 2019  Survey Findings Report. Dhaka  Bangladesh  Bangladesh Bureau of Statistics (BBS),severe wasting (< -3 SD)
BGD,NT_ANT_WHZ_NE3,M,M30T35,_T,_T,_T,2019-03,2019,1.6572,1.0019,2.7293,1123.78466796875,Bangladesh Multiple Indicator Cluster Survey 2019  Survey Findings Report. Dhaka  Bangladesh  Bangladesh Bureau of Statistics (BBS),severe wasting (< -3 SD)
BGD,NT_ANT_WHZ_NE3,M,M36T41,_T,_T,_T,2019-03,2019,2.5544,1.7096,3.8005,1243.28234863281,Bangladesh Multiple Indicator Cluster Survey 2019  Survey Findings Report. Dhaka  Bangladesh  Bangladesh Bureau of Statistics (BBS),severe wasting (< -3 SD)
BGD,NT_ANT_WHZ_NE3,M,M36T47,_T,_T,_T,2019-03,2019,2.31,1.6934,3.1438,2358.23022460938,Bangladesh Multiple Indicator Cluster Survey 2019  Survey Findings Report. Dhaka  Bangladesh  Bangladesh Bureau of Statistics (BBS),severe wasting (< -3 SD)
BGD,NT_ANT_WHZ_NE3,M,M42T47,_T,_T,_T,2019-03,2019,2.0375,1.2441,3.3196,1114.94787597656,Bangladesh Multiple Indicator Cluster Survey 2019  Survey Findings Report. Dhaka  Bangladesh  Bangladesh Bureau of Statistics (BBS),severe wasting (< -3 SD)
BGD,NT_ANT_WHZ_NE3,M,M48T53,_T,_T,_T,2019-03,2019,1.3919,0.8421,2.2922,1253.57397460938,Bangladesh Multiple Indicator Cluster Survey 2019  Survey Findings Report. Dhaka  Bangladesh  Bangladesh Bureau of Statistics (BBS),severe wasting (< -3 SD)
BGD,NT_ANT_WHZ_NE3,M,M48T59,_T,_T,_T,2019-03,2019,1.7607,1.2564,2.4625,2296.48168945312,Bangladesh Multiple Indicator Cluster Survey 2019  Survey Findings Report. Dhaka  Bangladesh  Bangladesh Bureau of Statistics (BBS),severe wasting (< -3 SD)
BGD,NT_ANT_WHZ_NE3,M,M54T59,_T,_T,_T,2019-03,2019,2.2041,1.3988,3.4568,1042.90783691406,Bangladesh Multiple Indicator Cluster Survey 2019  Survey Findings Report. Dhaka  Bangladesh  Bangladesh Bureau of Statistics (BBS),severe wasting (< -3 SD)
BGD,NT_ANT_WHZ_NE3,M,M6T11,_T,_T,_T,2019-03,2019,2.6477,1.7507,3.9856,1139.99658203125,Bangladesh Multiple Indicator Cluster Survey 2019  Survey Findings Report. Dhaka  Bangladesh  Bangladesh Bureau of Statistics (BBS),severe wasting (< -3 SD)
BGD,NT_ANT_WHZ_NE3,M,_T,_T,_T,_T,2019-03,2019,2.4546,2.1477,2.8042,11448.955078125,Bangladesh Multiple Indicator Cluster Survey 2019  Survey Findings Report. Dhaka  Bangladesh  Bangladesh Bureau of Statistics (BBS),severe wasting (< -3 SD)
BGD,NT_ANT_WHZ_NE3,_T,M0T11,_T,_T,_T,2019-03,2019,3.2142,2.6595,3.8801,4381.87255859375,Bangladesh Multiple Indicator Cluster Survey 2019  Survey Findings Report. Dhaka  Bangladesh  Bangladesh Bureau of Statistics (BBS),severe wasting (< -3 SD)
BGD,NT_ANT_WHZ_NE3,_T,M0T23,_T,_T,_T,2019-03,2019,2.8036,2.4375,3.2229,8686.611328125,Bangladesh Multiple Indicator Cluster Survey 2019  Survey Findings Report. Dhaka  Bangladesh  Bangladesh Bureau of Statistics (BBS),severe wasting (< -3 SD)
BGD,NT_ANT_WHZ_NE3,_T,M0T5,_T,_T,_T,2019-03,2019,3.9957,3.1778,5.0133,2233.63842773438,Bangladesh Multiple Indicator Cluster Survey 2019  Survey Findings Report. Dhaka  Bangladesh  Bangladesh Bureau of Statistics (BBS),severe wasting (< -3 SD)
BGD,NT_ANT_WHZ_NE3,_T,M12T17,_T,_T,_T,2019-03,2019,2.0606,1.5294,2.7711,2316.30517578125,Bangladesh Multiple Indicator Cluster Survey 2019  Survey Findings Report. Dhaka  Bangladesh  Bangladesh Bureau of Statistics (BBS),severe wasting (< -3 SD)
BGD,NT_ANT_WHZ_NE3,_T,M12T23,_T,_T,_T,2019-03,2019,2.3856,1.9376,2.934,4304.7392578125,Bangladesh Multiple Indicator Cluster Survey 2019  Survey Findings Report. Dhaka  Bangladesh  Bangladesh Bureau of Statistics (BBS),severe wasting (< -3 SD)
BGD,NT_ANT_WHZ_NE3,_T,M18T23,_T,_T,_T,2019-03,2019,2.7642,2.0632,3.6944,1988.43383789062,Bangladesh Multiple Indicator Cluster Survey 2019  Survey Findings Report. Dhaka  Bangladesh  Bangladesh Bureau of Statistics (BBS),severe wasting (< -3 SD)
BGD,NT_ANT_WHZ_NE3,_T,M24T29,_T,_T,_T,2019-03,2019,2.5847,1.9204,3.4707,2224.51806640625,Bangladesh Multiple Indicator Cluster Survey 2019  Survey Findings Report. Dhaka  Bangladesh  Bangladesh Bureau of Statistics (BBS),severe wasting (< -3 SD)
BGD,NT_ANT_WHZ_NE3,_T,M24T35,_T,_T,_T,2019-03,2019,2.0262,1.5804,2.5945,4321.806640625,Bangladesh Multiple Indicator Cluster Survey 2019  Survey Findings Report. Dhaka  Bangladesh  Bangladesh Bureau of Statistics (BBS),severe wasting (< -3 SD)
BGD,NT_ANT_WHZ_NE3,_T,M24T59,_T,_T,_T,2019-03,2019,1.8993,1.6427,2.1951,13324.8603515625,Bangladesh Multiple Indicator Cluster Survey 2019  Survey Findings Report. Dhaka  Bangladesh  Bangladesh Bureau of Statistics (BBS),severe wasting (< -3 SD)
BGD,NT_ANT_WHZ_NE3,_T,M30T35,_T,_T,_T,2019-03,2019,1.4339,0.9706,2.1135,2097.28857421875,Bangladesh Multiple Indicator Cluster Survey 2019  Survey Findings Report. Dhaka  Bangladesh  Bangladesh Bureau of Statistics (BBS),severe wasting (< -3 SD)
BGD,NT_ANT_WHZ_NE3,_T,M36T41,_T,_T,_T,2019-03,2019,2.0129,1.4676,2.755,2413.01171875,Bangladesh Multiple Indicator Cluster Survey 2019  Survey Findings Report. Dhaka  Bangladesh  Bangladesh Bureau of Statistics (BBS),severe wasting (< -3 SD)
BGD,NT_ANT_WHZ_NE3,_T,M36T47,_T,_T,_T,2019-03,2019,1.91,1.5013,2.4273,4579.1884765625,Bangladesh Multiple Indicator Cluster Survey 2019  Survey Findings Report. Dhaka  Bangladesh  Bangladesh Bureau of Statistics (BBS),severe wasting (< -3 SD)
BGD,NT_ANT_WHZ_NE3,_T,M42T47,_T,_T,_T,2019-03,2019,1.7955,1.2307,2.6125,2166.17651367188,Bangladesh Multiple Indicator Cluster Survey 2019  Survey Findings Report. Dhaka  Bangladesh  Bangladesh Bureau of Statistics (BBS),severe wasting (< -3 SD)
BGD,NT_ANT_WHZ_NE3,_T,M48T53,_T,_T,_T,2019-03,2019,1.4713,1.0188,2.1204,2367.04907226562,Bangladesh Multiple Indicator Cluster Survey 2019  Survey Findings Report. Dhaka  Bangladesh  Bangladesh Bureau of Statistics (BBS),severe wasting (< -3 SD)
BGD,NT_ANT_WHZ_NE3,_T,M48T59,_T,_T,_T,2019-03,2019,1.7642,1.3759,2.2596,4423.865234375,Bangladesh Multiple Indicator Cluster Survey 2019  Survey Findings Report. Dhaka  Bangladesh  Bangladesh Bureau of Statistics (BBS),severe wasting (< -3 SD)
BGD,NT_ANT_WHZ_NE3,_T,M54T59,_T,_T,_T,2019-03,2019,2.1013,1.4946,2.9469,2056.81640625,Bangladesh Multiple Indicator Cluster Survey 2019  Survey Findings Report. Dhaka  Bangladesh  Bangladesh Bureau of Statistics (BBS),severe wasting (< -3 SD)
BGD,NT_ANT_WHZ_NE3,_T,M6T11,_T,_T,_T,2019-03,2019,2.4016,1.7444,3.2982,2148.23388671875,Bangladesh Multiple Indicator Cluster Survey 2019  Survey Findings Report. Dhaka  Bangladesh  Bangladesh Bureau of Statistics (BBS),severe wasting (< -3 SD)
BGD,NT_ANT_WHZ_NE3,_T,_T,B20,R,_T,2019-03,2019,2.9451,2.4426,3.5472,4468.64453125,Bangladesh Multiple Indicator Cluster Survey 2019  Survey Findings Report. Dhaka  Bangladesh  Bangladesh Bureau of Statistics (BBS),severe wasting (< -3 SD)
BGD,NT_ANT_WHZ_NE3,_T,_T,B20,U,_T,2019-03,2019,0.7895,0.2088,2.9376,319.674133300781,Bangladesh Multiple Indicator Cluster Survey 2019  Survey Findings Report. Dhaka  Bangladesh  Bangladesh Bureau of Statistics (BBS),severe wasting (< -3 SD)
BGD,NT_ANT_WHZ_NE3,_T,_T,B40,R,_T,2019-03,2019,2.9071,2.5194,3.3524,8504.1767578125,Bangladesh Multiple Indicator Cluster Survey 2019  Survey Findings Report. Dhaka  Bangladesh  Bangladesh Bureau of Statistics (BBS),severe wasting (< -3 SD)
BGD,NT_ANT_WHZ_NE3,_T,_T,B40,U,_T,2019-03,2019,1.0113,0.471,2.158,629.731079101562,Bangladesh Multiple Indicator Cluster Survey 2019  Survey Findings Report. Dhaka  Bangladesh  Bangladesh Bureau of Statistics (BBS),severe wasting (< -3 SD)
BGD,NT_ANT_WHZ_NE3,_T,_T,B60,R,_T,2019-03,2019,2.6321,2.3279,2.9748,12133.9775390625,Bangladesh Multiple Indicator Cluster Survey 2019  Survey Findings Report. Dhaka  Bangladesh  Bangladesh Bureau of Statistics (BBS),severe wasting (< -3 SD)
BGD,NT_ANT_WHZ_NE3,_T,_T,B60,U,_T,2019-03,2019,1.9033,1.2197,2.9584,1135.97863769531,Bangladesh Multiple Indicator Cluster Survey 2019  Survey Findings Report. Dhaka  Bangladesh  Bangladesh Bureau of Statistics (BBS),severe wasting (< -3 SD)
BGD,NT_ANT_WHZ_NE3,_T,_T,B80,R,_T,2019-03,2019,2.419,2.1567,2.7123,15414.5341796875,Bangladesh Multiple Indicator Cluster Survey 2019  Survey Findings Report. Dhaka  Bangladesh  Bangladesh Bureau of Statistics (BBS),severe wasting (< -3 SD)
BGD,NT_ANT_WHZ_NE3,_T,_T,B80,U,_T,2019-03,2019,1.9188,1.379,2.6641,2162.71899414062,Bangladesh Multiple Indicator Cluster Survey 2019  Survey Findings Report. Dhaka  Bangladesh  Bangladesh Bureau of Statistics (BBS),severe wasting (< -3 SD)
BGD,NT_ANT_WHZ_NE3,_T,_T,Q1,R,_T,2019-03,2019,2.9451,2.4426,3.5472,4468.64453125,Bangladesh Multiple Indicator Cluster Survey 2019  Survey Findings Report. Dhaka  Bangladesh  Bangladesh Bureau of Statistics (BBS),severe wasting (< -3 SD)
BGD,NT_ANT_WHZ_NE3,_T,_T,Q1,U,_T,2019-03,2019,0.7895,0.2088,2.9376,319.674133300781,Bangladesh Multiple Indicator Cluster Survey 2019  Survey Findings Report. Dhaka  Bangladesh  Bangladesh Bureau of Statistics (BBS),severe wasting (< -3 SD)
BGD,NT_ANT_WHZ_NE3,_T,_T,Q1,_T,_T,2019-03,2019,2.8012,2.3262,3.3699,4788.31884765625,Bangladesh Multiple Indicator Cluster Survey 2019  Survey Findings Report. Dhaka  Bangladesh  Bangladesh Bureau of Statistics (BBS),severe wasting (< -3 SD)
BGD,NT_ANT_WHZ_NE3,_T,_T,Q2,R,_T,2019-03,2019,2.8649,2.3125,3.5446,4035.5322265625,Bangladesh Multiple Indicator Cluster Survey 2019  Survey Findings Report. Dhaka  Bangladesh  Bangladesh Bureau of Statistics (BBS),severe wasting (< -3 SD)
BGD,NT_ANT_WHZ_NE3,_T,_T,Q2,U,_T,2019-03,2019,1.24,0.4971,3.0586,310.056945800781,Bangladesh Multiple Indicator Cluster Survey 2019  Survey Findings Report. Dhaka  Bangladesh  Bangladesh Bureau of Statistics (BBS),severe wasting (< -3 SD)
BGD,NT_ANT_WHZ_NE3,_T,_T,Q2,_T,_T,2019-03,2019,2.749,2.2293,3.3856,4345.58935546875,Bangladesh Multiple Indicator Cluster Survey 2019  Survey Findings Report. Dhaka  Bangladesh  Bangladesh Bureau of Statistics (BBS),severe wasting (< -3 SD)
BGD,NT_ANT_WHZ_NE3,_T,_T,Q3,R,_T,2019-03,2019,1.9878,1.5539,2.5396,3629.80029296875,Bangladesh Multiple Indicator Cluster Survey 2019  Survey Findings Report. Dhaka  Bangladesh  Bangladesh Bureau of Statistics (BBS),severe wasting (< -3 SD)
BGD,NT_ANT_WHZ_NE3,_T,_T,Q3,U,_T,2019-03,2019,3.0129,1.732,5.1908,506.247528076172,Bangladesh Multiple Indicator Cluster Survey 2019  Survey Findings Report. Dhaka  Bangladesh  Bangladesh Bureau of Statistics (BBS),severe wasting (< -3 SD)
BGD,NT_ANT_WHZ_NE3,_T,_T,Q3,_T,_T,2019-03,2019,2.1133,1.6877,2.6433,4136.0478515625,Bangladesh Multiple Indicator Cluster Survey 2019  Survey Findings Report. Dhaka  Bangladesh  Bangladesh Bureau of Statistics (BBS),severe wasting (< -3 SD)
BGD,NT_ANT_WHZ_NE3,_T,_T,Q4,R,_T,2019-03,2019,1.6308,1.2053,2.2031,3280.55712890625,Bangladesh Multiple Indicator Cluster Survey 2019  Survey Findings Report. Dhaka  Bangladesh  Bangladesh Bureau of Statistics (BBS),severe wasting (< -3 SD)
BGD,NT_ANT_WHZ_NE3,_T,_T,Q4,U,_T,2019-03,2019,1.9359,1.1982,3.1135,1026.74035644531,Bangladesh Multiple Indicator Cluster Survey 2019  Survey Findings Report. Dhaka  Bangladesh  Bangladesh Bureau of Statistics (BBS),severe wasting (< -3 SD)
BGD,NT_ANT_WHZ_NE3,_T,_T,Q4,_T,_T,2019-03,2019,1.7035,1.3192,2.1973,4307.29736328125,Bangladesh Multiple Indicator Cluster Survey 2019  Survey Findings Report. Dhaka  Bangladesh  Bangladesh Bureau of Statistics (BBS),severe wasting (< -3 SD)
BGD,NT_ANT_WHZ_NE3,_T,_T,Q5,R,_T,2019-03,2019,1.6093,1.0632,2.4291,2010.53430175781,Bangladesh Multiple Indicator Cluster Survey 2019  Survey Findings Report. Dhaka  Bangladesh  Bangladesh Bureau of Statistics (BBS),severe wasting (< -3 SD)
BGD,NT_ANT_WHZ_NE3,_T,_T,Q5,U,_T,2019-03,2019,2.0584,1.414,2.9876,2423.68408203125,Bangladesh Multiple Indicator Cluster Survey 2019  Survey Findings Report. Dhaka  Bangladesh  Bangladesh Bureau of Statistics (BBS),severe wasting (< -3 SD)
BGD,NT_ANT_WHZ_NE3,_T,_T,Q5,_T,_T,2019-03,2019,1.8548,1.4022,2.4497,4434.21826171875,Bangladesh Multiple Indicator Cluster Survey 2019  Survey Findings Report. Dhaka  Bangladesh  Bangladesh Bureau of Statistics (BBS),severe wasting (< -3 SD)
BGD,NT_ANT_WHZ_NE3,_T,_T,R20,R,_T,2019-03,2019,1.6093,1.0632,2.4291,2010.53430175781,Bangladesh Multiple Indicator Cluster Survey 2019  Survey Findings Report. Dhaka  Bangladesh  Bangladesh Bureau of Statistics (BBS),severe wasting (< -3 SD)
BGD,NT_ANT_WHZ_NE3,_T,_T,R20,U,_T,2019-03,2019,2.0584,1.414,2.9876,2423.68408203125,Bangladesh Multiple Indicator Cluster Survey 2019  Survey Findings Report. Dhaka  Bangladesh  Bangladesh Bureau of Statistics (BBS),severe wasting (< -3 SD)
BGD,NT_ANT_WHZ_NE3,_T,_T,R40,R,_T,2019-03,2019,1.6226,1.2525,2.0998,5291.09130859375,Bangladesh Multiple Indicator Cluster Survey 2019  Survey Findings Report. Dhaka  Bangladesh  Bangladesh Bureau of Statistics (BBS),severe wasting (< -3 SD)
BGD,NT_ANT_WHZ_NE3,_T,_T,R40,U,_T,2019-03,2019,2.0219,1.4993,2.7217,3450.42456054688,Bangladesh Multiple Indicator Cluster Survey 2019  Survey Findings Report. Dhaka  Bangladesh  Bangladesh Bureau of Statistics (BBS),severe wasting (< -3 SD)
BGD,NT_ANT_WHZ_NE3,_T,_T,R60,R,_T,2019-03,2019,1.7712,1.4739,2.1272,8920.8916015625,Bangladesh Multiple Indicator Cluster Survey 2019  Survey Findings Report. Dhaka  Bangladesh  Bangladesh Bureau of Statistics (BBS),severe wasting (< -3 SD)
BGD,NT_ANT_WHZ_NE3,_T,_T,R60,U,_T,2019-03,2019,2.1487,1.6516,2.7913,3956.67211914062,Bangladesh Multiple Indicator Cluster Survey 2019  Survey Findings Report. Dhaka  Bangladesh  Bangladesh Bureau of Statistics (BBS),severe wasting (< -3 SD)
BGD,NT_ANT_WHZ_NE3,_T,_T,R80,R,_T,2019-03,2019,2.1119,1.8384,2.425,12956.423828125,Bangladesh Multiple Indicator Cluster Survey 2019  Survey Findings Report. Dhaka  Bangladesh  Bangladesh Bureau of Statistics (BBS),severe wasting (< -3 SD)
BGD,NT_ANT_WHZ_NE3,_T,_T,R80,U,_T,2019-03,2019,2.0827,1.613,2.6854,4266.72900390625,Bangladesh Multiple Indicator Cluster Survey 2019  Survey Findings Report. Dhaka  Bangladesh  Bangladesh Bureau of Statistics (BBS),severe wasting (< -3 SD)
BGD,NT_ANT_WHZ_NE3,_T,_T,_T,R,_T,2019-03,2019,2.3256,2.0769,2.6032,17425.068359375,Bangladesh Multiple Indicator Cluster Survey 2019  Survey Findings Report. Dhaka  Bangladesh  Bangladesh Bureau of Statistics (BBS),severe wasting (< -3 SD)
BGD,NT_ANT_WHZ_NE3,_T,_T,_T,U,_T,2019-03,2019,1.9925,1.5506,2.5572,4586.4033203125,Bangladesh Multiple Indicator Cluster Survey 2019  Survey Findings Report. Dhaka  Bangladesh  Bangladesh Bureau of Statistics (BBS),severe wasting (< -3 SD)
BGD,NT_ANT_WHZ_NE3,_T,_T,_T,_T,_T,2019-03,2019,2.2562,2.0351,2.5007,22011.47265625,Bangladesh Multiple Indicator Cluster Survey 2019  Survey Findings Report. Dhaka  Bangladesh  Bangladesh Bureau of Statistics (BBS),severe wasting (< -3 SD)
BGD,NT_ANT_WHZ_NE3,_T,_T,_T,_T,AGG_0_1,2019-03,2019,2.783,2.3914,3.2366,7669.61279296875,Bangladesh Multiple Indicator Cluster Survey 2019  Survey Findings Report. Dhaka  Bangladesh  Bangladesh Bureau of Statistics (BBS),severe wasting (< -3 SD)
BGD,NT_ANT_WHZ_NE3,_T,_T,_T,_T,AGG_3S_H,2019-03,2019,1.9744,1.7238,2.2607,14341.859375,Bangladesh Multiple Indicator Cluster Survey 2019  Survey Findings Report. Dhaka  Bangladesh  Bangladesh Bureau of Statistics (BBS),severe wasting (< -3 SD)
BGD,NT_ANT_WHZ_NE3,_T,_T,_T,_T,ISCED11A_01,2019-03,2019,2.9998,2.3212,3.869,2450.15698242188,Bangladesh Multiple Indicator Cluster Survey 2019  Survey Findings Report. Dhaka  Bangladesh  Bangladesh Bureau of Statistics (BBS),severe wasting (< -3 SD)
BGD,NT_ANT_WHZ_NE3,_T,_T,_T,_T,ISCED11_1,2019-03,2019,2.6812,2.222,3.2323,5219.45556640625,Bangladesh Multiple Indicator Cluster Survey 2019  Survey Findings Report. Dhaka  Bangladesh  Bangladesh Bureau of Statistics (BBS),severe wasting (< -3 SD)
BGD,NT_ANT_WHZ_NE3,F,M0T11,_T,_T,_T,2022,2022,1.683,0.7714,3.6325,455.033355712891,Bangladesh Demographic Health Survey 2022,severe wasting (< -3 SD)
BGD,NT_ANT_WHZ_NE3,F,M0T23,_T,_T,_T,2022,2022,1.1501,0.5783,2.2741,869.577514648438,Bangladesh Demographic Health Survey 2022,severe wasting (< -3 SD)
BGD,NT_ANT_WHZ_NE3,F,M0T5,_T,_T,_T,2022,2022,1.0416,0.3296,3.241,222.602340698242,Bangladesh Demographic Health Survey 2022,severe wasting (< -3 SD)
BGD,NT_ANT_WHZ_NE3,F,M12T17,_T,_T,_T,2022,2022,0.4104,0.0577,2.8549,194.221313476562,Bangladesh Demographic Health Survey 2022,severe wasting (< -3 SD)
BGD,NT_ANT_WHZ_NE3,F,M12T23,_T,_T,_T,2022,2022,0.5651,0.1312,2.3986,414.544189453125,Bangladesh Demographic Health Survey 2022,severe wasting (< -3 SD)
BGD,NT_ANT_WHZ_NE3,F,M18T23,_T,_T,_T,2022,2022,0.7014,0.0981,4.8355,220.322860717773,Bangladesh Demographic Health Survey 2022,severe wasting (< -3 SD)
BGD,NT_ANT_WHZ_NE3,F,M24T29,_T,_T,_T,2022,2022,1.7658,0.4932,6.12,192.305160522461,Bangladesh Demographic Health Survey 2022,severe wasting (< -3 SD)
BGD,NT_ANT_WHZ_NE3,F,M24T35,_T,_T,_T,2022,2022,1.8721,0.8405,4.1176,401.343292236328,Bangladesh Demographic Health Survey 2022,severe wasting (< -3 SD)
BGD,NT_ANT_WHZ_NE3,F,M24T59,_T,_T,_T,2022,2022,2.331,1.5696,3.4488,1234.13317871094,Bangladesh Demographic Health Survey 2022,severe wasting (< -3 SD)
BGD,NT_ANT_WHZ_NE3,F,M30T35,_T,_T,_T,2022,2022,1.97,0.6982,5.4315,209.038131713867,Bangladesh Demographic Health Survey 2022,severe wasting (< -3 SD)
BGD,NT_ANT_WHZ_NE3,F,M36T41,_T,_T,_T,2022,2022,3.2234,1.2813,7.8747,210.846893310547,Bangladesh Demographic Health Survey 2022,severe wasting (< -3 SD)
BGD,NT_ANT_WHZ_NE3,F,M36T47,_T,_T,_T,2022,2022,3.052,1.6676,5.5213,428.198181152344,Bangladesh Demographic Health Survey 2022,severe wasting (< -3 SD)
BGD,NT_ANT_WHZ_NE3,F,M42T47,_T,_T,_T,2022,2022,2.8857,1.3403,6.1027,217.351287841797,Bangladesh Demographic Health Survey 2022,severe wasting (< -3 SD)
BGD,NT_ANT_WHZ_NE3,F,M48T53,_T,_T,_T,2022,2022,1.8442,0.5895,5.6186,180.168716430664,Bangladesh Demographic Health Survey 2022,severe wasting (< -3 SD)
BGD,NT_ANT_WHZ_NE3,F,M48T59,_T,_T,_T,2022,2022,2.0231,1.0045,4.0328,404.591644287109,Bangladesh Demographic Health Survey 2022,severe wasting (< -3 SD)
BGD,NT_ANT_WHZ_NE3,F,M54T59,_T,_T,_T,2022,2022,2.1667,0.882,5.2241,224.422912597656,Bangladesh Demographic Health Survey 2022,severe wasting (< -3 SD)
BGD,NT_ANT_WHZ_NE3,F,M6T11,_T,_T,_T,2022,2022,2.2973,0.847,6.0788,232.431015014648,Bangladesh Demographic Health Survey 2022,severe wasting (< -3 SD)
BGD,NT_ANT_WHZ_NE3,F,_T,_T,_T,_T,2022,2022,1.84,1.3066,2.5854,2107.01611328125,Bangladesh Demographic Health Survey 2022,severe wasting (< -3 SD)
BGD,NT_ANT_WHZ_NE3,M,M0T11,_T,_T,_T,2022,2022,1.9448,0.9805,3.821,479.703399658203,Bangladesh Demographic Health Survey 2022,severe wasting (< -3 SD)
BGD,NT_ANT_WHZ_NE3,M,M0T23,_T,_T,_T,2022,2022,1.7256,1.0368,2.8589,899.532470703125,Bangladesh Demographic Health Survey 2022,severe wasting (< -3 SD)
BGD,NT_ANT_WHZ_NE3,M,M0T5,_T,_T,_T,2022,2022,1.2553,0.4604,3.3765,228.630432128906,Bangladesh Demographic Health Survey 2022,severe wasting (< -3 SD)
BGD,NT_ANT_WHZ_NE3,M,M12T17,_T,_T,_T,2022,2022,0.6679,0.1612,2.7243,190.873413085938,Bangladesh Demographic Health Survey 2022,severe wasting (< -3 SD)
BGD,NT_ANT_WHZ_NE3,M,M12T23,_T,_T,_T,2022,2022,1.4752,0.6681,3.2258,419.829071044922,Bangladesh Demographic Health Survey 2022,severe wasting (< -3 SD)
BGD,NT_ANT_WHZ_NE3,M,M18T23,_T,_T,_T,2022,2022,2.1482,0.8573,5.2795,228.955657958984,Bangladesh Demographic Health Survey 2022,severe wasting (< -3 SD)
BGD,NT_ANT_WHZ_NE3,M,M24T29,_T,_T,_T,2022,2022,1.7269,0.5893,4.9508,220.884552001953,Bangladesh Demographic Health Survey 2022,severe wasting (< -3 SD)
BGD,NT_ANT_WHZ_NE3,M,M24T35,_T,_T,_T,2022,2022,1.7769,0.8437,3.704,428.368469238281,Bangladesh Demographic Health Survey 2022,severe wasting (< -3 SD)
BGD,NT_ANT_WHZ_NE3,M,M24T59,_T,_T,_T,2022,2022,1.5752,1.0178,2.4303,1244.22290039062,Bangladesh Demographic Health Survey 2022,severe wasting (< -3 SD)
BGD,NT_ANT_WHZ_NE3,M,M30T35,_T,_T,_T,2022,2022,1.8302,0.6363,5.1483,207.483917236328,Bangladesh Demographic Health Survey 2022,severe wasting (< -3 SD)
BGD,NT_ANT_WHZ_NE3,M,M36T41,_T,_T,_T,2022,2022,0.9223,0.2271,3.6676,187.10090637207,Bangladesh Demographic Health Survey 2022,severe wasting (< -3 SD)
BGD,NT_ANT_WHZ_NE3,M,M36T47,_T,_T,_T,2022,2022,1.8375,0.9102,3.6744,393.172943115234,Bangladesh Demographic Health Survey 2022,severe wasting (< -3 SD)
BGD,NT_ANT_WHZ_NE3,M,M42T47,_T,_T,_T,2022,2022,2.6685,1.1845,5.9007,206.072036743164,Bangladesh Demographic Health Survey 2022,severe wasting (< -3 SD)
BGD,NT_ANT_WHZ_NE3,M,M48T53,_T,_T,_T,2022,2022,0.7955,0.243,2.5716,199.710235595703,Bangladesh Demographic Health Survey 2022,severe wasting (< -3 SD)
BGD,NT_ANT_WHZ_NE3,M,M48T59,_T,_T,_T,2022,2022,1.1266,0.4724,2.6626,422.681488037109,Bangladesh Demographic Health Survey 2022,severe wasting (< -3 SD)
BGD,NT_ANT_WHZ_NE3,M,M54T59,_T,_T,_T,2022,2022,1.4232,0.445,4.4555,222.971267700195,Bangladesh Demographic Health Survey 2022,severe wasting (< -3 SD)
BGD,NT_ANT_WHZ_NE3,M,M6T11,_T,_T,_T,2022,2022,2.5727,1.0581,6.1209,251.072967529297,Bangladesh Demographic Health Survey 2022,severe wasting (< -3 SD)
BGD,NT_ANT_WHZ_NE3,M,_T,_T,_T,_T,2022,2022,1.6358,1.1584,2.3054,2147.0126953125,Bangladesh Demographic Health Survey 2022,severe wasting (< -3 SD)
BGD,NT_ANT_WHZ_NE3,_T,M0T11,_T,_T,_T,2022,2022,1.8174,1.0893,3.0171,934.736755371094,Bangladesh Demographic Health Survey 2022,severe wasting (< -3 SD)
BGD,NT_ANT_WHZ_NE3,_T,M0T23,_T,_T,_T,2022,2022,1.4427,0.9577,2.1679,1769.10998535156,Bangladesh Demographic Health Survey 2022,severe wasting (< -3 SD)
BGD,NT_ANT_WHZ_NE3,_T,M0T5,_T,_T,_T,2022,2022,1.1499,0.5414,2.4255,451.232788085938,Bangladesh Demographic Health Survey 2022,severe wasting (< -3 SD)
BGD,NT_ANT_WHZ_NE3,_T,M12T17,_T,_T,_T,2022,2022,0.538,0.1692,1.6973,385.0947265625,Bangladesh Demographic Health Survey 2022,severe wasting (< -3 SD)
BGD,NT_ANT_WHZ_NE3,_T,M12T23,_T,_T,_T,2022,2022,1.023,0.5068,2.0542,834.373229980469,Bangladesh Demographic Health Survey 2022,severe wasting (< -3 SD)
BGD,NT_ANT_WHZ_NE3,_T,M18T23,_T,_T,_T,2022,2022,1.4387,0.6182,3.3118,449.278533935547,Bangladesh Demographic Health Survey 2022,severe wasting (< -3 SD)
BGD,NT_ANT_WHZ_NE3,_T,M24T29,_T,_T,_T,2022,2022,1.745,0.7689,3.9112,413.189697265625,Bangladesh Demographic Health Survey 2022,severe wasting (< -3 SD)
BGD,NT_ANT_WHZ_NE3,_T,M24T35,_T,_T,_T,2022,2022,1.823,1.06,3.1179,829.711730957031,Bangladesh Demographic Health Survey 2022,severe wasting (< -3 SD)
BGD,NT_ANT_WHZ_NE3,_T,M24T59,_T,_T,_T,2022,2022,1.9515,1.4409,2.6383,2478.35595703125,Bangladesh Demographic Health Survey 2022,severe wasting (< -3 SD)
BGD,NT_ANT_WHZ_NE3,_T,M30T35,_T,_T,_T,2022,2022,1.9004,0.9129,3.9137,416.522033691406,Bangladesh Demographic Health Survey 2022,severe wasting (< -3 SD)
BGD,NT_ANT_WHZ_NE3,_T,M36T41,_T,_T,_T,2022,2022,2.1415,0.9726,4.6495,397.947814941406,Bangladesh Demographic Health Survey 2022,severe wasting (< -3 SD)
BGD,NT_ANT_WHZ_NE3,_T,M36T47,_T,_T,_T,2022,2022,2.4706,1.5592,3.8937,821.371154785156,Bangladesh Demographic Health Survey 2022,severe wasting (< -3 SD)
BGD,NT_ANT_WHZ_NE3,_T,M42T47,_T,_T,_T,2022,2022,2.78,1.6048,4.774,423.42333984375,Bangladesh Demographic Health Survey 2022,severe wasting (< -3 SD)
BGD,NT_ANT_WHZ_NE3,_T,M48T53,_T,_T,_T,2022,2022,1.2929,0.5462,3.0295,379.878967285156,Bangladesh Demographic Health Survey 2022,severe wasting (< -3 SD)
BGD,NT_ANT_WHZ_NE3,_T,M48T59,_T,_T,_T,2022,2022,1.5651,0.89,2.738,827.273132324219,Bangladesh Demographic Health Survey 2022,severe wasting (< -3 SD)
BGD,NT_ANT_WHZ_NE3,_T,M54T59,_T,_T,_T,2022,2022,1.7962,0.8814,3.6256,447.394165039062,Bangladesh Demographic Health Survey 2022,severe wasting (< -3 SD)
BGD,NT_ANT_WHZ_NE3,_T,M6T11,_T,_T,_T,2022,2022,2.4403,1.265,4.656,483.503967285156,Bangladesh Demographic Health Survey 2022,severe wasting (< -3 SD)
BGD,NT_ANT_WHZ_NE3,_T,_T,B20,R,_T,2022,2022,2.311,1.4825,3.5858,824.75390625,Bangladesh Demographic Health Survey 2022,severe wasting (< -3 SD)
BGD,NT_ANT_WHZ_NE3,_T,_T,B20,U,_T,2022,2022,3.0327,1.1237,7.9248,61.5663414001465,Bangladesh Demographic Health Survey 2022,severe wasting (< -3 SD)
BGD,NT_ANT_WHZ_NE3,_T,_T,B40,R,_T,2022,2022,1.8792,1.2549,2.8051,1584.96203613281,Bangladesh Demographic Health Survey 2022,severe wasting (< -3 SD)
BGD,NT_ANT_WHZ_NE3,_T,_T,B40,U,_T,2022,2022,2.1252,0.9995,4.4619,181.478363037109,Bangladesh Demographic Health Survey 2022,severe wasting (< -3 SD)
BGD,NT_ANT_WHZ_NE3,_T,_T,B60,R,_T,2022,2022,1.9245,1.3421,2.7527,2264.43286132812,Bangladesh Demographic Health Survey 2022,severe wasting (< -3 SD)
BGD,NT_ANT_WHZ_NE3,_T,_T,B60,U,_T,2022,2022,2.4845,1.3039,4.6831,382.658203125,Bangladesh Demographic Health Survey 2022,severe wasting (< -3 SD)
BGD,NT_ANT_WHZ_NE3,_T,_T,B80,R,_T,2022,2022,1.8417,1.3403,2.5258,2807.74975585938,Bangladesh Demographic Health Survey 2022,severe wasting (< -3 SD)
BGD,NT_ANT_WHZ_NE3,_T,_T,B80,U,_T,2022,2022,1.8249,1.0646,3.111,657.106140136719,Bangladesh Demographic Health Survey 2022,severe wasting (< -3 SD)
BGD,NT_ANT_WHZ_NE3,_T,_T,Q1,R,_T,2022,2022,2.311,1.4825,3.5858,824.75390625,Bangladesh Demographic Health Survey 2022,severe wasting (< -3 SD)
BGD,NT_ANT_WHZ_NE3,_T,_T,Q1,U,_T,2022,2022,3.0327,1.1237,7.9248,61.5663414001465,Bangladesh Demographic Health Survey 2022,severe wasting (< -3 SD)
BGD,NT_ANT_WHZ_NE3,_T,_T,Q1,_T,_T,2022,2022,2.3612,1.5624,3.5534,886.320251464844,Bangladesh Demographic Health Survey 2022,severe wasting (< -3 SD)
BGD,NT_ANT_WHZ_NE3,_T,_T,Q2,R,_T,2022,2022,1.4106,0.6826,2.8925,760.208129882812,Bangladesh Demographic Health Survey 2022,severe wasting (< -3 SD)
BGD,NT_ANT_WHZ_NE3,_T,_T,Q2,U,_T,2022,2022,1.6593,0.52,5.1652,119.912017822266,Bangladesh Demographic Health Survey 2022,severe wasting (< -3 SD)
BGD,NT_ANT_WHZ_NE3,_T,_T,Q2,_T,_T,2022,2022,1.4445,0.7633,2.7169,880.1201171875,Bangladesh Demographic Health Survey 2022,severe wasting (< -3 SD)
BGD,NT_ANT_WHZ_NE3,_T,_T,Q3,R,_T,2022,2022,2.0304,1.0977,3.7257,679.470764160156,Bangladesh Demographic Health Survey 2022,severe wasting (< -3 SD)
BGD,NT_ANT_WHZ_NE3,_T,_T,Q3,U,_T,2022,2022,2.8086,1.0878,7.0574,201.179840087891,Bangladesh Demographic Health Survey 2022,severe wasting (< -3 SD)
BGD,NT_ANT_WHZ_NE3,_T,_T,Q3,_T,_T,2022,2022,2.2082,1.3206,3.67,880.650634765625,Bangladesh Demographic Health Survey 2022,severe wasting (< -3 SD)
BGD,NT_ANT_WHZ_NE3,_T,_T,Q4,R,_T,2022,2022,1.4963,0.7336,3.0278,543.316955566406,Bangladesh Demographic Health Survey 2022,severe wasting (< -3 SD)
BGD,NT_ANT_WHZ_NE3,_T,_T,Q4,U,_T,2022,2022,0.9052,0.3484,2.3306,274.447937011719,Bangladesh Demographic Health Survey 2022,severe wasting (< -3 SD)
BGD,NT_ANT_WHZ_NE3,_T,_T,Q4,_T,_T,2022,2022,1.2979,0.719,2.3322,817.764892578125,Bangladesh Demographic Health Survey 2022,severe wasting (< -3 SD)
BGD,NT_ANT_WHZ_NE3,_T,_T,Q5,R,_T,2022,2022,1.6106,0.6225,4.102,360.258209228516,Bangladesh Demographic Health Survey 2022,severe wasting (< -3 SD)
BGD,NT_ANT_WHZ_NE3,_T,_T,Q5,U,_T,2022,2022,1.0226,0.4281,2.423,428.914642333984,Bangladesh Demographic Health Survey 2022,severe wasting (< -3 SD)
BGD,NT_ANT_WHZ_NE3,_T,_T,Q5,_T,_T,2022,2022,1.291,0.6658,2.4887,789.1728515625,Bangladesh Demographic Health Survey 2022,severe wasting (< -3 SD)
BGD,NT_ANT_WHZ_NE3,_T,_T,R20,R,_T,2022,2022,1.6106,0.6225,4.102,360.258209228516,Bangladesh Demographic Health Survey 2022,severe wasting (< -3 SD)
BGD,NT_ANT_WHZ_NE3,_T,_T,R20,U,_T,2022,2022,1.0226,0.4281,2.423,428.914642333984,Bangladesh Demographic Health Survey 2022,severe wasting (< -3 SD)
BGD,NT_ANT_WHZ_NE3,_T,_T,R40,R,_T,2022,2022,1.5419,0.8719,2.7125,903.575134277344,Bangladesh Demographic Health Survey 2022,severe wasting (< -3 SD)
BGD,NT_ANT_WHZ_NE3,_T,_T,R40,U,_T,2022,2022,0.9768,0.5101,1.8624,703.362609863281,Bangladesh Demographic Health Survey 2022,severe wasting (< -3 SD)
BGD,NT_ANT_WHZ_NE3,_T,_T,R60,R,_T,2022,2022,1.7516,1.1635,2.6288,1583.0458984375,Bangladesh Demographic Health Survey 2022,severe wasting (< -3 SD)
BGD,NT_ANT_WHZ_NE3,_T,_T,R60,U,_T,2022,2022,1.3842,0.7999,2.3851,904.542419433594,Bangladesh Demographic Health Survey 2022,severe wasting (< -3 SD)
BGD,NT_ANT_WHZ_NE3,_T,_T,R80,R,_T,2022,2022,1.641,1.1311,2.375,2343.25415039062,Bangladesh Demographic Health Survey 2022,severe wasting (< -3 SD)
BGD,NT_ANT_WHZ_NE3,_T,_T,R80,U,_T,2022,2022,1.4164,0.8628,2.3168,1024.45446777344,Bangladesh Demographic Health Survey 2022,severe wasting (< -3 SD)
BGD,NT_ANT_WHZ_NE3,_T,_T,_T,R,_T,2022,2022,1.8154,1.3436,2.4488,3168.00805664062,Bangladesh Demographic Health Survey 2022,severe wasting (< -3 SD)
BGD,NT_ANT_WHZ_NE3,_T,_T,_T,U,_T,2022,2022,1.508,0.9539,2.3764,1086.02075195312,Bangladesh Demographic Health Survey 2022,severe wasting (< -3 SD)
BGD,NT_ANT_WHZ_NE3,_T,_T,_T,_T,_T,2022,2022,1.7369,1.3459,2.2389,4254.02880859375,Bangladesh Demographic Health Survey 2022,severe wasting (< -3 SD)
BGD,NT_ANT_WHZ_NE3,_T,_T,_T,_T,AGG_0_1,2022,2022,2.4261,1.531,3.8241,1140.31994628906,Bangladesh Demographic Health Survey 2022,severe wasting (< -3 SD)
BGD,NT_ANT_WHZ_NE3,_T,_T,_T,_T,AGG_2_3,2022,2022,1.4473,1.0167,2.0565,2217.90991210938,Bangladesh Demographic Health Survey 2022,severe wasting (< -3 SD)
BGD,NT_ANT_WHZ_NE3,_T,_T,_T,_T,AGG_3S_H,2022,2022,1.3365,0.976,1.8277,2937.1474609375,Bangladesh Demographic Health Survey 2022,severe wasting (< -3 SD)
BGD,NT_ANT_WHZ_NE3,_T,_T,_T,_T,AGG_5T8,2022,2022,0.9948,0.4976,1.9789,719.23779296875,Bangladesh Demographic Health Survey 2022,severe wasting (< -3 SD)
BGD,NT_ANT_WHZ_NE3,_T,_T,_T,_T,ISCED11A_01,2022,2022,4.1724,1.8781,9.0119,254.909957885742,Bangladesh Demographic Health Survey 2022,severe wasting (< -3 SD)
BGD,NT_ANT_WHZ_NE3,_T,_T,_T,_T,ISCED11_1,2022,2022,1.9233,1.1984,3.0732,885.409973144531,Bangladesh Demographic Health Survey 2022,severe wasting (< -3 SD)
