paper_id,doi,title,year,theme,journal,theoretical,needs,setting,keep,score
10.1097/ede.0000000000000841,10.1097/EDE.0000000000000841,The Reduction of Measles Transmission During School Vacations.,2018,Vaccination programming,"Epidemiology (Cambridge, Mass.)",FALSE,N06; N10; N13; N14; N15; N16; N17,,TRUE,9
10.1186/1478-7954-3-1,10.1186/1478-7954-3-1,"The pre-vaccination regional epidemiological landscape of measles in Italy: contact patterns, effort needed for eradication, and comparison with other regions of Europe.",2005,Vaccination programming,Population health metrics,FALSE,N09; N10; N13; N14,,TRUE,6
10.1371/journal.pmed.1002144,10.1371/journal.pmed.1002144,Impact on Epidemic Measles of Vaccination Campaigns Triggered by Disease Outbreaks or Serosurveys: A Modeling Study.,2016,Vaccination programming,PLoS medicine,FALSE,N13; N16; N17,south_asia,TRUE,6
10.1186/s12916-017-0908-3 we - science citation index expanded (sci-expanded),10.1186/s12916-017-0908-3     WE  - Science Citation Index Expanded (SCI-EXPANDED),Characterizing measles transmission in India: a dynamic modeling study using verbal autopsy data,2017,Population/transmission dynamics,BMC MEDICINE,FALSE,N07; N16,south_asia; lmic,TRUE,6
10.1016/j.vaccine.2017.07.077,10.1016/j.vaccine.2017.07.077,Cost-benefit analyses of supplementary measles immunisation in the highly immunized population of New Zealand.,2017,Health economics,Vaccine,FALSE,N06; N10; N13; N16,,TRUE,6
10.1186/s12916-018-1171-y,10.1186/s12916-018-1171-y,The hidden burden of measles in Ethiopia: how distance to hospital shapes the disease mortality rate.,2018,Population/transmission dynamics,BMC medicine,FALSE,N06; N07; N10,lmic,TRUE,6
10.1093/ije/dyz058,10.1093/ije/dyz058,Evaluating vaccination policies to accelerate measles elimination in China: a meta-population modelling study.,2019,Vaccination programming,International journal of epidemiology,FALSE,N10; N13; N14; N15; N16,,TRUE,6
10.1186/s12916-021-02157-4,10.1186/s12916-021-02157-4,Effect of evidence updates on key determinants of measles vaccination impact: a DynaMICE modelling study in ten high-burden countries.,2021,Population/transmission dynamics,BMC medicine,FALSE,N07; N10; N11; N14; N16,,TRUE,6
10.7554/elife.67023,10.7554/eLife.67023,"Impact of COVID-19-related disruptions to measles, meningococcal A, and yellow fever vaccination in 10 countries.",2021,Population/transmission dynamics,eLife,FALSE,N13; N16,south_asia; lmic,TRUE,6
10.1016/j.jtbi.2022.111242,10.1016/j.jtbi.2022.111242,The impact of supplementary immunization activities on measles transmission dynamics and implications for measles elimination goals: A mathematical modelling study,2022,Vaccination programming,JOURNAL OF THEORETICAL BIOLOGY,FALSE,N11; N13; N14; N15; N16,,TRUE,6
10.3390/math11081791 we - science citation index expanded (sci-expanded),10.3390/math11081791     WE  - Science Citation Index Expanded (SCI-EXPANDED),Stability and Threshold Dynamics in a Seasonal Mathematical Model for Measles Outbreaks with Double-Dose Vaccination,2023,Vaccination programming,MATHEMATICS,FALSE,N02; N10; N11; N15,south_asia,TRUE,6
10.1890/0012-9615(2002)072[0169:domees]2.0.co;2 we - science citation index expanded (sci-expanded),10.1890/0012-9615(2002)072[0169:DOMEES]2.0.CO;2     WE  - Science Citation Index Expanded (SCI-EXPANDED),Dynamics of measles epidemics: Estimating scaling of transmission rates using a Time series SIR model,2002,Population/transmission dynamics,ECOLOGICAL MONOGRAPHS,FALSE,N10; N13; N15; N16,,TRUE,5
10.1093/biostatistics/4.2.279,10.1093/biostatistics/4.2.279,Branching process models for surveillance of infectious diseases controlled by mass vaccination.,2003,Vaccination programming,"Biostatistics (Oxford, England)",FALSE,N09; N10; N16; N17,,TRUE,5
10.1086/368114 we - conference proceedings citation index - science (cpci-s) we - science citation index expanded (sci-expanded),10.1086/368114     WE  - Conference Proceedings Citation Index - Science (CPCI-S)     WE  - Science Citation Index Expanded (SCI-EXPANDED),The global burden of measles in the year 2000 - A model that uses country-specific indicators,2003,Population/transmission dynamics,JOURNAL OF INFECTIOUS DISEASES,FALSE,N07,south_asia; lmic,TRUE,5
10.1086/368114,10.1086/368114,The global burden of measles in the year 2000--a model that uses country-specific indicators.,2003,Population/transmission dynamics,The Journal of infectious diseases,FALSE,N07,south_asia; lmic,TRUE,5
10.1093/ije/dyn007,10.1093/ije/dyn007,Predicted impact of the HIV-1 epidemic on measles in developing countries: results from a dynamic age-structured model.,2008,Population/transmission dynamics,International journal of epidemiology,FALSE,N07; N11; N12,lmic,TRUE,5
10.1016/s0140-6736(12)60522-4 we - science citation index expanded (sci-expanded),10.1016/S0140-6736(12)60522-4     WE  - Science Citation Index Expanded (SCI-EXPANDED),Assessment of the 2010 global measles mortality reduction goal: results from a model of surveillance data,2012,Population/transmission dynamics,LANCET,FALSE,N07,south_asia; lmic,TRUE,5
10.1017/s0950268817002564,10.1017/S0950268817002564,Drivers of measles mortality: the historic fatality burden of famine in Bangladesh.,2017,Population/transmission dynamics,Epidemiology and infection,FALSE,N07,south_asia; humanitarian,TRUE,5
10.1371/currents.outbreaks.3cc277d133e2d6078912800748dbb492,10.1371/currents.outbreaks.3cc277d133e2d6078912800748dbb492,"Real Time Forecasting of Measles Using Generation-dependent Mathematical Model in Japan, 2018.",2018,Population/transmission dynamics,PLoS currents,FALSE,N01; N04; N10,,TRUE,5
10.1186/s12916-021-01906-9,10.1186/s12916-021-01906-9,The importance of supplementary immunisation activities to prevent measles outbreaks during the COVID-19 pandemic in Kenya.,2021,Vaccination programming,BMC medicine,FALSE,N13; N14; N16,lmic,TRUE,5
10.1001/jama.2025.6495,10.1001/jama.2025.6495,Modeling Reemergence of Vaccine-Eliminated Infectious Diseases Under Declining Vaccination in the US,2025,Vaccination programming,JAMA,FALSE,N06; N13; N17,,TRUE,5
10.1371/journal.pcbi.1013531,10.1371/journal.pcbi.1013531,"Modelling the relative contribution of infection, routine vaccination and supplementary immunisation activities to measles seroconversion in Kenyan Children",2025,Vaccination programming,PLoS Comput Biol,FALSE,N11; N13; N16,lmic,TRUE,5
10.1016/s0140-6736(07)60107-x we - science citation index expanded (sci-expanded),10.1016/S0140-6736(07)60107-X     WE  - Science Citation Index Expanded (SCI-EXPANDED),Has the 2005 measles mortality reduction goal been achieved? A natural history modelling study,2007,Population/transmission dynamics,LANCET,FALSE,N07; N16,lmic,TRUE,4
10.1016/j.vaccine.2008.02.059,10.1016/j.vaccine.2008.02.059,Dynamics and control of measles in Portugal: accessing the impact of anticipating the age for the first dose of MMR from 15 to 12 months of age.,2008,Vaccination programming,Vaccine,FALSE,N10; N13; N15,,TRUE,4
10.1186/1471-2458-11-s3-s33 we - science citation index expanded (sci-expanded),10.1186/1471-2458-11-S3-S33     WE  - Science Citation Index Expanded (SCI-EXPANDED),Comparison of <i>LiST</i> measles mortality model and WHO/IVB measles model,2011,Population/transmission dynamics,BMC PUBLIC HEALTH,FALSE,N07; N09,,TRUE,4
10.1371/journal.pone.0020577,10.1371/journal.pone.0020577,Imperfect vaccine aggravates the long-standing dilemma of voluntary vaccination.,2011,Vaccination programming,PloS one,FALSE,N10; N11; N13,,TRUE,4
10.1016/j.jtbi.2011.06.015,10.1016/j.jtbi.2011.06.015,"The correlation between infectivity and incubation period of measles, estimated from households with two cases.",2011,Population/transmission dynamics,Journal of theoretical biology,FALSE,N01; N02; N10,,TRUE,4
10.1093/infdis/jir131,10.1093/infdis/jir131,The cost-effectiveness of supplementary immunization activities for measles: a stochastic model for Uganda.,2011,Health economics,The Journal of infectious diseases,FALSE,N13; N16,lmic,TRUE,4
10.1016/j.vaccine.2014.11.050 we - science citation index expanded (sci-expanded),10.1016/j.vaccine.2014.11.050     WE  - Science Citation Index Expanded (SCI-EXPANDED),Controlling measles using supplemental immunization activities: A mathematical model to inform optimal policy,2015,Vaccination programming,VACCINE,FALSE,N16,south_asia; lmic,TRUE,4
10.1016/j.acap.2017.03.001,10.1016/j.acap.2017.03.001,Impact of Nonmedical Vaccine Exemption Policies on the Health and Economic Burden of Measles.,2017,Population/transmission dynamics,Academic pediatrics,FALSE,N02; N06; N11,,TRUE,4
10.1016/j.vaccine.2017.01.010,10.1016/j.vaccine.2017.01.010,"Interpreting the transmissibility of measles in two different post periods of supplementary immunization activities in Hubei, China.",2017,Vaccination programming,Vaccine,FALSE,N10; N13; N16,,TRUE,4
10.1016/s1473-3099(17)30421-8,10.1016/S1473-3099(17)30421-8,Measles immunity gaps and the progress towards elimination: a multi-country modelling analysis.,2017,Elimination/Eradication,The Lancet. Infectious diseases,FALSE,N13; N16,lmic,TRUE,4
10.1111/risa.12831,10.1111/risa.12831,Modeling the Transmission of Measles and Rubella to Support Global Management Policy Analyses and Eradication Investment Cases.,2017,Elimination/Eradication,Risk analysis : an official publication of the Society for Risk Analysis,FALSE,N13; N15; N16,,TRUE,4
10.2807/1560-7917.es.2018.23.25.1700796,10.2807/1560-7917.ES.2018.23.25.1700796,"Resurgence risk for measles, mumps and rubella in France in 2018 and 2020.",2018,Population/transmission dynamics,Euro surveillance : bulletin Europeen sur les maladies transmissibles = European           communicable disease bulletin,FALSE,N10; N13; N14,,TRUE,4
10.1371/journal.pcbi.1006806,10.1371/journal.pcbi.1006806,Characteristics of measles epidemics in China (1951-2004) and implications for elimination: A case study of three key locations.,2019,Population/transmission dynamics,PLoS computational biology,FALSE,N09; N10; N15,,TRUE,4
10.1186/s12916-019-1413-7,10.1186/s12916-019-1413-7,Combining serological and contact data to derive target immunity levels for achieving and maintaining measles elimination.,2019,Surveillance and diagnostics,BMC medicine,FALSE,N10; N13; N14,,TRUE,4
10.1073/pnas.1818433116,10.1073/pnas.1818433116,Decreasing measles burden by optimizing campaign timing.,2019,Vaccination programming,Proceedings of the National Academy of Sciences of the United States of America,FALSE,N15; N16,south_asia,TRUE,4
10.1001/jamapediatrics.2019.4357,10.1001/jamapediatrics.2019.4357,Factors Associated With Measles Transmission in the United States During the Postelimination Era.,2020,Population/transmission dynamics,JAMA pediatrics,FALSE,N01; N03; N10,,TRUE,4
10.1016/j.epidem.2020.100385,10.1016/j.epidem.2020.100385,Quantifying the success of measles vaccination campaigns in the Rohingya refugee camps.,2020,Vaccination programming,Epidemics,FALSE,N16,south_asia; humanitarian,TRUE,4
10.1371/journal.pone.0283082,10.1371/journal.pone.0283082,Analysis of the different interventions scenario for programmatic measles control in Bangladesh: A modelling study.,2023,Population/transmission dynamics,PloS one,FALSE,N10; N14,south_asia,TRUE,4
10.3390/vaccines11081389,10.3390/vaccines11081389,Population-Level Risk Factors Related to Measles Case Fatality: A Conceptual Framework Based on Expert Consultation and Literature Review.,2023,Population/transmission dynamics,Vaccines,FALSE,N07; N08,humanitarian,TRUE,4
10.15585/mmwr.mm7319a2,10.15585/mmwr.mm7319a2,"Real-Time Use of a Dynamic Model To Measure the Impact of Public Health Interventions on Measles Outbreak Size and Duration - Chicago, Illinois, 2024.",2024,Population/transmission dynamics,MMWR. Morbidity and mortality weekly report,FALSE,N06; N16; N17,,TRUE,4
10.1371/journal.pcbi.1012922,10.1371/journal.pcbi.1012922,Fitting dynamic measles models to subnational case notification data from Ethiopia: Methodological challenges and key considerations,2025,Surveillance and diagnostics,PLoS Comput Biol,FALSE,N09; N11; N14,,TRUE,4
10.1177/10105395251415250,10.1177/10105395251415250,"Time Series Forecasting of Measles Incidence in Pakistan, 2014-2024",2026,Population/transmission dynamics,Asia Pac J Public Health,FALSE,N15; N16,south_asia,TRUE,4
10.1016/s1201-9712(02)90161-x,10.1016/s1201-9712(02)90161-x,A mathematical model to measure the impact of the Measles Control Campaign on the potential for measles transmission in Australia.,2002,Vaccination programming,International journal of infectious diseases : IJID : official publication of the           International Society for Infectious Diseases,FALSE,N10; N13,,TRUE,3
title:cost-effectiveness of supplementary immunization for measles in india.,,Cost-effectiveness of supplementary immunization for measles in India.,2009,Health economics,Indian pediatrics,FALSE,N16,south_asia,TRUE,3
10.1098/rspb.2009.1058,10.1098/rspb.2009.1058,Seasonality and comparative dynamics of six childhood infections in pre-vaccination Copenhagen.,2009,Population/transmission dynamics,Proceedings. Biological sciences,FALSE,N10; N11; N15,,TRUE,3
10.1017/s0950268810001329,10.1017/S0950268810001329,"Modelling the first dose of measles vaccination: the role of maternal immunity, demographic factors, and delivery systems.",2011,Vaccination programming,Epidemiology and infection,FALSE,N11; N12; N15,,TRUE,3
10.1016/j.vaccine.2012.08.045,10.1016/j.vaccine.2012.08.045,Distinguishing vaccine efficacy and effectiveness.,2012,Vaccination programming,Vaccine,FALSE,N11; N16; N17,,TRUE,3
10.1016/j.epidem.2012.05.001 we - science citation index expanded (sci-expanded),10.1016/j.epidem.2012.05.001     WE  - Science Citation Index Expanded (SCI-EXPANDED),Towards measles elimination in Italy: Monitoring herd immunity by Bayesian mixture modelling of serological data,2012,Elimination/Eradication,EPIDEMICS,FALSE,N13; N16,,TRUE,3
10.1371/journal.pone.0075806,10.1371/journal.pone.0075806,Impact of birth seasonality on dynamics of acute immunizing infections in Sub-Saharan Africa.,2013,Population/transmission dynamics,PloS one,FALSE,N14; N15,lmic,TRUE,3
10.1016/j.vaccine.2012.11.043,10.1016/j.vaccine.2012.11.043,Models of strategies for control of rubella and congenital rubella syndrome-a 40 year experience from Australia.,2013,Population/transmission dynamics,Vaccine,FALSE,N10; N13,,TRUE,3
10.1016/j.vaccine.2014.11.050,10.1016/j.vaccine.2014.11.050,Controlling measles using supplemental immunization activities: a mathematical model to inform optimal policy.,2015,Vaccination programming,Vaccine,FALSE,N16,south_asia,TRUE,3
10.1016/j.clinthera.2015.01.006,10.1016/j.clinthera.2015.01.006,"Cost-effectiveness of routine varicella vaccination using the measles, mumps, rubella and varicella vaccine in France: an economic analysis based on a dynamic transmission model for varicella and herpes zoster.",2015,Health economics,Clinical therapeutics,FALSE,N06; N11,,TRUE,3
10.1097/ede.0000000000000278,10.1097/EDE.0000000000000278,Estimating vaccine coverage from serial trivariate serologic data in the presence of waning immunity.,2015,Surveillance and diagnostics,"Epidemiology (Cambridge, Mass.)",FALSE,N11; N13,,TRUE,3
10.1371/journal.pone.0141147,10.1371/journal.pone.0141147,Modeling the Impact of Alternative Immunization Strategies: Using Matrices as Memory Lanes.,2015,Vaccination programming,PloS one,FALSE,N16,south_asia,TRUE,3
10.1038/srep34541,10.1038/srep34541,Measuring populations to improve vaccination coverage.,2016,Vaccination programming,Scientific reports,FALSE,N15; N16,lmic,TRUE,3
10.1080/21645515.2015.1060380,10.1080/21645515.2015.1060380,Modeling the impact of rubella vaccination in Vietnam.,2016,Vaccination programming,Human vaccines & immunotherapeutics,FALSE,N13; N14,,TRUE,3
10.21101/cejph.a4914,10.21101/cejph.a4914,Estimation of the Population Susceptibility Against Measles in Slovakia.,2017,Population/transmission dynamics,Central European journal of public health,FALSE,N11; N13,,TRUE,3
10.1017/s0950268817003077,10.1017/S0950268817003077,Correlation between measles vaccine doses: implications for the maintenance of elimination.,2018,Elimination/Eradication,Epidemiology and infection,FALSE,N11; N13,,TRUE,3
10.1371/journal.pone.0194931,10.1371/journal.pone.0194931,"Evaluation of nationwide supplementary immunization in Lao People's Democratic Republic: Population-based seroprevalence survey of anti-measles and anti-rubella IgG in children and adults, mathematical modelling and a stability testing of the vaccine.",2018,Vaccination programming,PloS one,FALSE,N13; N16,,TRUE,3
10.1093/aje/kwy082,10.1093/aje/kwy082,Impact of Public Health Responses During a Measles Outbreak in an Amish Community in Ohio: Modeling the Dynamics of Transmission.,2018,Population/transmission dynamics,American journal of epidemiology,FALSE,N01; N10,,TRUE,3
10.1093/aje/kwy114,10.1093/aje/kwy114,Revealing Measles Outbreak Risk With a Nested Immunoglobulin G Serosurvey in Madagascar.,2018,Surveillance and diagnostics,American journal of epidemiology,FALSE,N13; N16,,TRUE,3
10.1016/j.vaccine.2018.12.012,10.1016/j.vaccine.2018.12.012,Characterizing the impact of spatial clustering of susceptibility for measles elimination.,2019,Population/transmission dynamics,Vaccine,FALSE,N10; N13,,TRUE,3
10.1016/s2214-109x(18)30537-0,10.1016/S2214-109X(18)30537-0,Estimates of case-fatality ratios of measles in low-income and middle-income countries: a systematic review and modelling analysis.,2019,Population/transmission dynamics,The Lancet. Global health,FALSE,N07,lmic,TRUE,3
10.1016/j.tpb.2020.01.005,10.1016/j.tpb.2020.01.005,Influence of demographically-realistic mortality schedules on vaccination strategies in age-structured models.,2020,Population/transmission dynamics,Theoretical population biology,FALSE,N09; N10,,TRUE,3
10.2147/idr.s258035,10.2147/IDR.S258035,Modelling the Measles Outbreak at Hong Kong International Airport in 2019: A Data-Driven Analysis on the Effects of Timely Reporting and Public Awareness.,2020,Population/transmission dynamics,Infection and drug resistance,FALSE,N06; N10,,TRUE,3
10.1155/2020/3631923 we - science citation index expanded (sci-expanded),10.1155/2020/3631923     WE  - Science Citation Index Expanded (SCI-EXPANDED),Modelling the Periodic Outbreak of Measles in Mainland China,2020,Population/transmission dynamics,MATHEMATICAL PROBLEMS IN ENGINEERING,FALSE,N10; N11; N15,,TRUE,3
10.1126/sciadv.aaz4037,10.1126/sciadv.aaz4037,Transmission dynamics of and insights from the 2018-2019 measles outbreak in New York City: A modeling study.,2020,Population/transmission dynamics,Science advances,FALSE,N06; N16,,TRUE,3
10.1038/s41598-021-95913-8 we - science citation index expanded (sci-expanded),10.1038/s41598-021-95913-8     WE  - Science Citation Index Expanded (SCI-EXPANDED),Mathematical analysis of a measles transmission dynamics model in Bangladesh with double dose vaccination,2021,Vaccination programming,SCIENTIFIC REPORTS,FALSE,N10,south_asia,TRUE,3
10.1186/s13662-021-03306-y we - science citation index expanded (sci-expanded),10.1186/s13662-021-03306-y     WE  - Science Citation Index Expanded (SCI-EXPANDED),Measles dynamics on network models with optimal control strategies,2021,Population/transmission dynamics,ADVANCES IN DIFFERENCE EQUATIONS,FALSE,N10; N11; N14,,TRUE,3
10.1017/s0950268822001868,10.1017/S0950268822001868,Estimated incidence and transmission intensity of rubella infection in Zambia pre-vaccine era 2005-2016.,2022,Population/transmission dynamics,Epidemiology and infection,FALSE,N10; N15; N16,,TRUE,3
10.1016/j.heliyon.2022.e11797,10.1016/j.heliyon.2022.e11797,Modeling the dynamics of rubella disease with vertical transmission.,2022,Population/transmission dynamics,Heliyon,FALSE,N10; N11; N14,,TRUE,3
10.3934/mbe.2022397 we - science citation index expanded (sci-expanded),10.3934/mbe.2022397     WE  - Science Citation Index Expanded (SCI-EXPANDED),Modeling transmission dynamics of measles in Nepal and its control with monitored vaccination program,2022,Population/transmission dynamics,MATHEMATICAL BIOSCIENCES AND ENGINEERING,FALSE,N10,south_asia,TRUE,3
10.2188/jea.je20200455,10.2188/jea.JE20200455,"Transmission Network of Measles During the Yamagata Outbreak in Japan, 2017.",2022,Population/transmission dynamics,Journal of epidemiology,FALSE,N01; N10,,TRUE,3
10.1016/j.ijid.2022.07.055,10.1016/j.ijid.2022.07.055,Understanding the transmission dynamics of a large-scale measles outbreak in Southern Vietnam.,2022,Population/transmission dynamics,International journal of infectious diseases : IJID : official publication of the           International Society for Infectious Diseases,FALSE,N10; N13,,TRUE,3
10.1017/s0950268823001322,10.1017/S0950268823001322,"Determinants of measles persistence in Beijing, China: A modelling study.",2023,Population/transmission dynamics,Epidemiology and infection,FALSE,N11; N12; N16,,TRUE,3
10.1016/s2214-109x(23)00043-8,10.1016/S2214-109X(23)00043-8,Estimating national-level measles case-fatality ratios in low-income and middle-income countries: an updated systematic review and modelling study.,2023,Population/transmission dynamics,The Lancet. Global health,FALSE,N07,humanitarian; lmic,TRUE,3
10.1016/j.ijid.2024.107053,10.1016/j.ijid.2024.107053,Age-specific prevalence of IgG against measles/rubella and the impact of routine and supplementary immunization activities: A multistage random cluster sampling study with mathematical modelling,2024,Surveillance and diagnostics,INTERNATIONAL JOURNAL OF INFECTIOUS DISEASES,FALSE,N13; N16,,TRUE,3
10.3390/vaccines12030314,10.3390/vaccines12030314,Estimating the Impact of Vaccination Campaigns on Measles Transmission in Somalia.,2024,Vaccination programming,Vaccines,FALSE,N13; N16,,TRUE,3
10.1038/s41467-024-53415-x,10.1038/s41467-024-53415-x,Estimating the optimal age for infant measles vaccination.,2024,Vaccination programming,Nature communications,FALSE,N11; N13,,TRUE,3
10.1371/journal.pgph.0002656,10.1371/journal.pgph.0002656,"Evaluating the potential impact of rubella-containing vaccine introduction on congenital rubella syndrome in Afghanistan, Dem. Republic of Congo, Ethiopia, Nigeria, and Pakistan: A mathematical modeling study.",2024,Vaccination programming,PLOS global public health,FALSE,N16,south_asia,TRUE,3
10.3390/vaccines12121299,10.3390/vaccines12121299,"Geospatial Variation in Vaccination Coverage and Zero-Dose Prevalence at the District, Ward and Health Facility Levels Before and After a Measles Vaccination Campaign in Nigeria.",2024,Vaccination programming,Vaccines,FALSE,N13; N16,,TRUE,3
10.1016/j.idm.2024.04.012,10.1016/j.idm.2024.04.012,Modeling measles transmission in adults and children: Implications to vaccination for eradication.,2024,Vaccination programming,Infectious Disease Modelling,FALSE,N10,south_asia,TRUE,3
10.4269/ajtmh.23-0412,10.4269/ajtmh.23-0412,Modeling the Cost of Vaccinating a Measles Zero-Dose Child in Zambia Using Three Vaccination Strategies.,2024,Health economics,The American journal of tropical medicine and hygiene,FALSE,N13; N16,,TRUE,3
10.1371/journal.pone.0330568,10.1371/journal.pone.0330568,Bias in the estimated reporting fraction due to vaccination in the time-series SIR model,2025,Vaccination programming,PLoS One,FALSE,N09; N15,,TRUE,3
10.1016/j.ijregi.2025.100684,10.1016/j.ijregi.2025.100684,Investigating persistent measles dynamics associated with population immunity in Chad: a national secondary data model analysis from 2011 to 2025,2025,Population/transmission dynamics,IJID Reg,FALSE,N12; N13,,TRUE,3
10.1093/aje/kwaf005,10.1093/aje/kwaf005,Revealing trends in measles immunity during periods of varying measles circulation in Madagascar.,2025,Population/transmission dynamics,American journal of epidemiology,FALSE,N11; N13,,TRUE,3
10.1017/s0950268800004672 we - science citation index expanded (sci-expanded),10.1017/S0950268800004672     WE  - Science Citation Index Expanded (SCI-EXPANDED),"The pre-vaccination epidemiology of measles, mumps and rubella in Europe: implications for modelling studies",2000,Vaccination programming,EPIDEMIOLOGY AND INFECTION,FALSE,N10; N14,,TRUE,2
10.1016/s0264-410x(02)00335-3,10.1016/s0264-410x(02)00335-3,"The difficult quest for data on ""vanishing"" vaccine-preventable infections in Europe: the case of measles in Flanders (Belgium).",2002,Population/transmission dynamics,Vaccine,FALSE,N13,,TRUE,2
10.1016/s0264-410x(03)00449-3,10.1016/s0264-410x(03)00449-3,Modelling measles re-emergence as a result of waning of immunity in vaccinated populations.,2003,Vaccination programming,Vaccine,FALSE,N11; N16,,TRUE,2
10.1017/s0950268804002080,10.1017/s0950268804002080,The effect of heterogeneity in measles vaccination on population immunity.,2004,Vaccination programming,Epidemiology and infection,FALSE,N13,,TRUE,2
10.1016/j.trstmh.2005.10.014,10.1016/j.trstmh.2005.10.014,"Estimating transmission intensity for a measles epidemic in Niamey, Niger: lessons for intervention.",2006,Population/transmission dynamics,Transactions of the Royal Society of Tropical Medicine and Hygiene,FALSE,N10; N11,,TRUE,2
10.1017/s0950268806006340 we - science citation index expanded (sci-expanded),10.1017/S0950268806006340     WE  - Science Citation Index Expanded (SCI-EXPANDED),"Interpreting serological surveys using mixture models: the seroepidemiology of measles, mumps and rubella in England and Wales at the beginning of the 21st century",2006,Surveillance and diagnostics,EPIDEMIOLOGY AND INFECTION,FALSE,N13,,TRUE,2
10.1111/j.1442-200x.2008.02592.x,10.1111/j.1442-200X.2008.02592.x,Estimation of measles vaccine coverage needed to prevent transmission in schools.,2008,Vaccination programming,Pediatrics international : official journal of the Japan Pediatric Society,FALSE,N10; N11,,TRUE,2
10.1038/nature06509,10.1038/nature06509,The dynamics of measles in sub-Saharan Africa.,2008,Population/transmission dynamics,Nature,FALSE,N15,lmic,TRUE,2
10.1098/rsif.2007.1038,10.1098/rsif.2007.1038,"Time is of the essence: exploring a measles outbreak response vaccination in Niamey, Niger.",2008,Population/transmission dynamics,"Journal of the Royal Society, Interface",FALSE,N16,lmic,TRUE,2
10.1098/rspb.2009.0057,10.1098/rspb.2009.0057,Implications of vaccination and waning immunity.,2009,Vaccination programming,Proceedings. Biological sciences,FALSE,N11; N16,,TRUE,2
10.1017/s0950268809991385,10.1017/S0950268809991385,Measles hotspots and epidemiological connectivity.,2010,Population/transmission dynamics,Epidemiology and infection,FALSE,N14; N15,,TRUE,2
10.1093/infdis/jir095,10.1093/infdis/jir095,Strategic planning for measles control: using data to inform optimal vaccination strategies.,2011,Vaccination programming,The Journal of infectious diseases,FALSE,N13,,TRUE,2
10.3201/eid1809.111578,10.3201/eid1809.111578,Effectiveness and timing of vaccination during school measles outbreak.,2012,Vaccination programming,Emerging infectious diseases,FALSE,N16; N17,,TRUE,2
10.1007/s12199-011-0217-y,10.1007/s12199-011-0217-y,Effectiveness assessment of vaccination policy against measles epidemic in Japan using an age-time two-dimensional mathematical model.,2012,Vaccination programming,Environmental health and preventive medicine,FALSE,N12; N14,,TRUE,2
10.7150/ijbs.4329,10.7150/ijbs.4329,Real-time investigation of measles epidemics with estimate of vaccine efficacy.,2012,Vaccination programming,International journal of biological sciences,FALSE,N10; N11,,TRUE,2
10.1017/s0950268811002032,10.1017/S0950268811002032,Spatial dynamics of meningococcal meningitis in Niger: observed patterns in comparison with measles.,2012,Population/transmission dynamics,Epidemiology and infection,FALSE,N15,lmic,TRUE,2
10.1098/rsif.2015.0024,10.1098/rsif.2015.0024,A century of transitions in New York City's measles dynamics.,2015,Population/transmission dynamics,"Journal of the Royal Society, Interface",FALSE,N15; N16,,TRUE,2
10.1140/epjb/e2015-50621-9 we - science citation index expanded (sci-expanded),10.1140/epjb/e2015-50621-9     WE  - Science Citation Index Expanded (SCI-EXPANDED),A simple model to quantitatively account for periodic outbreaks of the measles in the Dutch Bible Belt,2015,Population/transmission dynamics,EUROPEAN PHYSICAL JOURNAL B,FALSE,N09,,TRUE,2
10.1016/j.cnsns.2014.09.030 we - science citation index expanded (sci-expanded),10.1016/j.cnsns.2014.09.030     WE  - Science Citation Index Expanded (SCI-EXPANDED),Modeling seasonal measles transmission in China,2015,Population/transmission dynamics,COMMUNICATIONS IN NONLINEAR SCIENCE AND NUMERICAL SIMULATION,FALSE,N10; N15,,TRUE,2
10.1186/s12889-015-1766-6,10.1186/s12889-015-1766-6,"The role of vaccination coverage, individual behaviors, and the public health response in the control of measles epidemics: an agent-based simulation for California.",2015,Vaccination programming,BMC public health,FALSE,N14; N17,,TRUE,2
10.1098/rsif.2015.1101,10.1098/rsif.2015.1101,Introduction of rubella-containing-vaccine to Madagascar: implications for roll-out and local elimination.,2016,Vaccination programming,"Journal of the Royal Society, Interface",FALSE,N16,lmic,TRUE,2
10.1371/journal.pcbi.1004655,10.1371/journal.pcbi.1004655,Persistent Chaos of Measles Epidemics in the Prevaccination United States Caused by a Small Change in Seasonal Transmission Patterns.,2016,Population/transmission dynamics,PLoS computational biology,FALSE,N15; N16,,TRUE,2
10.1016/s1473-3099(16)00004-9,10.1016/S1473-3099(16)00004-9,"The effect of heterogeneity in uptake of the measles, mumps, and rubella vaccine on the potential for outbreaks of measles: a modelling study.",2016,Vaccination programming,The Lancet. Infectious diseases,FALSE,N10; N14,,TRUE,2
10.1016/j.epidem.2017.03.005,10.1016/j.epidem.2017.03.005,"Assessing the transmission dynamics of measles in Japan, 2016.",2017,Population/transmission dynamics,Epidemics,FALSE,N10; N17,,TRUE,2
10.1016/j.vaccine.2017.02.008,10.1016/j.vaccine.2017.02.008,"Demographics, epidemiology and the impact of vaccination campaigns in a measles-free world - Can elimination be maintained?",2017,Vaccination programming,Vaccine,FALSE,N16,lmic,TRUE,2
10.1017/s0950268816002296,10.1017/S0950268816002296,Optimal vaccine schedules to maintain measles elimination with a two-dose routine policy.,2017,Vaccination programming,Epidemiology and infection,FALSE,N12; N16,,TRUE,2
10.1093/infdis/jiy137 we - science citation index expanded (sci-expanded),10.1093/infdis/jiy137     WE  - Science Citation Index Expanded (SCI-EXPANDED),Benefits and Challenges in Using Seroprevalence Data to Inform Models for Measles and Rubella Elimination,2018,Surveillance and diagnostics,JOURNAL OF INFECTIOUS DISEASES,FALSE,N13,,TRUE,2
10.1093/infdis/jiy137,10.1093/infdis/jiy137,Benefits and Challenges in Using Seroprevalence Data to Inform Models for Measles and Rubella Elimination.,2018,Surveillance and diagnostics,The Journal of infectious diseases,FALSE,N13,,TRUE,2
10.1017/s0950268818002054,10.1017/S0950268818002054,Improving measles incidence inference using age-structured serological data.,2018,Population/transmission dynamics,Epidemiology and infection,FALSE,N15,lmic,TRUE,2
10.1007/s12064-018-0271-8,10.1007/s12064-018-0271-8,Seasonal transmission dynamics of measles in China.,2018,Population/transmission dynamics,Theory in biosciences = Theorie in den Biowissenschaften,FALSE,N10; N15,,TRUE,2
10.1038/s41598-018-34461-0,10.1038/s41598-018-34461-0,Targeting Adults for Supplementary Immunization Activities of Measles Control in Central China: A Mathematical Modelling Study.,2018,Vaccination programming,Scientific reports,FALSE,N14; N16,,TRUE,2
10.2807/1560-7917.es.2018.23.24.1800239,10.2807/1560-7917.ES.2018.23.24.1800239,"Transmission potential of modified measles during an outbreak, Japan, March‒May 2018.",2018,Population/transmission dynamics,Euro surveillance : bulletin Europeen sur les maladies transmissibles = European           communicable disease bulletin,FALSE,N09,,TRUE,2
10.1098/rsif.2019.0151,10.1098/rsif.2019.0151,Age-structure and transient dynamics in epidemiological systems.,2019,Population/transmission dynamics,"Journal of the Royal Society, Interface",FALSE,N14; N15,,TRUE,2
10.1186/s12889-019-7060-2,10.1186/s12889-019-7060-2,Monitoring progress towards the elimination of measles in Iran: supporting evidence from 2014 to 2016 by application of measles outbreaks data.,2019,Elimination/Eradication,BMC public health,FALSE,N10; N17,,TRUE,2
10.7554/elife.44942,10.7554/eLife.44942,Parental vaccination to reduce measles immunity gaps in Italy.,2019,Vaccination programming,eLife,FALSE,N13,,TRUE,2
10.1186/s12916-019-1318-5,10.1186/s12916-019-1318-5,"The introduction of 'No jab, No school' policy and the refinement of measles immunisation strategies in high-income countries.",2019,Vaccination programming,BMC medicine,FALSE,N13,,TRUE,2
10.1073/pnas.1920986117,10.1073/pnas.1920986117,Heterogeneity in social and epidemiological factors determines the risk of measles outbreaks.,2020,Population/transmission dynamics,Proceedings of the National Academy of Sciences of the United States of America,FALSE,N16,humanitarian,TRUE,2
10.1016/j.jinf.2019.11.023,10.1016/j.jinf.2019.11.023,"Impact of mass vaccination campaigns on measles transmission during an outbreak in Guinea, 2017.",2020,Vaccination programming,The Journal of infection,FALSE,N10; N16,,TRUE,2
10.3390/vaccines8030383,10.3390/vaccines8030383,Rubella Vaccine Introduction in the South African Public Vaccination Schedule: Mathematical Modelling for Decision Making.,2020,Vaccination programming,Vaccines,FALSE,N10,lmic,TRUE,2
10.1016/s0140-6736(20)32657-x,10.1016/S0140-6736(20)32657-X,Estimating the health impact of vaccination against ten pathogens in 98 low-income and middle-income countries from 2000 to 2030: a modelling study.,2021,Vaccination programming,"Lancet (London, England)",FALSE,N17,lmic,TRUE,2
10.1016/j.vaccine.2021.03.023,10.1016/j.vaccine.2021.03.023,Incorporating equity in infectious disease modeling: Case study of a distributional impact framework for measles transmission.,2021,Population/transmission dynamics,Vaccine,FALSE,N07,,TRUE,2
10.1093/infdis/jiac233,10.1093/infdis/jiac233,Assessing the Effects of Measles Virus Infections on Childhood Infectious Disease Mortality in Brazil.,2022,Population/transmission dynamics,The Journal of infectious diseases,FALSE,N07,,TRUE,2
10.1186/s12916-022-02242-2,10.1186/s12916-022-02242-2,Differential health impact of intervention programs for time-varying disease risk: a measles vaccination modeling study.,2022,Vaccination programming,BMC medicine,FALSE,N07,,TRUE,2
10.1186/s12916-022-02277-5,10.1186/s12916-022-02277-5,The impact of local vaccine coverage and recent incidence on measles transmission in France between 2009 and 2018.,2022,Vaccination programming,BMC medicine,FALSE,N13,,TRUE,2
10.1136/bmjgh-2022-011526,10.1136/bmjgh-2022-011526,Cost-effectiveness of measles and rubella elimination in low-income and middle-income countries.,2023,Health economics,BMJ global health,FALSE,N16,lmic,TRUE,2
10.3390/vaccines12060585,10.3390/vaccines12060585,Evaluating Scope and Bias of Population-Level Measles Serosurveys: A Systematized Review and Bias Assessment.,2024,Surveillance and diagnostics,Vaccines,FALSE,N13,,TRUE,2
10.1016/j.vaccine.2023.07.033,10.1016/j.vaccine.2023.07.033,Modeling the impact of vaccination for the immunization Agenda 2030: Deaths averted due to vaccination against 14 pathogens in 194 countries from 2021 to 2030.,2024,Vaccination programming,Vaccine,FALSE,N11,lmic,TRUE,2
10.1007/s12190-025-02677-9,10.1007/s12190-025-02677-9,Assessing measles control through vaccination and public health education: a data-driven mathematical modeling approach,2025,Vaccination programming,JOURNAL OF APPLIED MATHEMATICS AND COMPUTING,FALSE,N10; N11,,TRUE,2
10.1136/bmjgh-2024-016887,10.1136/bmjgh-2024-016887,Estimating the historical impact of outbreak response immunisation programmes across 210 outbreaks in low and middle-income countries,2025,Vaccination programming,BMJ Glob Health,FALSE,N16,lmic,TRUE,2
10.1001/jamanetworkopen.2025.33732,10.1001/jamanetworkopen.2025.33732,Measles Vaccination Coverage After a Postelimination Outbreak,2025,Vaccination programming,JAMA NETWORK OPEN,FALSE,N13,,TRUE,2
10.1016/j.jinf.2025.106569,10.1016/j.jinf.2025.106569,Nowcasting cases and trends during the measles 2023/24 outbreak in England,2025,Population/transmission dynamics,J Infect,FALSE,N04,,TRUE,2
10.1186/s44263-025-00239-6,10.1186/s44263-025-00239-6,Estimating the impact of decreasing vaccination response times for outbreaks of vaccine-preventable diseases in low- and middle-income countries,2026,Vaccination programming,BMC Glob Public Health,FALSE,N16,lmic,TRUE,2
10.1186/s12879-026-12720-0,10.1186/s12879-026-12720-0,Forecasting and quantifying the role of vaccination strategies in the 2025 Texas measles outbreak: a modeling and time series analysis approach,2026,Vaccination programming,BMC Infect Dis,FALSE,N13,,TRUE,2
title:scheduling of measles vaccination campaigns in low-income countries: projections of a dynamic model,,Scheduling of Measles Vaccination Campaigns in Low-income Countries: Projections of a Dynamic Model,,Vaccination programming,VACCINE,FALSE,N16,lmic,TRUE,2
10.11150/kansenshogakuzasshi1970.74.1012,10.11150/kansenshogakuzasshi1970.74.1012,[Comparison of cost and benefits of each model for rubella immunization in Japan].,2000,Health economics,Kansenshogaku zasshi. The Journal of the Japanese Association for Infectious           Diseases,FALSE,N16,,TRUE,1
10.1016/s0264-410x(00)00175-4 we - science citation index expanded (sci-expanded),10.1016/S0264-410X(00)00175-4     WE  - Science Citation Index Expanded (SCI-EXPANDED),Modelling antibody response to measles vaccine and subsequent waning of immunity in a low exposure population,2000,Surveillance and diagnostics,VACCINE,FALSE,N11,,TRUE,1
10.1186/1471-2458-2-22,10.1186/1471-2458-2-22,The average cost of measles cases and adverse events following vaccination in industrialised countries.,2002,Health economics,BMC public health,FALSE,N16,,TRUE,1
title:[measles in the italian regions: estimate of infection parameters].,,[Measles in the Italian regions: estimate of infection parameters].,2003,Population/transmission dynamics,Epidemiologia e prevenzione,FALSE,N14,,TRUE,1
10.1006/jtbi.2003.3181,10.1006/jtbi.2003.3181,Antibody dynamics in childhood diseases: waning and boosting of immunity and the impact of vaccination.,2003,Surveillance and diagnostics,Journal of theoretical biology,FALSE,N11,,TRUE,1
10.1086/368038,10.1086/368038,Future savings from measles eradication in industrialized countries.,2003,Health economics,The Journal of infectious diseases,FALSE,N16,,TRUE,1
10.1016/j.vaccine.2004.02.047,10.1016/j.vaccine.2004.02.047,Waning immunity and subclinical measles infections in England.,2004,Population/transmission dynamics,Vaccine,FALSE,N11,,TRUE,1
10.1017/s0950268804003152,10.1017/s0950268804003152,Measles elimination in Italy: projected impact of the National Elimination Plan.,2005,Population/transmission dynamics,Epidemiology and infection,FALSE,N16,,TRUE,1
10.1017/s0950268806007369,10.1017/S0950268806007369,Modelling vaccination programmes against measles in Taiwan.,2007,Vaccination programming,Epidemiology and infection,FALSE,N14,,TRUE,1
10.1098/rspb.2006.0030,10.1098/rspb.2006.0030,Seasonality and the persistence and invasion of measles.,2007,Population/transmission dynamics,Proceedings. Biological sciences,FALSE,N15,,TRUE,1
10.1371/journal.pone.0001941,10.1371/journal.pone.0001941,Measles on the edge: coastal heterogeneities and infection dynamics.,2008,Population/transmission dynamics,PloS one,FALSE,N15,,TRUE,1
10.1111/j.1461-0248.2009.01289.x,10.1111/j.1461-0248.2009.01289.x,A link between the North Atlantic Oscillation and measles dynamics during the vaccination period in England and Wales.,2009,Population/transmission dynamics,Ecology letters,FALSE,N15,,TRUE,1
10.1016/j.vaccine.2008.09.095,10.1016/j.vaccine.2008.09.095,"Potential impacts of schedule changes, waning immunity and vaccine uptake on measles elimination in Australia.",2009,Population/transmission dynamics,Vaccine,FALSE,N11,,TRUE,1
10.1073/pnas.1101694108,10.1073/pnas.1101694108,Synthesizing epidemiological and economic optima for control of immunizing infections.,2011,Health economics,Proceedings of the National Academy of Sciences of the United States of America,FALSE,N10,,TRUE,1
10.1002/sim.4481,10.1002/sim.4481,Estimating vaccination coverage for the trivalent measles-mumps-rubella vaccine from trivariate serological data.,2012,Surveillance and diagnostics,Statistics in medicine,FALSE,N11,,TRUE,1
10.1098/rsif.2013.0643,10.1098/rsif.2013.0643,Characterizing the dynamics of rubella relative to measles: the role of stochasticity.,2013,Population/transmission dynamics,"Journal of the Royal Society, Interface",FALSE,N15,,TRUE,1
10.1098/rstb.2012.0141,10.1098/rstb.2012.0141,"Think globally, act locally: the role of local demographics and vaccination coverage in the dynamic response of measles infection to control.",2013,Population/transmission dynamics,"Philosophical transactions of the Royal Society of London. Series B, Biological           sciences",FALSE,N16,,TRUE,1
10.1093/aje/kwt236,10.1093/aje/kwt236,Reaching hard-to-reach individuals: Nonselective versus targeted outbreak response vaccination for measles.,2014,Vaccination programming,American journal of epidemiology,FALSE,N16,,TRUE,1
10.1371/currents.outbreaks.b497624d7043b1aecfbfd3dfda3e344a,10.1371/currents.outbreaks.b497624d7043b1aecfbfd3dfda3e344a,Assessing Measles Transmission in the United States Following a Large Outbreak in California.,2015,Population/transmission dynamics,PLoS currents,FALSE,N10,,TRUE,1
10.1016/j.socscimed.2015.06.018,10.1016/j.socscimed.2015.06.018,Comparing the health and social protection effects of measles vaccination strategies in Ethiopia: An extended cost-effectiveness analysis.,2015,Health economics,Social science & medicine (1982),FALSE,N16,,TRUE,1
10.1098/rsif.2014.1317,10.1098/rsif.2014.1317,Impact of human mobility on the periodicities and mechanisms underlying measles dynamics.,2015,Population/transmission dynamics,"Journal of the Royal Society, Interface",FALSE,N15,,TRUE,1
10.1016/j.vaccine.2014.12.071,10.1016/j.vaccine.2014.12.071,Predicting localised measles outbreak potential in Australia.,2015,Population/transmission dynamics,Vaccine,FALSE,N10,,TRUE,1
10.7717/peerj.2476,10.7717/peerj.2476,A 'post-honeymoon' measles epidemic in Burundi: mathematical model-based analysis and implications for vaccination timing.,2016,Vaccination programming,PeerJ,FALSE,N16,,TRUE,1
10.1073/pnas.1604976113,10.1073/pnas.1604976113,Estimating enhanced prevaccination measles transmission hotspots in the context of cross-scale dynamics.,2016,Population/transmission dynamics,Proceedings of the National Academy of Sciences of the United States of America,FALSE,N15,,TRUE,1
10.1371/journal.pone.0167160,10.1371/journal.pone.0167160,The Effect of Contact Investigations and Public Health Interventions in the Control and Prevention of Measles Transmission: A Simulation Study.,2016,Population/transmission dynamics,PloS one,FALSE,N14,,TRUE,1
10.1016/j.vaccine.2017.05.011,10.1016/j.vaccine.2017.05.011,Assessing age-dependent susceptibility to measles in Japan.,2017,Population/transmission dynamics,Vaccine,FALSE,N10,,TRUE,1
10.1016/j.vaccine.2017.09.038,10.1016/j.vaccine.2017.09.038,Assessing the cost-effectiveness of different measles vaccination strategies for children in the Democratic Republic of Congo.,2017,Health economics,Vaccine,FALSE,N16,,TRUE,1
10.1093/aje/kww168,10.1093/aje/kww168,"Assessment of the Status of Measles Elimination in the United States, 2001-2014.",2017,Elimination/Eradication,American journal of epidemiology,FALSE,N10,,TRUE,1
10.1371/journal.pmed.1002255,10.1371/journal.pmed.1002255,Demographic transition and the dynamics of measles in six provinces in China: A modeling study.,2017,Population/transmission dynamics,PLoS medicine,FALSE,N16,,TRUE,1
10.1001/jamapediatrics.2017.1695,10.1001/jamapediatrics.2017.1695,Public Health and Economic Consequences of Vaccine Hesitancy for Measles in the United States.,2017,Health economics,JAMA pediatrics,FALSE,N17,,TRUE,1
10.5365/wpsar.2018.9.2.005,10.5365/wpsar.2018.9.2.005,"An investigation of a measles outbreak in Japan and China, Taiwan, China, March-May 2018.",2018,Population/transmission dynamics,Western Pacific surveillance and response journal : WPSAR,FALSE,N10,,TRUE,1
10.1098/rsif.2017.0575,10.1098/rsif.2017.0575,Measles outbreak response decision-making under uncertainty: a retrospective analysis.,2018,Population/transmission dynamics,"Journal of the Royal Society, Interface",FALSE,N16,,TRUE,1
10.1063/1.5026076 we - conference proceedings citation index - science (cpci-s),10.1063/1.5026076     WE  - Conference Proceedings Citation Index - Science (CPCI-S),Modelling the Effects of Treatment and Quarantine on Measles,2018,Population/transmission dynamics,SYMPOSIUM ON BIOMATHEMATICS (SYMOMATH) 2017,FALSE,N10,,TRUE,1
10.1177/0037549717721754 we - science citation index expanded (sci-expanded),10.1177/0037549717721754     WE  - Science Citation Index Expanded (SCI-EXPANDED),An agent-based model of school closing in under-vaccinated communities during measles outbreaks,2019,Population/transmission dynamics,SIMULATION-TRANSACTIONS OF THE SOCIETY FOR MODELING AND SIMULATION INTERNATIONAL,FALSE,N10,,TRUE,1
10.1001/jamanetworkopen.2019.9768,10.1001/jamanetworkopen.2019.9768,Forecasted Size of Measles Outbreaks Associated With Vaccination Exemptions for Schoolchildren.,2019,Vaccination programming,JAMA network open,FALSE,N17,,TRUE,1
10.1371/journal.pcbi.1007305,10.1371/journal.pcbi.1007305,"Long-term dynamics of measles in London: Titrating the impact of wars, the 1918 pandemic, and vaccination.",2019,Population/transmission dynamics,PLoS computational biology,FALSE,N16,,TRUE,1
10.1038/s41467-019-09611-1,10.1038/s41467-019-09611-1,Mapping vaccination coverage to explore the effects of delivery mechanisms and inform vaccination strategies.,2019,Vaccination programming,Nature communications,FALSE,N16,,TRUE,1
10.1016/j.vaccine.2019.08.050,10.1016/j.vaccine.2019.08.050,Optimization of frequency and targeting of measles supplemental immunization activities in Nigeria: A cost-effectiveness analysis.,2019,Health economics,Vaccine,FALSE,N16,,TRUE,1
10.1016/j.vaccine.2019.08.049,10.1016/j.vaccine.2019.08.049,The cost saving opportunity of introducing a card review into measles-containing vaccination campaigns.,2019,Health economics,Vaccine,FALSE,N16,,TRUE,1
10.1016/j.vaccine.2020.02.070,10.1016/j.vaccine.2020.02.070,Geospatial variation in measles vaccine coverage through routine and campaign strategies in Nigeria: Analysis of recent household surveys.,2020,Population/transmission dynamics,Vaccine,FALSE,N16,,TRUE,1
10.1016/j.vaccine.2020.04.079,10.1016/j.vaccine.2020.04.079,Measles vaccination of young infants in China: A cost-effectiveness analysis.,2020,Health economics,Vaccine,FALSE,N12,,TRUE,1
10.3390/math8111892 we - science citation index expanded (sci-expanded),10.3390/math8111892     WE  - Science Citation Index Expanded (SCI-EXPANDED),"Modeling and Controlling Epidemic Outbreaks: The Role of Population Size, Model Heterogeneity and Fast Response in the Case of Measles",2020,Population/transmission dynamics,MATHEMATICS,FALSE,N17,,TRUE,1
10.1016/j.idm.2020.06.003,10.1016/j.idm.2020.06.003,Stochastic model of measles transmission dynamics with double dose vaccination.,2020,Vaccination programming,Infectious Disease Modelling,FALSE,N10,,TRUE,1
10.1098/rsif.2020.0010,10.1098/rsif.2020.0010,"Structure, space and size: competing drivers of variation in urban and rural measles transmission.",2020,Population/transmission dynamics,"Journal of the Royal Society, Interface",FALSE,N15,,TRUE,1
10.1186/s12879-020-05469-7,10.1186/s12879-020-05469-7,The potential impact of a recent measles epidemic on COVID-19 in Samoa.,2020,Population/transmission dynamics,BMC infectious diseases,FALSE,N14,,TRUE,1
10.1136/bmjgh-2021-007479,10.1136/bmjgh-2021-007479,"Using geospatial models to map zero-dose children: factors associated with zero-dose vaccination status before and after a mass measles and rubella vaccination campaign in Southern province, Zambia.",2021,Population/transmission dynamics,BMJ global health,FALSE,N16,,TRUE,1
10.1016/j.vaccine.2021.08.053,10.1016/j.vaccine.2021.08.053,Modelling the relative benefits of using the measles vaccine outside cold chain for outbreak response,2021,Vaccination programming,VACCINE,FALSE,N16,,TRUE,1
10.1371/journal.pone.0269066,10.1371/journal.pone.0269066,Multilevel analysis of predictors of multiple indicators of childhood vaccination in Nigeria.,2022,Vaccination programming,PloS one,FALSE,N08,,TRUE,1
10.1016/j.epidem.2022.100647,10.1016/j.epidem.2022.100647,"Impact of disruptions to routine vaccination programs, quantifying burden of measles, and mapping targeted supplementary immunization activities.",2022,Vaccination programming,Epidemics,FALSE,N16,,TRUE,1
10.1017/s0950268822001431 we - science citation index expanded (sci-expanded),10.1017/S0950268822001431     WE  - Science Citation Index Expanded (SCI-EXPANDED),Measles epidemic in Southern Vietnam: an age-stratified spatio-temporal model for infectious disease counts,2022,Population/transmission dynamics,EPIDEMIOLOGY & INFECTION,FALSE,N14,,TRUE,1
10.4269/ajtmh.21-1083,10.4269/ajtmh.21-1083,Potential Impacts of Mass Nutritional Supplementation on Measles Dynamics: A Simulation Study.,2022,Population/transmission dynamics,The American journal of tropical medicine and hygiene,FALSE,N08,,TRUE,1
10.1542/peds.2021-050971,10.1542/peds.2021-050971,Spatial Clustering of Vaccine Exemptions on the Risk of a Measles Outbreak.,2022,Population/transmission dynamics,Pediatrics,FALSE,N17,,TRUE,1
10.1016/j.vaccine.2022.11.026,10.1016/j.vaccine.2022.11.026,Mapping the distribution of zero-dose children to assess the performance of vaccine delivery strategies and their relationships with measles incidence in Nigeria.,2023,Vaccination programming,Vaccine,FALSE,N16,,TRUE,1
10.1016/s2214-109x(23)00220-6,10.1016/S2214-109X(23)00220-6,Health effects of routine measles vaccination and supplementary immunisation activities in 14 high-burden countries: a Dynamic Measles Immunization Calculation Engine (DynaMICE) modelling study.,2023,Vaccination programming,The Lancet. Global health,FALSE,N16,,TRUE,1
10.1016/s2468-2667(24)00181-6,10.1016/S2468-2667(24)00181-6,Long-term waning of vaccine-induced immunity to measles in England: a mathematical modelling study.,2024,Vaccination programming,The Lancet. Public health,FALSE,N11,,TRUE,1
10.1073/pnas.2403808121,10.1073/pnas.2403808121,Modeling the population-level impact of a third dose of MMR vaccine on a mumps outbreak at the University of Iowa.,2024,Vaccination programming,Proceedings of the National Academy of Sciences of the United States of America,FALSE,N11,,TRUE,1
10.3390/vaccines12070820,10.3390/vaccines12070820,Optimal Timing Regularly Outperforms Higher Coverage in Preventative Measles Supplementary Immunization Campaigns.,2024,Vaccination programming,Vaccines,FALSE,N16,,TRUE,1
10.1038/s41598-025-21097-0,10.1038/s41598-025-21097-0,A health and economic evaluation of the spatial spillover effect from measles resurgence,2025,Health economics,Sci Rep,FALSE,N14,,TRUE,1
10.1038/s41467-025-63710-w,10.1038/s41467-025-63710-w,Impact of vaccination timing and coverage on measles near elimination dynamics: a mathematical modelling analysis,2025,Vaccination programming,Nat Commun,FALSE,N11,,TRUE,1
10.1186/s12879-025-10564-8,10.1186/s12879-025-10564-8,Measles in Canada: modelling outbreaks with variable vaccine coverage and interventions,2025,Vaccination programming,BMC Infect Dis,FALSE,N17,,TRUE,1
10.3390/epidemiologia6040060,10.3390/epidemiologia6040060,Modeling and Characterizing the Growth of the Texas-New Mexico Measles Outbreak of 2025,2025,Population/transmission dynamics,Epidemiologia (Basel),FALSE,N10,,TRUE,1
10.1186/s13662-025-03990-0,10.1186/s13662-025-03990-0,Modelling the effect of vaccination on the transmission dynamics of measles in China,2025,Vaccination programming,ADVANCES IN CONTINUOUS AND DISCRETE MODELS,FALSE,N10,,TRUE,1
10.1016/j.cam.2024.116308,10.1016/j.cam.2024.116308,A mathematical model for the role of vaccination and treatment in measles transmission in Turkey,2025,Vaccination programming,JOURNAL OF COMPUTATIONAL AND APPLIED MATHEMATICS,FALSE,N10,,TRUE,1
10.1016/j.scitotenv.2024.178141,10.1016/j.scitotenv.2024.178141,"Temporal, spatial, and methodological considerations in evaluating the viability of measles wastewater surveillance.",2025,Population/transmission dynamics,The Science of the total environment,FALSE,N11,,TRUE,1
title:[measles epidemiology in the netherlands: a exploratory analysis of notification].,,[Measles epidemiology in the Netherlands: a exploratory analysis of notification].,2000,Population/transmission dynamics,Nederlands tijdschrift voor geneeskunde,FALSE,,,FALSE,0
10.1126/science.287.5453.667,10.1126/science.287.5453.667,A simple model for complex dynamical transitions in epidemics.,2000,Theoretical modelling,"Science (New York, N.Y.)",TRUE,,,FALSE,0
title:decision trees and fuzzy logic: a comparison of models for the selection of measles vaccination strategies in brazil,,Decision trees and fuzzy logic: A comparison of models for the selection of measles vaccination strategies in Brazil,2000,Theoretical modelling,JOURNAL OF THE AMERICAN MEDICAL INFORMATICS ASSOCIATION,TRUE,N16,,FALSE,0
10.1016/s1201-9712(00)90060-2,10.1016/s1201-9712(00)90060-2,Introducing a novel model to estimate national and global measles disease burden.,2000,Theoretical modelling,International journal of infectious diseases : IJID : official publication of the           International Society for Infectious Diseases,TRUE,N11; N16; N17,lmic,FALSE,0
10.1017/s0950268899003556,10.1017/s0950268899003556,Predicting and preventing measles epidemics in New Zealand: application of a mathematical model.,2000,Population/transmission dynamics,Epidemiology and infection,FALSE,,,FALSE,0
10.1038/414716a,10.1038/414716a,Travelling waves and spatial hierarchies in measles epidemics.,2001,Population/transmission dynamics,Nature,FALSE,,,FALSE,0
10.1093/biostatistics/3.4.493 we - science citation index expanded (sci-expanded),10.1093/biostatistics/3.4.493     WE  - Science Citation Index Expanded (SCI-EXPANDED),A stochastic model for extinction and recurrence of epidemics:: estimation and inference for measles outbreaks,2002,Theoretical modelling,BIOSTATISTICS,TRUE,,,FALSE,0
10.1890/0012-9615(2002)072[0185:domesn]2.0.co;2 we - science citation index expanded (sci-expanded),10.1890/0012-9615(2002)072[0185:DOMESN]2.0.CO;2     WE  - Science Citation Index Expanded (SCI-EXPANDED),"Dynamics of measles epidemics:: Scaling noise, determinism, and predictability with the TSIR model",2002,Theoretical modelling,ECOLOGICAL MONOGRAPHS,TRUE,,,FALSE,0
10.1103/physreve.65.046108,10.1103/PhysRevE.65.046108,Monte Carlo simulation of the transmission of measles: beyond the mass action principle.,2002,Theoretical modelling,"Physical review. E, Statistical, nonlinear, and soft matter physics",TRUE,N14,,FALSE,0
10.1086/339467,10.1086/339467,The interplay between determinism and stochasticity in childhood diseases.,2002,Theoretical modelling,The American naturalist,TRUE,,,FALSE,0
10.1098/rspb.2001.1898,10.1098/rspb.2001.1898,"Understanding the persistence of measles: reconciling theory, simulation and observation.",2002,Theoretical modelling,Proceedings. Biological sciences,TRUE,N02; N15,,FALSE,0
10.1016/s0022-5193(03)00031-6 we - science citation index expanded (sci-expanded),10.1016/S0022-5193(03)00031-6     WE  - Science Citation Index Expanded (SCI-EXPANDED),Interpreting time-series analyses for continuous-time biological models-measles as a case study,2003,Theoretical modelling,JOURNAL OF THEORETICAL BIOLOGY,TRUE,,,FALSE,0
10.1007/s10198-003-0192-3,10.1007/s10198-003-0192-3,Measles dynamics and vaccination diffusion. A model and an application.,2003,Vaccination programming,The European journal of health economics : HEPAC : health economics in prevention           and care,FALSE,,,FALSE,0
10.1016/s0264-410x(03)00051-3,10.1016/s0264-410x(03)00051-3,Reconstruction of measles dynamics in a vaccinated population.,2003,Population/transmission dynamics,Vaccine,FALSE,,,FALSE,0
10.1016/s0264-410x(03)00229-9,10.1016/s0264-410x(03)00229-9,The predicted impact of private sector MMR vaccination on the burden of Congenital Rubella Syndrome.,2003,Vaccination programming,Vaccine,FALSE,,,FALSE,0
10.1086/422341 we - science citation index expanded (sci-expanded),10.1086/422341     WE  - Science Citation Index Expanded (SCI-EXPANDED),Measles metapopulation dynamics: A gravity model for epidemiological coupling and dynamics,2004,Theoretical modelling,AMERICAN NATURALIST,TRUE,,,FALSE,0
10.1093/biostatistics/5.2.249,10.1093/biostatistics/5.2.249,Statistical inference and model selection for the 1861 Hagelloch measles epidemic.,2004,Theoretical modelling,"Biostatistics (Oxford, England)",TRUE,,,FALSE,0
10.1111/j.1348-0421.2007.tb03976.x,10.1111/j.1348-0421.2007.tb03976.x,Study of the effect of vaccination on periodic structures of measles epidemics in Japan.,2007,Vaccination programming,Microbiology and immunology,FALSE,,,FALSE,0
10.1186/1471-2334-8-44,10.1186/1471-2334-8-44,"Interpreting changes in measles genotype: the contribution of chance, migration and vaccine coverage.",2008,Surveillance and diagnostics,BMC infectious diseases,FALSE,,,FALSE,0
10.1098/rsif.2007.1292,10.1098/rsif.2007.1292,Likelihood-based estimation of continuous-time epidemic models from time-series data: application to measles transmission in London.,2008,Theoretical modelling,"Journal of the Royal Society, Interface",TRUE,N01,,FALSE,0
title:[comparison between early outbreak detection models and simulated outbreaks of measles in beijing].,,[Comparison between early outbreak detection models and simulated outbreaks of measles in Beijing].,2009,Population/transmission dynamics,Zhonghua liu xing bing xue za zhi = Zhonghua liuxingbingxue zazhi,FALSE,,,FALSE,0
10.1186/1756-0500-3-75,10.1186/1756-0500-3-75,A review of data needed to parameterize a dynamic model of measles in developing countries.,2010,Theoretical modelling,BMC research notes,TRUE,N10; N11; N12; N13; N16; N17,south_asia; lmic,FALSE,0
10.1590/s0124-00642010000100010,10.1590/s0124-00642010000100010,[Simulating measles and rubella elimination levels according to social stratification and interaction].,2010,Population/transmission dynamics,"Revista de salud publica (Bogota, Colombia)",FALSE,,humanitarian; lmic,FALSE,0
10.1098/rsif.2009.0317,10.1098/rsif.2009.0317,Decreasing stochasticity through enhanced seasonality in measles epidemics.,2010,Theoretical modelling,"Journal of the Royal Society, Interface",TRUE,N15,,FALSE,0
10.1016/j.physa.2010.02.034,10.1016/j.physa.2010.02.034,Disease Dynamics in a Dynamic Social Network.,2010,Theoretical modelling,Physica A,TRUE,,,FALSE,0
10.1017/s0950268809990173,10.1017/S0950268809990173,Episodic outbreaks bias estimates of age-specific force of infection: a corrected method using measles as an example.,2010,Theoretical modelling,Epidemiology and infection,TRUE,N15,,FALSE,0
10.1098/rsif.2009.0284,10.1098/rsif.2009.0284,Resolving the impact of waiting time distributions on the persistence of measles.,2010,Theoretical modelling,"Journal of the Royal Society, Interface",TRUE,N15,,FALSE,0
10.1093/infdis/jir132,10.1093/infdis/jir132,Assessing the cost-effectiveness of measles elimination in Uganda: local impact of a global eradication program.,2011,Health economics,The Journal of infectious diseases,FALSE,,,FALSE,0
10.1126/science.1210554,10.1126/science.1210554,Explaining seasonal fluctuations of measles in Niger using nighttime lights imagery.,2011,Theoretical modelling,"Science (New York, N.Y.)",TRUE,N15,lmic,FALSE,0
10.1093/infdis/jir096,10.1093/infdis/jir096,Global eradication of measles: an epidemiologic and economic evaluation.,2011,Elimination/Eradication,The Journal of infectious diseases,FALSE,,south_asia,FALSE,0
10.1017/s0950268810001664,10.1017/S0950268810001664,Heterogeneity in vaccination coverage explains the size and occurrence of measles epidemics in German surveillance data.,2011,Vaccination programming,Epidemiology and infection,FALSE,,,FALSE,0
10.1186/1471-2458-11-425 we - science citation index expanded (sci-expanded),10.1186/1471-2458-11-425     WE  - Science Citation Index Expanded (SCI-EXPANDED),Impact of changing the measles vaccine vial size on Niger's vaccine supply chain: a computational model,2011,Vaccination programming,BMC PUBLIC HEALTH,FALSE,,,FALSE,0
10.1371/journal.pmed.1001110,10.1371/journal.pmed.1001110,Measuring the performance of vaccination programs using cross-sectional surveys: a likelihood framework and retrospective analysis.,2011,Vaccination programming,PLoS medicine,FALSE,,lmic,FALSE,0
title:modelling of infectious diseases for providing signal of epidemics: a measles case study in bangladesh,,Modelling of Infectious Diseases for Providing Signal of Epidemics: A Measles Case Study in Bangladesh,2011,Theoretical modelling,JOURNAL OF HEALTH POPULATION AND NUTRITION,TRUE,N15,south_asia,FALSE,0
10.1098/rsif.2010.0412,10.1098/rsif.2010.0412,Parameterizing state-space models for infectious disease dynamics by generalized profiling: measles in Ontario.,2011,Theoretical modelling,"Journal of the Royal Society, Interface",TRUE,N10; N15,,FALSE,0
10.1016/j.vaccine.2011.03.013,10.1016/j.vaccine.2011.03.013,Replacing the measles ten-dose vaccine presentation with the single-dose presentation in Thailand.,2011,Vaccination programming,Vaccine,FALSE,,,FALSE,0
10.1093/infdis/jir114,10.1093/infdis/jir114,Using cost-effectiveness analysis to support research and development portfolio prioritization for product innovations in measles vaccination.,2011,Health economics,The Journal of infectious diseases,FALSE,,,FALSE,0
10.1111/j.1541-0420.2012.01748.x,10.1111/j.1541-0420.2012.01748.x,A network-based analysis of the 1861 Hagelloch measles data.,2012,Theoretical modelling,Biometrics,TRUE,N10,,FALSE,0
10.1016/j.mbs.2012.05.003,10.1016/j.mbs.2012.05.003,Disease persistence in epidemiological models: the interplay between vaccination and migration.,2012,Population/transmission dynamics,Mathematical biosciences,FALSE,,,FALSE,0
10.1111/j.1467-9876.2011.01001.x we - science citation index expanded (sci-expanded),10.1111/j.1467-9876.2011.01001.x     WE  - Science Citation Index Expanded (SCI-EXPANDED),Tracking measles infection through non-linear state space models,2012,Theoretical modelling,JOURNAL OF THE ROYAL STATISTICAL SOCIETY SERIES C-APPLIED STATISTICS,TRUE,N09; N17,,FALSE,0
10.1016/j.vaccine.2013.04.014,10.1016/j.vaccine.2013.04.014,"Economic analysis of measles elimination program in the Republic of Korea, 2001: a cost benefit analysis study.",2013,Health economics,Vaccine,FALSE,,,FALSE,0
10.1371/journal.pone.0074696,10.1371/journal.pone.0074696,"Persistence in epidemic metapopulations: quantifying the rescue effects for measles, mumps, rubella and whooping cough.",2013,Population/transmission dynamics,PloS one,FALSE,,,FALSE,0
10.7883/yoken.66.165,10.7883/yoken.66.165,Population size/density dependency hypothesis for measles epidemic: application of the hypothesis to countries in five WHO regions.,2013,Population/transmission dynamics,Japanese journal of infectious diseases,FALSE,,,FALSE,0
10.1155/2014/781028 we - science citation index expanded (sci-expanded),10.1155/2014/781028     WE  - Science Citation Index Expanded (SCI-EXPANDED),A Fractional SEIR Epidemic Model for Spatial and Temporal Spread of Measles in Metapopulations,2014,Theoretical modelling,ABSTRACT AND APPLIED ANALYSIS,TRUE,,,FALSE,0
10.1098/rspb.2013.2676,10.1098/rspb.2013.2676,Deciphering the relative weights of demographic transition and vaccination in the decrease of measles incidence in Italy.,2014,Theoretical modelling,Proceedings. Biological sciences,TRUE,,,FALSE,0
10.1177/1010539512461668,10.1177/1010539512461668,A stochastic model for early identification of infectious disease epidemics with application to measles cases in Bangladesh.,2015,Theoretical modelling,Asia-Pacific journal of public health,TRUE,N15,south_asia,FALSE,0
10.1098/rsif.2014.1125,10.1098/rsif.2014.1125,Predictability in a highly stochastic system: final size of measles epidemics in small populations.,2015,Theoretical modelling,"Journal of the Royal Society, Interface",TRUE,N15; N17,,FALSE,0
10.1007/s11538-015-0121-5,10.1007/s11538-015-0121-5,The Inverse Method for a Childhood Infectious Disease Model with Its Application to Pre-vaccination and Post-vaccination Measles Data.,2015,Theoretical modelling,Bulletin of mathematical biology,TRUE,N15,,FALSE,0
10.1017/s0950268814001988,10.1017/S0950268814001988,Transport networks and inequities in vaccination: remoteness shapes measles vaccine coverage and prospects for elimination across Africa.,2015,Population/transmission dynamics,Epidemiology and infection,FALSE,,lmic,FALSE,0
10.3760/cma.j.issn.0254-6450.2016.04.022,10.3760/cma.j.issn.0254-6450.2016.04.022,"[Spatial-temporal distribution feature of measles in Zhejiang province, 2013].",2016,Population/transmission dynamics,Zhonghua liu xing bing xue za zhi = Zhonghua liuxingbingxue zazhi,FALSE,,,FALSE,0
10.1177/0962280216660420 we - science citation index expanded (sci-expanded) we - conference proceedings citation index - science (cpci-s),10.1177/0962280216660420     WE  - Science Citation Index Expanded (SCI-EXPANDED)     WE  - Conference Proceedings Citation Index - Science (CPCI-S),A model to estimate the impact of changes in MMR vaccine uptake on inequalities in measles susceptibility in Scotland,2016,Population/transmission dynamics,STATISTICAL METHODS IN MEDICAL RESEARCH,FALSE,,,FALSE,0
10.1016/j.vaccine.2016.09.010,10.1016/j.vaccine.2016.09.010,"Informing rubella vaccination strategies in East Java, Indonesia through transmission modelling.",2016,Vaccination programming,Vaccine,FALSE,,,FALSE,0
10.1016/j.jval.2016.03.1917 we - science citation index expanded (sci-expanded) we - social science citation index (ssci),10.1016/j.jval.2016.03.1917     WE  - Science Citation Index Expanded (SCI-EXPANDED)     WE  - Social Science Citation Index (SSCI),MAGNITUDE AND COST OF A MEASLES OUTBREAK IN DENVER: AN AGENT-BASED TRANSMISSION MODEL,2016,Theoretical modelling,VALUE IN HEALTH,TRUE,,,FALSE,0
10.1111/risa.12440,10.1111/risa.12440,Modeling Measles Transmission in the North American Amish and Options for Outbreak Response.,2016,Population/transmission dynamics,Risk analysis : an official publication of the Society for Risk Analysis,FALSE,,,FALSE,0
10.1098/rsif.2016.0258,10.1098/rsif.2016.0258,"Periodicity, synchronization and persistence in pre-vaccination measles.",2016,Theoretical modelling,"Journal of the Royal Society, Interface",TRUE,,,FALSE,0
10.1016/j.jtbi.2016.04.017,10.1016/j.jtbi.2016.04.017,"Reconstruction of disease transmission rates: Applications to measles, dengue, and influenza.",2016,Theoretical modelling,Journal of theoretical biology,TRUE,,,FALSE,0
10.1111/risa.12459,10.1111/risa.12459,The Costs and Valuation of Health Impacts of Measles and Rubella Risk Management Policies.,2016,Health economics,Risk analysis : an official publication of the Society for Risk Analysis,FALSE,,,FALSE,0
10.1016/j.vaccine.2016.02.029,10.1016/j.vaccine.2016.02.029,"The economic cost of measles: Healthcare, public health and societal costs of the 2012-13 outbreak in Merseyside, UK.",2016,Health economics,Vaccine,FALSE,,,FALSE,0
10.1017/s0950268816002016,10.1017/S0950268816002016,Age-specific mixing generates transient outbreak risk following critical-level vaccination.,2017,Population/transmission dynamics,Epidemiology and infection,FALSE,,,FALSE,0
10.4314/jfas.v9i1s.786 we - emerging sources citation index (esci),10.4314/jfas.v9i1s.786     WE  - Emerging Sources Citation Index (ESCI),APPLYING TIME SERIES SIR MODEL TO INVESTIGATE EPIDEMIOLOGY AND CALCULATE MINIMUM VACCINATION COVERAGE AGAINST MEASLES IN IRAN,2017,Theoretical modelling,JOURNAL OF FUNDAMENTAL AND APPLIED SCIENCES,TRUE,N10,,FALSE,0
10.2471/blt.16.178475,10.2471/BLT.16.178475,"Estimated economic impact of vaccinations in 73 low- and middle-income countries, 2001-2020.",2017,Health economics,Bulletin of the World Health Organization,FALSE,,,FALSE,0
10.1002/mma.4462 we - science citation index expanded (sci-expanded),10.1002/mma.4462     WE  - Science Citation Index Expanded (SCI-EXPANDED),Mathematical model for assessing the impact of vaccination and treatment on measles transmission dynamics,2017,Vaccination programming,MATHEMATICAL METHODS IN THE APPLIED SCIENCES,TRUE,N07; N10,,FALSE,0
10.1186/s13662-017-1125-2 we - science citation index expanded (sci-expanded),10.1186/s13662-017-1125-2     WE  - Science Citation Index Expanded (SCI-EXPANDED),Modeling and analysis of the secondary routine dose against measles in China,2017,Vaccination programming,ADVANCES IN DIFFERENCE EQUATIONS,TRUE,N10; N17,,FALSE,0
10.1111/risa.12823 we - science citation index expanded (sci-expanded) we - social science citation index (ssci),10.1111/risa.12823     WE  - Science Citation Index Expanded (SCI-EXPANDED)     WE  - Social Science Citation Index (SSCI),Modeling and Managing the Risks of Measles and Rubella: A Global Perspective Part II,2017,Population/transmission dynamics,RISK ANALYSIS,FALSE,,,FALSE,0
10.1016/j.cegh.2017.01.002 we - emerging sources citation index (esci),10.1016/j.cegh.2017.01.002     WE  - Emerging Sources Citation Index (ESCI),Modelling spatial patterns of misaligned disease data: An application on measles incidence in Namibia,2017,Theoretical modelling,CLINICAL EPIDEMIOLOGY AND GLOBAL HEALTH,TRUE,,south_asia,FALSE,0
10.1038/ncomms15585,10.1038/ncomms15585,The geography of measles vaccination in the African Great Lakes region.,2017,Population/transmission dynamics,Nature communications,FALSE,,lmic,FALSE,0
10.1016/j.vaccine.2018.02.020,10.1016/j.vaccine.2018.02.020,High resolution age-structured mapping of childhood vaccination coverage in low and middle income countries.,2018,Population/transmission dynamics,Vaccine,FALSE,,lmic,FALSE,0
10.2807/1560-7917.es.2018.23.17.18-00165,10.2807/1560-7917.ES.2018.23.17.18-00165,"A modified chain binomial model to analyse the ongoing measles epidemic in Greece, July 2017 to February 2018.",2018,Theoretical modelling,Euro surveillance : bulletin Europeen sur les maladies transmissibles = European           communicable disease bulletin,TRUE,N16,,FALSE,0
10.1371/journal.pone.0206529,10.1371/journal.pone.0206529,Applying particle filtering in both aggregated and age-structured population compartmental models of pre-vaccination measles.,2018,Theoretical modelling,PloS one,TRUE,,,FALSE,0
10.4269/ajtmh.17-0218,10.4269/ajtmh.17-0218,"Challenges and Opportunities in Disease Forecasting in Outbreak Settings: A Case Study of Measles in Lola Prefecture, Guinea.",2018,Theoretical modelling,The American journal of tropical medicine and hygiene,TRUE,N16,,FALSE,0
10.1093/ofid/ofy137,10.1093/ofid/ofy137,Heterogeneity Between States in the Health and Economic Impact of Measles Immunization in the United States.,2018,Population/transmission dynamics,Open forum infectious diseases,FALSE,,,FALSE,0
10.1017/s0950268818001449,10.1017/S0950268818001449,Measles outbreak risk in Pakistan: exploring the potential of combining vaccination coverage and incidence data with novel data-streams to strengthen control.,2018,Population/transmission dynamics,Epidemiology and infection,FALSE,,south_asia,FALSE,0
10.1371/journal.ppat.1007493 we - science citation index expanded (sci-expanded),10.1371/journal.ppat.1007493     WE  - Science Citation Index Expanded (SCI-EXPANDED),Modeling the measles paradox reveals the importance of cellular immunity in regulating viral clearance,2018,Theoretical modelling,PLOS PATHOGENS,TRUE,,,FALSE,0
10.1371/journal.pone.0201700,10.1371/journal.pone.0201700,Modelling spatio-temporal patterns of disease for spatially misaligned data: An application on measles incidence data in Namibia from 2005-2014.,2018,Theoretical modelling,PloS one,TRUE,N08,,FALSE,0
10.1007/s11075-017-0426-6 we - science citation index expanded (sci-expanded),10.1007/s11075-017-0426-6     WE  - Science Citation Index Expanded (SCI-EXPANDED),Novel analytical and numerical techniques for fractional temporal SEIR measles model,2018,Theoretical modelling,NUMERICAL ALGORITHMS,TRUE,,,FALSE,0
10.3934/mbe.2018014,10.3934/mbe.2018014,Optimal time to intervene: The case of measles child immunization.,2018,Population/transmission dynamics,Mathematical biosciences and engineering : MBE,FALSE,,,FALSE,0
10.1177/0962280218797362,10.1177/0962280218797362,A spatial regression model for the disaggregation of areal unit based data to high-resolution grids with application to vaccination coverage mapping.,2019,Theoretical modelling,Statistical methods in medical research,TRUE,,south_asia,FALSE,0
title:estimating subnational first-dose measles-containing vaccine (mcv1) coverage using model-based geostatistics in low and middle income countries from 2000 to 2018,,ESTIMATING SUBNATIONAL FIRST-DOSE MEASLES-CONTAINING VACCINE (MCV1) COVERAGE USING MODEL-BASED GEOSTATISTICS IN LOW AND MIDDLE INCOME COUNTRIES FROM 2000 TO 2018,2019,Vaccination programming,AMERICAN JOURNAL OF TROPICAL MEDICINE AND HYGIENE,FALSE,,lmic,FALSE,0
10.4067/s0034-98872019000500650,10.4067/S0034-98872019000500650,[Calculating the risk of acquiring measles of chileans traveling abroad].,2019,Population/transmission dynamics,Revista medica de Chile,FALSE,,,FALSE,0
10.1088/1742-6596/1218/1/012044 we - conference proceedings citation index - science (cpci-s),10.1088/1742-6596/1218/1/012044     WE  - Conference Proceedings Citation Index - Science (CPCI-S),A deterministic model of measles with imperfect vaccination and quarantine intervention,2019,Theoretical modelling,"INTERNATIONAL CONFERENCE ON MATHEMATICS: PURE, APPLIED AND COMPUTATION",TRUE,N10,,FALSE,0
10.3390/fractalfract3040053 we - science citation index expanded (sci-expanded),10.3390/fractalfract3040053     WE  - Science Citation Index Expanded (SCI-EXPANDED),A Fractional Measles Model Having Monotonic Real Statistical Data for Constant Transmission Rate of the Disease,2019,Theoretical modelling,FRACTAL AND FRACTIONAL,TRUE,N10,south_asia,FALSE,0
10.1016/j.vaccine.2019.04.057,10.1016/j.vaccine.2019.04.057,"An economic evaluation of the current measles vaccination program: A case study in Zhejiang Province, east China.",2019,Health economics,Vaccine,FALSE,,,FALSE,0
10.5220/0007934405500559 we - conference proceedings citation index - science (cpci-s),10.5220/0007934405500559     WE  - Conference Proceedings Citation Index - Science (CPCI-S),"Analysis, Simulation and Control of a New Measles Epidemic Model",2019,Theoretical modelling,"ICINCO: PROCEEDINGS OF THE 16TH INTERNATIONAL CONFERENCE ON INFORMATICS IN CONTROL, AUTOMATION AND ROBOTICS, VOL 1",TRUE,,,FALSE,0
10.2807/1560-7917.es.2019.24.11.1800370,10.2807/1560-7917.ES.2019.24.11.1800370,"Cost-effectiveness of measles control during elimination in Ontario, Canada, 2015.",2019,Health economics,Euro surveillance : bulletin Europeen sur les maladies transmissibles = European           communicable disease bulletin,FALSE,,,FALSE,0
10.1016/j.vaccine.2019.03.007,10.1016/j.vaccine.2019.03.007,Economic value of vaccinating geographically hard-to-reach populations with measles vaccine: A modeling application in Kenya.,2019,Health economics,Vaccine,FALSE,,,FALSE,0
10.1002/sim.8290,10.1002/sim.8290,Estimation and prediction for a mechanistic model of measles transmission using particle filtering and maximum likelihood estimation.,2019,Theoretical modelling,Statistics in medicine,TRUE,N09,,FALSE,0
10.1007/978-3-030-22734-0_33 we - conference proceedings citation index - science (cpci-s),10.1007/978-3-030-22734-0_33     WE  - Conference Proceedings Citation Index - Science (CPCI-S),Future Ramifications of Age-Dependent Immunity Levels for Measles: Explorations in an Individual-Based Model,2019,Theoretical modelling,"COMPUTATIONAL SCIENCE - ICCS 2019, PT I",TRUE,N11; N13; N14,,FALSE,0
10.1016/j.mbs.2018.12.003,10.1016/j.mbs.2018.12.003,Global dynamics of a discrete age-structured SIR epidemic model with applications to measles vaccination strategies.,2019,Theoretical modelling,Mathematical biosciences,TRUE,N10,south_asia,FALSE,0
10.1017/s0950268819001420,10.1017/S0950268819001420,Indirect costs associated with deaths of children aged 0-14 years from measles in a weak health system and conflict and fragile zone: the case of Somalia.,2019,Health economics,Epidemiology and infection,FALSE,,humanitarian,FALSE,0
10.1111/biom.13110,10.1111/biom.13110,Integer-valued functional data analysis for measles forecasting.,2019,Theoretical modelling,Biometrics,TRUE,N15,,FALSE,0
10.1145/3305160.3305210 we - conference proceedings citation index - science (cpci-s),10.1145/3305160.3305210     WE  - Conference Proceedings Citation Index - Science (CPCI-S),Measles Metapopulation Modeling using Ideal Flow of Transportation Networks,2019,Theoretical modelling,PROCEEDINGS OF THE 2019 2ND INTERNATIONAL CONFERENCE ON SOFTWARE ENGINEERING AND INFORMATION MANAGEMENT (ICSIM 2019) / 2019 2ND INTERNATIONAL CONFERENCE ON BIG DATA AND SMART COMPUTING (ICBDSC 2019),TRUE,,,FALSE,0
title:modeling and control of measles epidemic spread with immunodepressed individuals and possible complications,,Modeling and control of measles epidemic spread with immunodepressed individuals and possible complications,2019,Population/transmission dynamics,2019 IEEE 58TH CONFERENCE ON DECISION AND CONTROL (CDC),FALSE,,,FALSE,0
10.1016/j.vaccine.2019.03.017,10.1016/j.vaccine.2019.03.017,Modeling the economic impact of different vial-opening thresholds for measles-containing vaccines.,2019,Health economics,Vaccine,FALSE,,,FALSE,0
10.1055/a-0895-2570 we - social science citation index (ssci),10.1055/a-0895-2570     WE  - Social Science Citation Index (SSCI),"Modeling the Effectiveness of Infection Control Measures to eliminate Measles with special consideration of Adults born after 1970 (vol 80, 2018)",2019,Population/transmission dynamics,GESUNDHEITSWESEN,FALSE,,,FALSE,0
10.1016/s1473-3099(19)30356-1 we - science citation index expanded (sci-expanded),10.1016/S1473-3099(19)30356-1     WE  - Science Citation Index Expanded (SCI-EXPANDED),Modelling the importation risk of measles during the Hajj,2019,Population/transmission dynamics,LANCET INFECTIOUS DISEASES,FALSE,,,FALSE,0
10.1063/1.5116807 we - science citation index expanded (sci-expanded),10.1063/1.5116807     WE  - Science Citation Index Expanded (SCI-EXPANDED),Spatio-temporal numerical modeling of reaction-diffusion measles epidemic system,2019,Theoretical modelling,CHAOS,TRUE,,,FALSE,0
10.1088/1742-6596/1324/1/012037 we - conference proceedings citation index - science (cpci-s),10.1088/1742-6596/1324/1/012037     WE  - Conference Proceedings Citation Index - Science (CPCI-S),Study on epidemic dynamics model with time delay to eliminate measles in China,2019,Population/transmission dynamics,"SECOND INTERNATIONAL CONFERENCE ON PHYSICS, MATHEMATICS AND STATISTICS",FALSE,,,FALSE,0
10.1080/21645515.2018.1532257,10.1080/21645515.2018.1532257,The impact of Measles-Rubella vaccination on the morbidity and mortality from Congenital Rubella Syndrome in 92 countries.,2019,Population/transmission dynamics,Human vaccines & immunotherapeutics,FALSE,,lmic,FALSE,0
10.1038/s41559-020-1186-6,10.1038/s41559-020-1186-6,A competing-risks model explains hierarchical spatial coupling of measles epidemics en route to national elimination.,2020,Elimination/Eradication,Nature ecology & evolution,FALSE,,,FALSE,0
10.1109/med48518.2020.9182861 we - conference proceedings citation index - science (cpci-s),10.1109/med48518.2020.9182861     WE  - Conference Proceedings Citation Index - Science (CPCI-S),"A new measles epidemic model: analysis, identification and prediction",2020,Theoretical modelling,2020 28TH MEDITERRANEAN CONFERENCE ON CONTROL AND AUTOMATION (MED),TRUE,,,FALSE,0
10.1038/s41598-020-76746-3,10.1038/s41598-020-76746-3,Clustering of susceptible individuals within households can drive measles outbreaks: an individual-based model exploration.,2020,Theoretical modelling,Scientific reports,TRUE,N06,,FALSE,0
10.1016/j.chaos.2020.110104 we - science citation index expanded (sci-expanded),10.1016/j.chaos.2020.110104     WE  - Science Citation Index Expanded (SCI-EXPANDED),Codimension one and two bifurcations of a discrete-time fractional-order SEIR measles epidemic model with constant vaccination,2020,Theoretical modelling,CHAOS SOLITONS & FRACTALS,TRUE,N10,,FALSE,0
10.1098/rspb.2019.1510,10.1098/rspb.2019.1510,Coexisting attractors in the context of cross-scale population dynamics: measles in London as a case study.,2020,Theoretical modelling,Proceedings. Biological sciences,TRUE,N15,,FALSE,0
10.1016/j.biosystems.2020.104102,10.1016/j.biosystems.2020.104102,Computational modelling and optimal control of measles epidemic in human population.,2020,Theoretical modelling,Bio Systems,TRUE,N10,,FALSE,0
10.1016/j.jtbi.2019.110028,10.1016/j.jtbi.2019.110028,Cost effectiveness and policy announcement: The case of measles mandatory vaccination.,2020,Health economics,Journal of theoretical biology,FALSE,,,FALSE,0
10.1186/s12879-020-05200-6,10.1186/s12879-020-05200-6,Estimating the nationwide transmission risk of measles in US schools and impacts of vaccination and supplemental infection control strategies.,2020,Vaccination programming,BMC infectious diseases,FALSE,,,FALSE,0
10.1007/s12190-019-01282-x we - science citation index expanded (sci-expanded),10.1007/s12190-019-01282-x     WE  - Science Citation Index Expanded (SCI-EXPANDED),Global stability analysis and optimal control of measles model with vaccination and treatment,2020,Vaccination programming,JOURNAL OF APPLIED MATHEMATICS AND COMPUTING,TRUE,N10,,FALSE,0
10.3390/ijerph17062014,10.3390/ijerph17062014,Integer Versus Fractional Order SEIR Deterministic and Stochastic Models of Measles.,2020,Theoretical modelling,International journal of environmental research and public health,TRUE,,,FALSE,0
10.1140/epjp/s13360-020-00392-x,10.1140/epjp/s13360-020-00392-x,Mathematical analysis for a new nonlinear measles epidemiological system using real incidence data from Pakistan.,2020,Population/transmission dynamics,European physical journal plus,TRUE,N10; N11,south_asia,FALSE,0
10.1098/rsif.2020.0084,10.1098/rsif.2020.0084,Probabilistic reconstruction of measles transmission clusters from routinely collected surveillance data.,2020,Population/transmission dynamics,"Journal of the Royal Society, Interface",FALSE,,,FALSE,0
10.1016/j.annepidem.2019.10.007,10.1016/j.annepidem.2019.10.007,Spatio-temporal dynamics of measles outbreaks in Cameroon.,2020,Population/transmission dynamics,Annals of epidemiology,FALSE,,,FALSE,0
10.1136/bmjgh-2020-003153,10.1136/bmjgh-2020-003153,"Towards better targeting: lessons from a posthoneymoon measles outbreak in Madagascar, 2018-2019.",2020,Population/transmission dynamics,BMJ global health,FALSE,,,FALSE,0
10.1016/j.vaccine.2019.11.020,10.1016/j.vaccine.2019.11.020,Using models to shape measles control and elimination strategies in low- and middle-income countries: A review of recent applications.,2020,Elimination/Eradication,Vaccine,FALSE,,,FALSE,0
10.1038/s41586-020-03043-4,10.1038/s41586-020-03043-4,Mapping routine measles vaccination in low- and middle-income countries.,2021,Vaccination programming,Nature,FALSE,,lmic,FALSE,0
10.1214/21-aoas1474 we - science citation index expanded (sci-expanded),10.1214/21-AOAS1474     WE  - Science Citation Index Expanded (SCI-EXPANDED),SPACE-TIME SMOOTHING MODELS FOR SUBNATIONAL MEASLES ROUTINE IMMUNIZATION COVERAGE ESTIMATION WITH COMPLEX SURVEY DATA,2021,Theoretical modelling,ANNALS OF APPLIED STATISTICS,TRUE,N16,,FALSE,0
10.1186/s12913-021-06370-y,10.1186/s12913-021-06370-y,"A review of geospatial methods for population estimation and their use in constructing reproductive, maternal, newborn, child and adolescent health service indicators.",2021,Theoretical modelling,BMC health services research,TRUE,,lmic,FALSE,0
10.1016/j.apm.2020.08.084,10.1016/j.apm.2020.08.084,A time-delayed SVEIR model for imperfect vaccine with a generalized nonmonotone incidence and application to measles.,2021,Theoretical modelling,Applied mathematical modelling,TRUE,N10; N13,,FALSE,0
10.1186/s12879-021-06930-x,10.1186/s12879-021-06930-x,Biphasic pattern in the effect of severe measles infection; the difference between additive and multiplicative scale.,2021,Theoretical modelling,BMC infectious diseases,TRUE,N06,,FALSE,0
10.5556/j.tkjm.52.2021.3367 we - emerging sources citation index (esci),10.5556/j.tkjm.52.2021.3367     WE  - Emerging Sources Citation Index (ESCI),Boundedness and Stability Properties of Solutions of Mathematical Model of Measles,2021,Theoretical modelling,TAMKANG JOURNAL OF MATHEMATICS,TRUE,N10,,FALSE,0
10.1016/s0140-6736(21)01337-4,10.1016/S0140-6736(21)01337-4,Estimating global and regional disruptions to routine childhood vaccine coverage during the COVID-19 pandemic in 2020: a modelling study.,2021,Vaccination programming,"Lancet (London, England)",FALSE,,south_asia; lmic,FALSE,0
10.7554/elife.67635,10.7554/eLife.67635,Lives saved with vaccination for 10 pathogens across 112 countries in a pre-COVID-19 world.,2021,Vaccination programming,eLife,FALSE,,,FALSE,0
10.1016/j.chaos.2021.110766,10.1016/j.chaos.2021.110766,Modeling of measles epidemic with optimized fractional order under Caputo differential operator,2021,Theoretical modelling,CHAOS SOLITONS & FRACTALS,TRUE,N10,lmic,FALSE,0
10.1186/s12889-021-10513-5,10.1186/s12889-021-10513-5,Using a hybrid agent-based and equation based model to test school closure policies during a measles outbreak.,2021,Theoretical modelling,BMC public health,TRUE,,,FALSE,0
10.1371/journal.pgph.0000244,10.1371/journal.pgph.0000244,Assessing the characteristics of un- and under-vaccinated children in low- and middle-income countries: A multi-level cross-sectional study.,2022,Vaccination programming,PLOS global public health,FALSE,,humanitarian; lmic,FALSE,0
10.1016/j.vaccine.2022.09.049,10.1016/j.vaccine.2022.09.049,Exploring the subnational inequality and heterogeneity of the impact of routine measles immunisation in Africa.,2022,Vaccination programming,Vaccine,FALSE,,lmic,FALSE,0
10.3934/mbe.2022131 we - science citation index expanded (sci-expanded),10.3934/mbe.2022131     WE  - Science Citation Index Expanded (SCI-EXPANDED),"A mathematical investigation of an ""SVEIR"" epidemic model for the measles transmission",2022,Theoretical modelling,MATHEMATICAL BIOSCIENCES AND ENGINEERING,TRUE,N10,,FALSE,0
10.3934/mbe.2022131,10.3934/mbe.2022131,"A mathematical investigation of an ""SVEIR"" epidemic model for the measles transmission.",2022,Theoretical modelling,Mathematical biosciences and engineering : MBE,TRUE,N10,,FALSE,0
10.1016/j.jtbi.2021.110943,10.1016/j.jtbi.2021.110943,A spatio-stochastic model for the spread of infectious diseases.,2022,Theoretical modelling,Journal of theoretical biology,TRUE,,lmic,FALSE,0
10.3390/ijerph19031861,10.3390/ijerph19031861,An Economic Analysis of Mumps Vaccination in Fiji: Static Model Simulation of Routine Measles-Mumps-Rubella (MMR) Vaccination Instead of Current Measles-Rubella (MR) Vaccination.,2022,Health economics,International journal of environmental research and public health,FALSE,,,FALSE,0
10.1098/rsif.2022.0123,10.1098/rsif.2022.0123,Anticipating infectious disease re-emergence and elimination: a test of early warning signals using empirically based models.,2022,Elimination/Eradication,"Journal of the Royal Society, Interface",FALSE,,,FALSE,0
10.1371/journal.pcbi.1010251,10.1371/journal.pcbi.1010251,Comparing and linking machine learning and semi-mechanistic models for the predictability of endemic measles dynamics.,2022,Theoretical modelling,PLoS computational biology,TRUE,N15,,FALSE,0
10.1186/s12879-022-07703-w,10.1186/s12879-022-07703-w,COVID's collateral damage: likelihood of measles resurgence in the United States.,2022,Population/transmission dynamics,BMC infectious diseases,FALSE,,south_asia; lmic,FALSE,0
10.1371/journal.pgph.0001126,10.1371/journal.pgph.0001126,"Estimates of the number and distribution of zero-dose and under-immunised children across remote-rural, urban, and conflict-affected settings in low and middle-income countries.",2022,Vaccination programming,PLOS global public health,FALSE,,humanitarian; lmic,FALSE,0
10.1016/j.vaccine.2022.06.033,10.1016/j.vaccine.2022.06.033,Estimating the number of US children susceptible to measles resulting from COVID-19-related vaccination coverage declines.,2022,Vaccination programming,Vaccine,FALSE,,,FALSE,0
title:feasibility of measles and rubella vaccination programmes for disease elimination: a modelling study,,Feasibility of measles and rubella vaccination programmes for disease elimination: a modelling study,2022,Vaccination programming,LANCET GLOBAL HEALTH,FALSE,,,FALSE,0
10.3390/axioms11080363 we - science citation index expanded (sci-expanded),10.3390/axioms11080363     WE  - Science Citation Index Expanded (SCI-EXPANDED),Fractional Dynamics of a Measles Epidemic Model,2022,Theoretical modelling,AXIOMS,TRUE,N10,,FALSE,0
10.1142/s0218348x22401545 we - science citation index expanded (sci-expanded),10.1142/S0218348X22401545     WE  - Science Citation Index Expanded (SCI-EXPANDED),MATHEMATICAL AND NUMERICAL ANALYSIS OF SIQR EPIDEMIC MODEL OF MEASLES DISEASE DYNAMICS,2022,Theoretical modelling,FRACTALS-COMPLEX GEOMETRY PATTERNS AND SCALING IN NATURE AND SOCIETY,TRUE,,,FALSE,0
10.1080/10236198.2022.2079411,10.1080/10236198.2022.2079411,Mathematical model of measles transmission dynamics using real data from Nigeria,2022,Population/transmission dynamics,JOURNAL OF DIFFERENCE EQUATIONS AND APPLICATIONS,TRUE,N06; N10,,FALSE,0
10.22075/ijnaa.2020.20450.2156 we - emerging sources citation index (esci),10.22075/ijnaa.2020.20450.2156     WE  - Emerging Sources Citation Index (ESCI),Treatment of dynamical nonlinear Measles model: An evolutionary approach,2022,Theoretical modelling,INTERNATIONAL JOURNAL OF NONLINEAR ANALYSIS AND APPLICATIONS,TRUE,,,FALSE,0
10.1080/10255842.2023.2297171,10.1080/10255842.2023.2297171,A fractional modeling approach for the transmission dynamics of measles with double-dose vaccination.,2023,Population/transmission dynamics,Computer methods in biomechanics and biomedical engineering,TRUE,N10,,FALSE,0
10.1038/s41598-023-42953-x we - science citation index expanded (sci-expanded),10.1038/s41598-023-42953-x     WE  - Science Citation Index Expanded (SCI-EXPANDED),A reliable numerical investigation of an SEIR model of measles disease dynamics with fuzzy criteria,2023,Theoretical modelling,SCIENTIFIC REPORTS,TRUE,,,FALSE,0
10.1002/bimj.202100408,10.1002/bimj.202100408,A zero-inflated endemic-epidemic model with an application to measles time series in Germany.,2023,Theoretical modelling,Biometrical journal. Biometrische Zeitschrift,TRUE,,,FALSE,0
title:an extended seir compartmental model seir-hcd-v for estimating measles transmission risk in hospital,,An extended SEIR compartmental model SEIR-HCD-V for estimating measles transmission risk in hospital,2023,Population/transmission dynamics,RESPIROLOGY,FALSE,,,FALSE,0
10.1007/s40435-022-01105-1 we - emerging sources citation index (esci),10.1007/s40435-022-01105-1     WE  - Emerging Sources Citation Index (ESCI),Analysis and dynamics of measles with control strategies: a mathematical modeling approach,2023,Population/transmission dynamics,INTERNATIONAL JOURNAL OF DYNAMICS AND CONTROL,TRUE,N06; N10,,FALSE,0
10.3390/vaccines11121830,10.3390/vaccines11121830,Geospatial Analyses of Recent Household Surveys to Assess Changes in the Distribution of Zero-Dose Children and Their Associated Factors before and during the COVID-19 Pandemic in Nigeria.,2023,Population/transmission dynamics,Vaccines,FALSE,,,FALSE,0
10.1136/bmjgh-2023-012204,10.1136/bmjgh-2023-012204,Impact and cost-effectiveness of measles vaccination through microarray patches in 70 low-income and middle-income countries: mathematical modelling and early-stage economic evaluation.,2023,Health economics,BMJ global health,FALSE,,lmic,FALSE,0
10.1016/j.idm.2023.01.007,10.1016/j.idm.2023.01.007,Likelihood-based estimation and prediction for a measles outbreak in Samoa.,2023,Population/transmission dynamics,Infectious Disease Modelling,FALSE,,,FALSE,0
10.1016/j.vaccine.2023.08.004,10.1016/j.vaccine.2023.08.004,Mapping the timeliness of routine childhood vaccination in The Gambia: A spatial modelling study.,2023,Vaccination programming,Vaccine,FALSE,,,FALSE,0
10.1016/j.idm.2023.08.001,10.1016/j.idm.2023.08.001,Mathematical analysis of pulse vaccination in controlling the dynamics of measles transmission.,2023,Theoretical modelling,Infectious Disease Modelling,TRUE,N10,,FALSE,0
10.3390/sym15020468 we - science citation index expanded (sci-expanded),10.3390/sym15020468     WE  - Science Citation Index Expanded (SCI-EXPANDED),Modelling and Analysis of a Measles Epidemic Model with the Constant Proportional Caputo Operator,2023,Theoretical modelling,SYMMETRY-BASEL,TRUE,,,FALSE,0
10.1155/2023/9353540 we - science citation index expanded (sci-expanded),10.1155/2023/9353540     WE  - Science Citation Index Expanded (SCI-EXPANDED),"Modelling, Analysis, and Simulation of Measles Disease Transmission Dynamics",2023,Theoretical modelling,DISCRETE DYNAMICS IN NATURE AND SOCIETY,TRUE,N10; N14,,FALSE,0
10.2196/42832,10.2196/42832,Predicting Measles Outbreaks in the United States: Evaluation of Machine Learning Approaches.,2023,Theoretical modelling,JMIR formative research,TRUE,,,FALSE,0
10.1140/epjp/s13360-023-04625-7 we - science citation index expanded (sci-expanded),10.1140/epjp/s13360-023-04625-7     WE  - Science Citation Index Expanded (SCI-EXPANDED),The impact of Levy noise on a stochastic measles model,2023,Theoretical modelling,EUROPEAN PHYSICAL JOURNAL PLUS,TRUE,,,FALSE,0
10.1080/10255842.2022.2050222,10.1080/10255842.2022.2050222,The measles epidemic model assessment under real statistics: an application of stochastic optimal control theory.,2023,Theoretical modelling,Computer methods in biomechanics and biomedical engineering,TRUE,N10,,FALSE,0
10.1016/j.vaccine.2023.05.039,10.1016/j.vaccine.2023.05.039,The societal cost of vaccine refusal: A modelling study using measles vaccination as a case study,2023,Health economics,VACCINE,FALSE,,,FALSE,0
10.1016/j.cnsns.2022.106911,10.1016/j.cnsns.2022.106911,Theoretical analysis of a measles model with nonlinear incidence functions,2023,Theoretical modelling,COMMUNICATIONS IN NONLINEAR SCIENCE AND NUMERICAL SIMULATION,TRUE,N10,,FALSE,0
10.3390/fractalfract8080446 we - science citation index expanded (sci-expanded),10.3390/fractalfract8080446     WE  - Science Citation Index Expanded (SCI-EXPANDED),A Compartmental Approach to Modeling the Measles Disease: A Fractional Order Optimal Control Model,2024,Theoretical modelling,FRACTAL AND FRACTIONAL,TRUE,N10,,FALSE,0
10.1093/aje/kwae304,10.1093/aje/kwae304,Adjusting mobile phone data to account for children's travel and the impact on measles dynamics in Zambia.,2024,Population/transmission dynamics,American journal of epidemiology,FALSE,,,FALSE,0
10.1002/sim.9951,10.1002/sim.9951,Analysis of the yearly transition function in measles disease modeling.,2024,Theoretical modelling,Statistics in medicine,TRUE,N13; N15,,FALSE,0
10.1371/journal.pcbi.1012616 we - science citation index expanded (sci-expanded),10.1371/journal.pcbi.1012616     WE  - Science Citation Index Expanded (SCI-EXPANDED),Deep neural networks for endemic measles dynamics: Comparative analysis and integration with mechanistic models,2024,Theoretical modelling,PLOS COMPUTATIONAL BIOLOGY,TRUE,N15,,FALSE,0
10.1007/s40840-024-01771-8 we - science citation index expanded (sci-expanded),10.1007/s40840-024-01771-8     WE  - Science Citation Index Expanded (SCI-EXPANDED),Dynamics of a Stochastic Measles Model with General Incidence Rate and Black-Karasinski Process,2024,Theoretical modelling,BULLETIN OF THE MALAYSIAN MATHEMATICAL SCIENCES SOCIETY,TRUE,,,FALSE,0
10.4178/epih.e2024075,10.4178/epih.e2024075,"Epidemic characteristics of measles and efforts to control measles infections in Zhejiang Province, China.",2024,Population/transmission dynamics,Epidemiology and health,FALSE,,,FALSE,0
10.1016/s2214-109x(23)00603-4,10.1016/S2214-109X(23)00603-4,Estimating the health effects of COVID-19-related immunisation disruptions in 112 countries during 2020-30: a modelling study.,2024,Vaccination programming,The Lancet. Global health,FALSE,,lmic,FALSE,0
10.1371/journal.pmed.1004466,10.1371/journal.pmed.1004466,Estimating the risk and spatial spread of measles in populations with high MMR uptake: Using school-household networks to understand the 2013 to 2014 outbreak in the Netherlands.,2024,Vaccination programming,PLoS medicine,FALSE,,,FALSE,0
10.37256/cm.5120242428 we - emerging sources citation index (esci),10.37256/cm.5120242428     WE  - Emerging Sources Citation Index (ESCI),Feasibility and Stability Analysis for Basic Measles Model Using Fuzzy Parameter,2024,Theoretical modelling,CONTEMPORARY MATHEMATICS,TRUE,N10,,FALSE,0
10.1155/2024/8997302,10.1155/2024/8997302,Fractional-Order Epidemic Model for Measles Infection.,2024,Theoretical modelling,Scientifica,TRUE,,,FALSE,0
10.1097/inf.0000000000004487,10.1097/INF.0000000000004487,Impact of the COVID-19 Pandemic on Measles Vaccination Coverage and Estimated Catch-up Efforts for Serbia.,2024,Vaccination programming,The Pediatric infectious disease journal,FALSE,,,FALSE,0
10.1136/bmjopen-2024-089764,10.1136/bmjopen-2024-089764,Machine learning algorithms for prediction of measles one vaccination dropout among 12-23 months children in Ethiopia.,2024,Vaccination programming,BMJ open,FALSE,,,FALSE,0
10.1142/s0218339024500323,10.1142/S0218339024500323,MATHEMATICAL MODEL OF MEASLES IN TURKEY,2024,Population/transmission dynamics,JOURNAL OF BIOLOGICAL SYSTEMS,FALSE,,,FALSE,0
10.1007/s11538-024-01305-0 we - science citation index expanded (sci-expanded),10.1007/s11538-024-01305-0     WE  - Science Citation Index Expanded (SCI-EXPANDED),Measles Infection Dose Responses: Insights from Mathematical Modeling,2024,Population/transmission dynamics,BULLETIN OF MATHEMATICAL BIOLOGY,FALSE,,,FALSE,0
10.1016/j.matcom.2024.03.019,10.1016/j.matcom.2024.03.019,Modeling and dynamics of measles via fractional differential operator of singular and non-singular kernels,2024,Theoretical modelling,MATHEMATICS AND COMPUTERS IN SIMULATION,TRUE,N10,,FALSE,0
10.1140/epjp/s13360-024-05368-9 we - science citation index expanded (sci-expanded),10.1140/epjp/s13360-024-05368-9     WE  - Science Citation Index Expanded (SCI-EXPANDED),"Modeling, analyzing and simulating the Measles transmission dynamics through efficient computational optimal control technique",2024,Population/transmission dynamics,EUROPEAN PHYSICAL JOURNAL PLUS,FALSE,,,FALSE,0
10.1016/j.heliyon.2024.e33594 we - science citation index expanded (sci-expanded),10.1016/j.heliyon.2024.e33594     WE  - Science Citation Index Expanded (SCI-EXPANDED),Modelling and stability analysis of the dynamics of measles with application to Ethiopian data,2024,Theoretical modelling,HELIYON,TRUE,N10,,FALSE,0
10.1088/1402-4896/ad51b0 we - science citation index expanded (sci-expanded),10.1088/1402-4896/ad51b0     WE  - Science Citation Index Expanded (SCI-EXPANDED),Modelling the transmission behavior of measles disease considering contaminated environment through a fractal-fractional Mittag-Leffler kernel,2024,Theoretical modelling,PHYSICA SCRIPTA,TRUE,N10,,FALSE,0
10.1007/s40808-024-02120-1,10.1007/s40808-024-02120-1,Modelling transmission dynamics of measles: the effect of treatment failure in complicated cases,2024,Population/transmission dynamics,MODELING EARTH SYSTEMS AND ENVIRONMENT,TRUE,N10; N14,,FALSE,0
10.32604/cmes.2023.028773,10.32604/cmes.2023.028773,Novel Investigation of Stochastic Fractional Differential Equations Measles Model via the White Noise and Global Derivative Operator Depending on Mittag-Leffler Kernel,2024,Theoretical modelling,CMES-COMPUTER MODELING IN ENGINEERING & SCIENCES,TRUE,,,FALSE,0
10.3934/publichealth.2024032,10.3934/publichealth.2024032,On mathematical modelling of measles disease via collocation approach.,2024,Theoretical modelling,AIMS public health,TRUE,,,FALSE,0
10.1016/j.vaccine.2024.126289,10.1016/j.vaccine.2024.126289,Prediction of measles cases in US counties: A machine learning approach.,2024,Theoretical modelling,Vaccine,TRUE,,,FALSE,0
10.1007/s12597-024-00848-z,10.1007/s12597-024-00848-z,Sensitivity stability and feasibility analysis of epidemic measles using mathematical SEIR model,2024,Theoretical modelling,OPSEARCH,TRUE,N10,,FALSE,0
10.7717/peerj.18155,10.7717/peerj.18155,"Spatio-temporal modeling of co-dynamics of smallpox, measles, and pertussis in pre-healthcare Finland.",2024,Population/transmission dynamics,PeerJ,FALSE,,,FALSE,0
"title:statistical models for outbreak detection of measles in north cotabato, philippines",,"Statistical Models for Outbreak Detection of Measles in North Cotabato, Philippines",2024,Population/transmission dynamics,MINDANAO JOURNAL OF SCIENCE AND TECHNOLOGY,FALSE,,,FALSE,0
10.3390/vaccines12111210,10.3390/vaccines12111210,The Health and Economic Benefits of United States Investments in Measles and Rubella Control and Elimination.,2024,Health economics,Vaccines,FALSE,,,FALSE,0
10.1111/sapm.12670,10.1111/sapm.12670,Unveiling measles transmission dynamics: Insights from a stochastic model with nonlinear incidence,2024,Theoretical modelling,STUDIES IN APPLIED MATHEMATICS,TRUE,,,FALSE,0
10.1007/s13721-025-00699-8,10.1007/s13721-025-00699-8,A new fractional order measles disease model and mathematical analysis,2025,Theoretical modelling,NETWORK MODELING ANALYSIS IN HEALTH INFORMATICS AND BIOINFORMATICS,TRUE,,,FALSE,0
10.28919/cmbn/8987,10.28919/cmbn/8987,ANALYSIS OF THE STABILITY OF A MATHEMATICAL MODEL FOR MEASLES,2025,Theoretical modelling,COMMUNICATIONS IN MATHEMATICAL BIOLOGY AND NEUROSCIENCE,TRUE,N10,,FALSE,0
10.22124/jmm.2024.28379.2514,10.22124/jmm.2024.28379.2514,Analytical investigation of fractional SEIRVQD measles mathematical model,2025,Theoretical modelling,JOURNAL OF MATHEMATICAL MODELING,TRUE,,,FALSE,0
10.1038/s41598-025-97318-3,10.1038/s41598-025-97318-3,Analyzing measles spread through a Markovian SEIR model,2025,Theoretical modelling,Sci Rep,TRUE,,,FALSE,0
10.1007/s10441-025-09507-2,10.1007/s10441-025-09507-2,Assessing the Impact of Routine and Campaign Vaccination on Measles Transmission: A Modeling Study,2025,Vaccination programming,Acta Biotheor,TRUE,N06; N10; N11; N13; N16,,FALSE,0
10.1371/journal.pgph.0003906,10.1371/journal.pgph.0003906,Comparing and integrating human mobility data sources for measles transmission modeling in Zambia,2025,Population/transmission dynamics,PLOS Glob Public Health,FALSE,,,FALSE,0
10.1038/s41598-025-15253-9,10.1038/s41598-025-15253-9,Deterministic and fractional-order modeling of measles dynamics with harmonic mean incidence rate and quarantine impact,2025,Population/transmission dynamics,Sci Rep,TRUE,N10,,FALSE,0
10.1007/s40435-025-01861-w,10.1007/s40435-025-01861-w,Effect of vaccination to control measles epidemic in light of economic progression,2025,Population/transmission dynamics,INTERNATIONAL JOURNAL OF DYNAMICS AND CONTROL,TRUE,N10; N16,,FALSE,0
10.1016/j.mbs.2025.109479,10.1016/j.mbs.2025.109479,Estimation of time-varying recovery and death rates from epidemiological data: A new approach,2025,Theoretical modelling,Math Biosci,TRUE,,,FALSE,0
10.1038/s41598-025-10678-8,10.1038/s41598-025-10678-8,Factors determining the overlap between recipients of the first and second dose of measles vaccine in nineteen surveys,2025,Vaccination programming,Sci Rep,FALSE,,,FALSE,0
10.1371/journal.pmed.1004764,10.1371/journal.pmed.1004764,Financial risk protection from vaccines in 52 Gavi-eligible low- and middle-income countries: A modeling study,2025,Health economics,PLoS Med,FALSE,,lmic,FALSE,0
10.1155/cplx/7367545,10.1155/cplx/7367545,Fractional Age-Structured Modeling of Measles: Application of Inverse Methods,2025,Theoretical modelling,COMPLEXITY,TRUE,N06; N10,,FALSE,0
10.1016/s2468-2667(25)00039-8,10.1016/S2468-2667(25)00039-8,Health impact and economic evaluation of the Expanded Program on Immunization in China from 1974 to 2024: a modelling study,2025,Health economics,Lancet Public Health,FALSE,,,FALSE,0
10.1142/s1793524525500469,10.1142/S1793524525500469,"Measles transmission dynamics and optimal control in Guangdong, China",2025,Population/transmission dynamics,INTERNATIONAL JOURNAL OF BIOMATHEMATICS,TRUE,N10,,FALSE,0
10.1016/j.vaccine.2025.126840,10.1016/j.vaccine.2025.126840,Microarray patches likely to reduce the operational costs of immunization: A Monte Carlo simulation study,2025,Vaccination programming,Vaccine,FALSE,,,FALSE,0
10.1007/s40435-025-01824-1,10.1007/s40435-025-01824-1,Modeling and analysis of measles epidemic model with memory effect,2025,Theoretical modelling,INTERNATIONAL JOURNAL OF DYNAMICS AND CONTROL,TRUE,N10; N11,,FALSE,0
10.1001/jamahealthforum.2025.3992,10.1001/jamahealthforum.2025.3992,Modeling the Impact of MMR Vaccination Strategies on Measles Outbreaks in Texas,2025,Vaccination programming,JAMA Health Forum,FALSE,,,FALSE,0
10.1017/s0950268825100745,10.1017/S0950268825100745,Modeling the Influences of Climate Conditions on Measles Transmission in China - ERRATUM,2025,Population/transmission dynamics,Epidemiol Infect,FALSE,,,FALSE,0
10.1080/17513758.2025.2479448,10.1080/17513758.2025.2479448,Modelling measles transmission dynamics and the impact of control strategies on outbreak Management,2025,Population/transmission dynamics,J Biol Dyn,TRUE,N06; N07; N10; N13,,FALSE,0
`,`,Numerical and Statistical Sensitivity Analysis of Deterministic and Stochastic SVEITR Model for Measles Infection,2025,Theoretical modelling,EUROPEAN JOURNAL OF PURE AND APPLIED MATHEMATICS,TRUE,,,FALSE,0
10.1016/j.vaccine.2025.127277,10.1016/j.vaccine.2025.127277,Prediction of subnational-level vaccination coverage estimates using routine surveillance data and survey data,2025,Vaccination programming,Vaccine,FALSE,,lmic,FALSE,0
10.3390/healthcare13182364,10.3390/healthcare13182364,Spatio-Temporal Modelling and Forecasting of the Prolonged Measles Outbreak in Romania: Insights and Challenges,2025,Population/transmission dynamics,Healthcare (Basel),FALSE,,,FALSE,0
10.1016/j.vaccine.2024.126500,10.1016/j.vaccine.2024.126500,Multi-level determinants of timely routine childhood vaccinations in The Gambia: Findings from a nationwide analysis.,2025,Vaccination programming,Vaccine,FALSE,,,FALSE,0
10.1177/00333549241249672,10.1177/00333549241249672,"Cost-Effectiveness Analysis of Routine Outreach and Catch-Up Campaign Strategies for Measles, Mumps, and Rubella Vaccination in Chuuk, Federated States of Micronesia.",2025,Health economics,"Public health reports (Washington, D.C. : 1974)",FALSE,,,FALSE,0
10.5890/jand.2026.03.014,10.5890/JAND.2026.03.014,A Mathematical Study on Measles Disease in Pakistan,2026,Population/transmission dynamics,JOURNAL OF APPLIED NONLINEAR DYNAMICS,TRUE,N06,south_asia,FALSE,0
10.36922/ijocta025390160,10.36922/IJOCTA025390160,Fractional dynamics and cost-effective control strategies for measles transmission,2026,Population/transmission dynamics,INTERNATIONAL JOURNAL OF OPTIMIZATION AND CONTROL-THEORIES & APPLICATIONS-IJOCTA,TRUE,N10; N16,,FALSE,0
10.1016/j.chaos.2025.117703,10.1016/j.chaos.2025.117703,Measles disease spread and control via vaccination and treatment: A mathematical framework,2026,Vaccination programming,CHAOS SOLITONS & FRACTALS,FALSE,,,FALSE,0
10.1016/j.ijid.2025.108240,10.1016/j.ijid.2025.108240,Projected increase in risk of large measles outbreaks in The Netherlands as susceptible children enter secondary school in 2025/26,2026,Population/transmission dynamics,Int J Infect Dis,FALSE,,,FALSE,0
10.1155/jom/5704852,10.1155/jom/5704852,Understanding Measles Contagion: A Fractional-Order Model With Stability and Sensitivity Insights,2026,Theoretical modelling,JOURNAL OF MATHEMATICS,TRUE,N10,,FALSE,0
10.1016/j.idm.2025.12.014,10.1016/j.idm.2025.12.014,A coupled disease-misinformation model of measles transmission in the Canadian context,2026,Population/transmission dynamics,Infect Dis Model,FALSE,,,FALSE,0
